{
    "rq": 58,
    "make": "Aston Martin",
    "model": "V12 Vanquish",
    "modelYear": 2001,
    "country": "GB",
    "topSpeed": 190,
    "0to60": 4.8,
    "handling": 79,
    "driveType": "RWD",
    "tyreType": "Performance",
    "tags": [
        "Silver Screen","Grand Tourer","OG"
    ],
    "isPrize": false,
    "weight": 1835,
    "gc": "Low",
    "seatCount": 4,
    "bodyStyle": "Coupe",
    "tcs": true,
    "abs": true,
    "enginePos": "Front",
    "fuelType": "Petrol",
    "mra": 79.34,
    "ola": 87.5,
    "description": "You do not want this car to suddenly appear behind you with 4 missiles loaded on the grille.",
    "card": "https://media.discordapp.net/attachments/819199720249360384/821140375367450635/AstonMartinV12Vanquish.png",
    "333TopSpeed": 193,
    "3330to60": 4.6,
    "333Handling": 82,
    "666TopSpeed": 195,
    "6660to60": 4.3,
    "666Handling": 84,
    "996TopSpeed": 198,
    "9960to60": 4.1,
    "996Handling": 84,
    "969TopSpeed": 198,
    "9690to60": 4.3,
    "969Handling": 88,
    "699TopSpeed": 195,
    "6990to60": 4.1,
    "699Handling": 88,
    "racehud": "https://cdn.discordapp.com/attachments/1077293403668234340/1094938765040037950/Vanqiush.png",
    "creator": "Havvy"
}