{
    "rq": 69,
    "make": "Aston Martin",
    "model": "DBS",
    "modelYear": 2007,
    "country": "GB",
    "topSpeed": 191,
    "0to60": 4.2,
    "handling": 86,
    "driveType": "RWD",
    "tyreType": "Performance",
    "tags": [
        "Silver Screen", "Grand Tourer"
    ],
    "isPrize": false,
    "weight": 1695,
    "gc": "Low",
    "seatCount": 4,
    "bodyStyle": "Coupe",
    "tcs": true,
    "abs": true,
    "enginePos": "Front",
    "fuelType": "Petrol",
    "mra": 84.49,
    "ola": 85.14,
    "description": "V12 Monster seen in Casino Royale.",
    "card": "https://media.discordapp.net/attachments/819199720249360384/824020706622570557/AstonMartinDBSV12.png",
    "333TopSpeed": 194,
    "3330to60": 4.0,
    "333Handling": 89,
    "666TopSpeed": 196,
    "6660to60": 3.8,
    "666Handling": 92,
    "996TopSpeed": 199,
    "9960to60": 3.6,
    "996Handling": 92,
    "969TopSpeed": 199,
    "9690to60": 3.8,
    "969Handling": 95,
    "699TopSpeed": 196,
    "6990to60": 3.6,
    "699Handling": 95,
    "racehud": "https://media.discordapp.net/attachments/995376525119586356/1017526001594552461/Aston_Martin_DBS_2007.png",
    "creator": "Havvy"
}