{
    "rq": 1,
    "make": ["Abarth","Fiat"],
    "model": "500 Carozzeria Zagato",
    "modelYear": 1957,
    "country": "IT",
    "topSpeed": 71,
    "0to60": 40.4,
    "handling": 57,
    "driveType": "RWD",
    "tyreType": "Standard",
    "tags": ["Unique"],
    "isPrize": true,
    "weight": 465,
    "gc": "Low",
    "seatCount": 2,
    "bodyStyle": "Coupe",
    "tcs": false,
    "abs": false,
    "enginePos": "Rear",
    "fuelType": "Petrol",
    "mra": 0,
    "ola": 37.13,
    "description": "A refined redesigned 500 by Zagato.",
    "card": "https://media.discordapp.net/attachments/819199720249360384/823589168499392532/500Z.png",
    "333TopSpeed": 78,
    "3330to60": 38.4,
    "333Handling": 59,
    "666TopSpeed": 86,
    "6660to60": 36.4,
    "666Handling": 61,
    "996TopSpeed": 93,
    "9960to60": 34.3,
    "996Handling": 61,
    "969TopSpeed": 93,
    "9690to60": 36.4,
    "969Handling": 63,
    "699TopSpeed": 86,
    "6990to60": 34.3,
    "699Handling": 63,
    "racehud": "https://media.discordapp.net/attachments/995376525119586356/997647334257197062/abarth500CZ.png",
    "creator": "Bnuuy"
}