{
    "rq": 36,
    "make": "Alfa Romeo",
    "model": "164 3.0 V6 Lusso",
    "modelYear": 1990,
    "country": "IT",
    "topSpeed": 141,
    "0to60": 8.3,
    "handling": 70,
    "driveType": "FWD",
    "tyreType": "Standard",
    "tags": [
        "The Tyrol Tour"
    ],
    "isPrize": false,
    "weight": 1510,
    "gc": "Medium",
    "seatCount": 5,
    "bodyStyle": "Sedan",
    "tcs": false,
    "abs": true,
    "enginePos": "Front",
    "fuelType": "Petrol",
    "mra": 64.71,
    "ola": 84.95,
    "description": "An intelligent, cheap big car choice. Card by Andu",
    "card": "https://media.discordapp.net/attachments/819199720249360384/859044661259141130/16430L.png",
    "333TopSpeed": 145,
    "3330to60": 7.9,
    "333Handling": 72,
    "666TopSpeed": 148,
    "6660to60": 7.5,
    "666Handling": 75,
    "996TopSpeed": 152,
    "9960to60": 7.1,
    "996Handling": 75,
    "969TopSpeed": 152,
    "9690to60": 7.5,
    "969Handling": 78,
    "699TopSpeed": 148,
    "6990to60": 7.1,
    "699Handling": 78,
    "racehud": "https://media.discordapp.net/attachments/995376525119586356/1043850504876347442/164L.png",
    "creator": "Andu"
}
