{
    "rq": 59,
    "make": "Aston Martin",
    "model": "DB7 Zagato",
    "modelYear": 2003,
    "country": "GB",
    "topSpeed": 190,
    "0to60": 4.9,
    "handling": 80,
    "driveType": "RWD",
    "tyreType": "Performance",
    "tags": ["The Royal Collection","Sleeper","Servers Choice"],
    "isPrize": false,
    "weight": 1740,
    "gc": "Low",
    "seatCount": 2,
    "bodyStyle": "Coupe",
    "tcs": false,
    "abs": true,
    "enginePos": "Front",
    "fuelType": "Petrol",
    "mra": 98,
    "ola": 77.55,
    "description": "One of the cheapest Aston Martin x Zagato cars available.",
    "card": "https://media.discordapp.net/attachments/819199720249360384/855243249941479444/db7zagato.png",
    "333TopSpeed": 193,
    "3330to60": 4.7,
    "333Handling": 83,
    "666TopSpeed": 195,
    "6660to60": 4.4,
    "666Handling": 85,
    "996TopSpeed": 198,
    "9960to60": 4.2,
    "996Handling": 85,
    "969TopSpeed": 198,
    "9690to60": 4.4,
    "969Handling": 89,
    "699TopSpeed": 195,
    "6990to60": 4.2,
    "699Handling": 89,
    "racehud": "https://media.discordapp.net/attachments/995376525119586356/995819006676172910/DB7Zagato.png",
    "creator": "Bnuuy"
}