{
    "rq": 68,
    "make": "Aston Martin",
    "model": "Rapide S",
    "modelYear": 2015,
    "country": "GB",
    "topSpeed": 203,
    "0to60": 4.3,
    "handling": 86,
    "driveType": "RWD",
    "tyreType": "Performance",
    "tags": ["The Royal Collection","Super Sedan"],
    "isPrize": false,
    "weight": 1990,
    "gc": "Low",
    "seatCount": 5,
    "bodyStyle": "Sedan",
    "tcs": true,
    "abs": true,
    "enginePos": "Front",
    "fuelType": "Petrol",
    "mra": 87.76,
    "ola": 93.02,
    "description": "None.",
    "card": "https://media.discordapp.net/attachments/819199720249360384/849757537803829258/rapideS15.png",
    "333TopSpeed": 206,
    "3330to60": 4.1,
    "333Handling": 89,
    "666TopSpeed": 208,
    "6660to60": 3.9,
    "666Handling": 92,
    "996TopSpeed": 211,
    "9960to60": 3.7,
    "996Handling": 92,
    "969TopSpeed": 211,
    "9690to60": 3.9,
    "969Handling": 95,
    "699TopSpeed": 208,
    "6990to60": 3.7,
    "699Handling": 95,
    "racehud": "https://media.discordapp.net/attachments/995376525119586356/995979763376210041/RapideS15.png",
    "creator": "Bnuuy"
}