{
    "rq": 74,
    "make": "Alfa Romeo",
    "model": "Stelvio 2.0T Veloce Q4",
    "modelYear": 2019,
    "country": "IT",
    "topSpeed": 143,
    "0to60": 5.6,
    "handling": 80,
    "driveType": "4WD",
    "tyreType": "All-Surface",
    "tags": ["OG"],
    "isPrize": false,
    "weight": 1660,
    "gc": "High",
    "seatCount": 5,
    "bodyStyle": "SUV",
    "tcs": true,
    "abs": true,
    "enginePos": "Front",
    "fuelType": "Petrol",
    "mra": 61.2,
    "ola": 71.67,
    "description": "Alfa dipping its toes in the SUV world.",
    "card": "https://cdn.discordapp.com/attachments/1077292374608326656/1132990413276446780/Alfa_Romeo_Stelvio_2.0T_Veloce_Q4_2019.png",
"333TopSpeed": 148,
"3330to60": 5.3,
"333Handling": 83,

"666TopSpeed": 151,
"6660to60": 5,
"666Handling": 85,

"699TopSpeed": 151,
"6990to60": 4.8,
"699Handling": 89,

"969TopSpeed": 155,
"9690to60": 5,
"969Handling": 89,

"996TopSpeed": 155,
"9960to60": 4.8,
"996Handling": 85,
    "racehud": "https://cdn.discordapp.com/attachments/1077293403668234340/1132990390459433012/Alfa_Romeo_Stelvio_2.0T_Veloce_Q4_2019.png",
    "creator": "Crossfire"
}