{
    "rq": 52,
    "make": "Aston Martin",
    "model": "DB7 Vantage",
    "modelYear": 1999,
    "country": "GB",
    "topSpeed": 180,
    "0to60": 5.1,
    "handling": 78,
    "driveType": "RWD",
    "tyreType": "Performance",
    "tags": ["The Royal Collection","Grand Tourer", "Year of the Rabbit"],
    "isPrize": false,
    "weight": 1780,
    "gc": "Low",
    "seatCount": 4,
    "bodyStyle": "Coupe",
    "tcs": false,
    "abs": true,
    "enginePos": "Front",
    "fuelType": "Petrol",
    "mra": 73.91,
    "ola": 94.12,
    "description": "None.",
    "card": "https://media.discordapp.net/attachments/819199720249360384/855242972458909736/db7vantage.png",
    "333TopSpeed": 183,
    "3330to60": 4.8,
    "333Handling": 81,
    "666TopSpeed": 186,
    "6660to60": 4.6,
    "666Handling": 83,
    "996TopSpeed": 189,
    "9960to60": 4.3,
    "996Handling": 83,
    "969TopSpeed": 189,
    "9690to60": 4.6,
    "969Handling": 87,
    "699TopSpeed": 186,
    "6990to60": 4.3,
    "699Handling": 87,
    "racehud": "https://media.discordapp.net/attachments/995376525119586356/995979209010856018/db7vantage.png",
    "creator": "Bnuuy"
}