{
    "rq": 78,
    "make": "Aston Martin",
    "model": "Vanquish Zagato Concept",
    "modelYear": 2016,
    "country": "GB",
    "topSpeed": 201,
    "0to60": 3.5,
    "handling": 88,
    "driveType": "RWD",
    "tyreType": "Performance",
    "tags": ["Unique","Grand Tourer","Concept","Ultra Expensive","OG","Visionary Road"],
    "isPrize": false,
	
    "weight": 1765,
    "gc": "Low",
    "seatCount": 4,
    "bodyStyle": "Coupe",
    "tcs": true,
    "abs": true,
    "enginePos": "Front",
    "fuelType": "Petrol",
    "mra": 83.33,
    "ola": 94.85,
    "description": "",
    "card": "https://cdn.discordapp.com/attachments/1077292374608326656/1088069500756299876/AMVanquishZagConcept.png",
	"racehud": "https://cdn.discordapp.com/attachments/1077293403668234340/1088071057921032232/AMVanquishZagconcept.png",
    "creator": "Bnuuy",

"333TopSpeed": 204,
"3330to60": 3.3,
"333Handling": 91,

"666TopSpeed": 206,
"6660to60": 3.1,
"666Handling": 94,

"699TopSpeed": 206,
"6990to60": 3,
"699Handling": 98,

"969TopSpeed": 209,
"9690to60": 3.1,
"969Handling": 98,

"996TopSpeed": 209,
"9960to60": 3,
"996Handling": 94
}