{
    "rq": 77,
    "make": "Alfa Romeo",
    "model": "8C Competizione",
    "modelYear": 2007,
    "country": "IT",
    "topSpeed": 183,
    "0to60": 4.3,
    "handling": 88,
    "driveType": "RWD",
    "tyreType": "Performance",
    "tags": [
        "Supercar",
        "Eargasm","OG"
    ],
    "isPrize": true,
    "weight": 1510,
    "gc": "Medium",
    "seatCount": 2,
    "bodyStyle": "Coupe",
    "tcs": true,
    "abs": true,
    "enginePos": "Front",
    "fuelType": "Petrol",
    "mra": 69.36,
    "ola": 82.78,
    "description": "It's an Alfa like no other, and not just because it's built by Maserati...",
    "card": "https://media.discordapp.net/attachments/819199720249360384/820717412458037268/AlfaRomeo8CCompetizione.png",
    "333TopSpeed": 186,
    "3330to60": 4.1,
    "333Handling": 91,
    "666TopSpeed": 189,
    "6660to60": 3.9,
    "666Handling": 94,
    "996TopSpeed": 192,
    "9960to60": 3.7,
    "996Handling": 94,
    "969TopSpeed": 192,
    "9690to60": 3.9,
    "969Handling": 98,
    "699TopSpeed": 189,
    "6990to60": 3.7,
    "699Handling": 98,
    "racehud": "https://media.discordapp.net/attachments/995376525119586356/1017008976937898024/8c_hud.png",
    "creator": "Havvy"
}