{
    "rq": 67,
    "make": [
        "Alpina",
        "BMW"
    ],
    "model": "B7 Bi-Turbo",
    "modelYear": 2009,
    "country": "DE",
    "topSpeed": 188,
    "0to60": 4.4,
    "handling": 77,
    "driveType": "RWD",
    "tyreType": "Performance",
    "tags": [
        "Sleeper",
        "Tuner",
        "Super Sedan"
    ],
    "isPrize": false,
    "weight": 2050,
    "gc": "Medium",
    "seatCount": 5,
    "bodyStyle": "Sedan",
    "tcs": true,
    "abs": true,
    "enginePos": "Front",
    "fuelType": "Petrol",
    "mra": 75.65,
    "ola": 82.76,
    "description": "The marque’s attempt at beating AMG at its own game. It is effectively a BMW 7-series with the dials twisted around to 11.",
    "card": "https://media.discordapp.net/attachments/819199720249360384/825459064712462396/alpinab7.png",
    "333TopSpeed": 191,
    "3330to60": 4.2,
    "333Handling": 80,
    "666TopSpeed": 194,
    "6660to60": 4.0,
    "666Handling": 82,
    "996TopSpeed": 196,
    "9960to60": 3.7,
    "996Handling": 82,
    "969TopSpeed": 196,
    "9690to60": 4.0,
    "969Handling": 85,
    "699TopSpeed": 194,
    "6990to60": 3.7,
    "699Handling": 85,
    "racehud": "https://media.discordapp.net/attachments/995376525119586356/1018234389559246888/Alpina_B7_2009.png",
    "creator": "Havvy"
}