{
    "rq": 50,
    "make": "Aston Martin",
    "model": "DB7 Vantage Volante",
    "modelYear": 1999,
    "country": "GB",
    "topSpeed": 167,
    "0to60": 5.2,
    "handling": 77,
    "driveType": "RWD",
    "tyreType": "Performance",
    "tags": ["The Royal Collection", "Year of the Rabbit"],
    "isPrize": false,
    "weight": 1860,
    "gc": "Low",
    "seatCount": 4,
    "bodyStyle": "Convertible",
    "tcs": false,
    "abs": true,
    "enginePos": "Front",
    "fuelType": "Petrol",
    "mra": 77.61,
    "ola": 88.46,
    "description": "None.",
    "card": "https://media.discordapp.net/attachments/819199720249360384/855243054743158814/db7volantevantage.png",
    "333TopSpeed": 170,
    "3330to60": 4.9,
    "333Handling": 80,
    "666TopSpeed": 173,
    "6660to60": 4.7,
    "666Handling": 82,
    "996TopSpeed": 176,
    "9960to60": 4.4,
    "996Handling": 82,
    "969TopSpeed": 176,
    "9690to60": 4.7,
    "969Handling": 85,
    "699TopSpeed": 173,
    "6990to60": 4.4,
    "699Handling": 85,
    "racehud": "https://media.discordapp.net/attachments/995376525119586356/995979278120402955/db7vantagecolante.png",
    "creator": "Bnuuy"
}