{
    "rq": 38,
    "make": "Acura",
    "model": "Legend LS",
    "modelYear": 1991,
    "country": "US",
    "topSpeed": 134,
    "0to60": 7.7,
    "handling": 70,
    "driveType": "FWD",
    "tyreType": "Standard",
    "tags": [],
    "isPrize": false,
    "weight": 1567,
    "gc": "Medium",
    "seatCount": 5,
    "bodyStyle": "Sedan",
    "tcs": false,
    "abs": true,
    "enginePos": "Front",
    "fuelType": "Petrol",
    "mra": 57.59,
    "ola": 72.73,
    "description": "A Legend. Literally.",
    "card": "https://media.discordapp.net/attachments/819199720249360384/819903456466829322/Acura_Legend_LS.png",
    "333TopSpeed": 138,
    "3330to60": 7.3,
    "333Handling": 72,
    "666TopSpeed": 142,
    "6660to60": 6.9,
    "666Handling": 75,
    "996TopSpeed": 146,
    "9960to60": 6.5,
    "996Handling": 75,
    "969TopSpeed": 146,
    "9690to60": 6.9,
    "969Handling": 78,
    "699TopSpeed": 142,
    "6990to60": 6.5,
    "699Handling": 78,
    "racehud": "https://cdn.discordapp.com/attachments/1077293403668234340/1094932110999031850/AcuraLegendLS91.png",
    "creator": "Based"
}