{
    "rq": 89,
    "make": [
        "Alpina",
        "BMW"
    ],
    "model": "B7 Bi-Turbo",
    "modelYear": 2020,
    "country": "DE",
    "topSpeed": 205,
    "0to60": 3.2,
    "handling": 85,
    "driveType": "4WD",
    "tyreType": "Performance",
    "tags": [
        "Tuner",
        "Super Sedan"
    ],
    "isPrize": false,
    "weight": 2207,
    "gc": "Medium",
    "seatCount": 5,
    "bodyStyle": "Sedan",
    "tcs": true,
    "abs": true,
    "enginePos": "Front",
    "fuelType": "Petrol",
    "mra": 76.19,
    "ola": 82.35,
    "description": "When there are city bumps on a test bowl.",
    "card": "https://media.discordapp.net/attachments/819199720249360384/819421060323606579/2020_Alpina_B7_BiTurbo.png",
    "333TopSpeed": 208,
    "3330to60": 3.0,
    "333Handling": 88,
    "666TopSpeed": 210,
    "6660to60": 2.9,
    "666Handling": 91,
    "996TopSpeed": 213,
    "9960to60": 2.7,
    "996Handling": 91,
    "969TopSpeed": 213,
    "9690to60": 2.9,
    "969Handling": 94,
    "699TopSpeed": 210,
    "6990to60": 2.7,
    "699Handling": 94,
    "racehud": "https://media.discordapp.net/attachments/995376525119586356/1017479906667528253/Alpina_B7_2020.png",
    "creator": "DodgeDemon"
}