{
    "rq": 66,
    "make": "Aston Martin",
    "model": "Virage",
    "modelYear": 2011,
    "country": "GB",
    "topSpeed": 186,
    "0to60": 4.4,
    "handling": 85,
    "driveType": "RWD",
    "tyreType": "Performance",
    "tags": ["Grand Tourer","The Royal Collection", "Year of the Rabbit"],
    "isPrize": false,
    "weight": 1770,
    "gc": "Low",
    "seatCount": 4,
    "bodyStyle": "Coupe",
    "tcs": true,
    "abs": true,
    "enginePos": "Front",
    "fuelType": "Petrol",
    "mra": 78.57,
    "ola": 81.82,
    "description": "None.",
    "card": "https://media.discordapp.net/attachments/819199720249360384/849757665793409074/Virage.png",
    "333TopSpeed": 189,
    "3330to60": 4.2,
    "333Handling": 88,
    "666TopSpeed": 192,
    "6660to60": 4.0,
    "666Handling": 91,
    "996TopSpeed": 194,
    "9960to60": 3.7,
    "996Handling": 91,
    "969TopSpeed": 194,
    "9690to60": 4.0,
    "969Handling": 94,
    "699TopSpeed": 192,
    "6990to60": 3.7,
    "699Handling": 94,
    "racehud": "https://media.discordapp.net/attachments/995376525119586356/995979965927542844/virage11.png",
    "creator": "Bnuuy"
}