{
    "rq": 62,
    "make": "Aston Martin",
    "model": "Rapide S",
    "modelYear": 2013,
    "country": "GB",
    "topSpeed": 190,
    "0to60": 4.8,
    "handling": 85,
    "driveType": "RWD",
    "tyreType": "Performance",
    "tags": ["The Royal Collection","Super Sedan"],
    "isPrize": false,
    "weight": 1990,
    "gc": "Low",
    "seatCount": 5,
    "bodyStyle": "Sedan",
    "tcs": true,
    "abs": true,
    "enginePos": "Front",
    "fuelType": "Petrol",
    "mra": 82.76,
    "ola": 83.33,
    "description": "None.",
    "card": "https://media.discordapp.net/attachments/819199720249360384/844537590149414952/RapideSNeww.png",
    "333TopSpeed": 193,
    "3330to60": 4.6,
    "333Handling": 88,
    "666TopSpeed": 195,
    "6660to60": 4.3,
    "666Handling": 91,
    "996TopSpeed": 198,
    "9960to60": 4.1,
    "996Handling": 91,
    "969TopSpeed": 198,
    "9690to60": 4.3,
    "969Handling": 94,
    "699TopSpeed": 195,
    "6990to60": 4.1,
    "699Handling": 94,
    "racehud": "https://media.discordapp.net/attachments/995376525119586356/995977941802553344/RapideS13.png",
    "creator": "Bnuuy"
}