{
    "rq": 62,
    "make": "Acura",
    "model": "NSX",
    "modelYear": 1991,
    "country": "US",
    "topSpeed": 162,
    "0to60": 5.2,
    "handling": 82,
    "driveType": "RWD",
    "tyreType": "Performance",
    "tags": ["Street Racer","Innovative","Style Icon","OG"],
    "isPrize": false,
    "weight": 1365,
    "gc": "Medium",
    "seatCount": 2,
    "bodyStyle": "Coupe",
    "tcs": true,
    "abs": true,
    "enginePos": "Middle",
    "fuelType": "Petrol",
    "mra": 69.33,
    "ola": 73.08,
    "description": "A Ferrari killer that never really got its supercar status.",
    "card": "https://media.discordapp.net/attachments/819199720249360384/820738123880726548/B.AcuraNSX.png",
    "333TopSpeed": 165,
    "3330to60": 4.9,
    "333Handling": 85,
    "666TopSpeed": 168,
    "6660to60": 4.7,
    "666Handling": 87,
    "996TopSpeed": 172,
    "9960to60": 4.4,
    "996Handling": 87,
    "969TopSpeed": 172,
    "9690to60": 4.7,
    "969Handling": 91,
    "699TopSpeed": 168,
    "6990to60": 4.4,
    "699Handling": 91,
    "racehud": "https://media.discordapp.net/attachments/995376525119586356/995764787260686406/ACuransx.png",
    "creator": "Connor"
}