{
    "rq": 34,
    "make": [
        "Abarth",
        "Fiat"
    ],
    "model": "500 esseesse",
    "modelYear": 2009,
    "country": "IT",
    "topSpeed": 131,
    "0to60": 7.2,
    "handling": 77,
    "driveType": "FWD",
    "tyreType": "Performance",
    "tags": [
        "Hot Hatch",
        "Street Racer"
    ],
    "isPrize": false,
    "weight": 1035,
    "gc": "Low",
    "seatCount": 4,
    "bodyStyle": "Hatchback",
    "tcs": true,
    "abs": true,
    "enginePos": "Front",
    "fuelType": "Petrol",
    "mra": 53.96,
    "ola": 69.93,
    "description": "This car differs from the normal Abarth 500 by having 17-inch alloy wheels, 205/40-section tyres, cross-drilled disc brakes, stiffer springs, a new engine ECU and a performance air filter along with some Essesse badges. Also an overly complicated name.",
    "card": "https://media.discordapp.net/attachments/819199720249360384/838354132166639626/Abarth500ss.png",
    "333TopSpeed": 135,
    "3330to60": 6.8,
    "333Handling": 80,
    "666TopSpeed": 139,
    "6660to60": 6.5,
    "666Handling": 82,
    "996TopSpeed": 143,
    "9960to60": 6.1,
    "996Handling": 82,
    "969TopSpeed": 143,
    "9690to60": 6.5,
    "969Handling": 85,
    "699TopSpeed": 139,
    "6990to60": 6.1,
    "699Handling": 85,
    "racehud": "https://cdn.discordapp.com/attachments/1077293403668234340/1094930028061524040/abarth500ssmodern.png",
    "creator": "Havvy"
}