{
    "rq": 83,
    "make": "Aston Martin",
    "model": "DB7 V12 GT Prototype Racecar",
    "modelYear": 2004,
    "country": "GB",
    "topSpeed": 194,
    "0to60": 3.6,
    "handling": 95,
    "driveType": "RWD",
    "tyreType": "Slick",
    "tags": ["The Royal Collection","Ultra Expensive","Unique","Track Day","Concept"],
    "isPrize": true,
    "weight": 1300,
    "gc": "Low",
    "seatCount": 1,
    "bodyStyle": "Coupe",
    "tcs": true,
    "abs": true,
    "enginePos": "Front",
    "fuelType": "Petrol",
    "mra": 116.13,
    "ola": 72.22,
    "description": "The ultimate DB7.",
    "card": "https://media.discordapp.net/attachments/819199720249360384/855243373207224320/db7protoracecar.png",
    "333TopSpeed": 197,
    "3330to60": 3.4,
    "333Handling": 98,
    "666TopSpeed": 199,
    "6660to60": 3.2,
    "666Handling": 101,
    "996TopSpeed": 202,
    "9960to60": 3.1,
    "996Handling": 101,
    "969TopSpeed": 202,
    "9690to60": 3.2,
    "969Handling": 105,
    "699TopSpeed": 199,
    "6990to60": 3.1,
    "699Handling": 105,
    "racehud": "https://media.discordapp.net/attachments/995376525119586356/997563601625808916/DB7V12Racecar.png",
    "creator": "Bnuuy"
}