{
    "rq": 33,
    "make": "Aston Martin",
    "model": "Virage",
    "modelYear": 1989,
    "country": "GB",
    "topSpeed": 145,
    "0to60": 7.4,
    "handling": 72,
    "driveType": "RWD",
    "tyreType": "Performance",
    "tags": [
        "Grand Tourer"
    ],
    "isPrize": false,
    "weight": 1790,
    "gc": "Medium",
    "seatCount": 4,
    "bodyStyle": "Coupe",
    "tcs": false,
    "abs": false,
    "enginePos": "Front",
    "fuelType": "Petrol",
    "mra": 67.89,
    "ola": 90.32,
    "description": "Technologically outdated, yet still attracts rich people for its statement.",
    "card": "https://media.discordapp.net/attachments/819199720249360384/819384006780256296/virage.png",
    "333TopSpeed": 149,
    "3330to60": 7,
    "333Handling": 74,
    "666TopSpeed": 152,
    "6660to60": 6.7,
    "666Handling": 77,
    "996TopSpeed": 156,
    "9960to60": 6.3,
    "996Handling": 77,
    "969TopSpeed": 156,
    "9690to60": 6.7,
    "969Handling": 80,
    "699TopSpeed": 152,
    "6990to60": 6.3,
    "699Handling": 80,
    "racehud": "https://media.discordapp.net/attachments/995376525119586356/1003658036897923082/virage.jpg",
    "creator": "Keanny"
}