{
    "rq": 52,
    "make": [
        "Alpina",
        "BMW"
    ],
    "model": "B8 4.6",
    "modelYear": 1995,
    "country": "DE",
    "topSpeed": 173,
    "0to60": 5.4,
    "handling": 80,
    "driveType": "RWD",
    "tyreType": "Performance",
    "tags": [
        "Tuner",
        "Sleeper",
        "Super Sedan"
    ],
    "isPrize": false,
    "weight": 1552,
    "gc": "Low",
    "seatCount": 4,
    "bodyStyle": "Sedan",
    "tcs": true,
    "abs": true,
    "enginePos": "Front",
    "fuelType": "Petrol",
    "mra": 75,
    "ola": 77.78,
    "description": "When Alpina put a 4.6l V8 in an E36.",
    "card": "https://media.discordapp.net/attachments/819199720249360384/828970075851587614/unknown.png",
    "333TopSpeed": 176,
    "3330to60": 5.1,
    "333Handling": 83,
    "666TopSpeed": 179,
    "6660to60": 4.9,
    "666Handling": 85,
    "996TopSpeed": 182,
    "9960to60": 4.6,
    "996Handling": 85,
    "969TopSpeed": 182,
    "9690to60": 4.9,
    "969Handling": 89,
    "699TopSpeed": 179,
    "6990to60": 4.6,
    "699Handling": 89,
    "racehud": "https://media.discordapp.net/attachments/995376525119586356/1017025765478498364/Alpina_B8_Sedan.png",
    "creator": "Havvy"
}