{
    "rq": 61,
    "make": "Aston Martin",
    "model": "Virage Volante",
    "modelYear": 2011,
    "country": "GB",
    "topSpeed": 183,
    "0to60": 4.7,
    "handling": 83,
    "driveType": "RWD",
    "tyreType": "Performance",
    "tags": ["The Royal Collection", "Year of the Rabbit"],
    "isPrize": false,
    "weight": 1890,
    "gc": "Low",
    "seatCount": 4,
    "bodyStyle": "Convertible",
    "tcs": true,
    "abs": true,
    "enginePos": "Front",
    "fuelType": "Petrol",
    "mra": 78.33,
    "ola": 89.36,
    "description": "None.",
    "card": "https://media.discordapp.net/attachments/819199720249360384/849757723913617448/viragevolante.png",
    "333TopSpeed": 186,
    "3330to60": 4.5,
    "333Handling": 86,
    "666TopSpeed": 189,
    "6660to60": 4.2,
    "666Handling": 88,
    "996TopSpeed": 192,
    "9960to60": 4.0,
    "996Handling": 88,
    "969TopSpeed": 192,
    "9690to60": 4.2,
    "969Handling": 92,
    "699TopSpeed": 189,
    "6990to60": 4.0,
    "699Handling": 92,
    "racehud": "https://media.discordapp.net/attachments/995376525119586356/995980071535902720/viragevolante.png",
    "creator": "Bnuuy"
}