{
    "rq": 56,
    "make": "Alfa Romeo",
    "model": "Giulia 2.0T Q2",
    "modelYear": 2016,
    "country": "IT",
    "topSpeed": 146,
    "0to60": 5.3,
    "handling": 77,
    "driveType": "RWD",
    "tyreType": "Standard",
    "tags": ["OG"],
    "isPrize": false,
    "weight": 1649,
    "gc": "Low",
    "seatCount": 5,
    "bodyStyle": "Sedan",
    "tcs": true,
    "abs": true,
    "enginePos": "Front",
    "fuelType": "Petrol",
    "mra": 62.35,
    "ola": 75.47,
    "description": "The car that bounced Alfa back to the top of the sedan game.",
    "card": "https://media.discordapp.net/attachments/819199720249360384/819389825903886386/alfa_romeo_giulia_2.0t_q2.png",
    "333TopSpeed": 150,
    "3330to60": 5,
    "333Handling": 80,
    "666TopSpeed": 153,
    "6660to60": 4.8,
    "666Handling": 82,
    "996TopSpeed": 157,
    "9960to60": 4.5,
    "996Handling": 82,
    "969TopSpeed": 157,
    "9690to60": 4.8,
    "969Handling": 85,
    "699TopSpeed": 153,
    "6990to60": 4.5,
    "699Handling": 85,
    "racehud": "https://media.discordapp.net/attachments/995376525119586356/1003655814805983352/giulia_q2.jpg",
    "creator": "Keanny"
}