{
    "rq": 28,
    "make": ["Abarth","Fiat"],
    "model": "500C",
    "modelYear": 2010,
    "country": "IT",
    "topSpeed": 127,
    "0to60": 7.9,
    "handling": 74,
    "driveType": "FWD",
    "tyreType": "Performance",
    "tags": ["Hot Hatch"],
    "isPrize": false,
    "weight": 1075,
    "gc": "Low",
    "seatCount": 4,
    "bodyStyle": "Convertible",
    "tcs": true,
    "abs": true,
    "enginePos": "Front",
    "fuelType": "Petrol",
    "mra": 51.63,
    "ola": 65.82,
    "description": "Abarth's spicy 500 gets a sardine-tin style retracting fabric roof.",
    "card": "https://media.discordapp.net/attachments/819199720249360384/838350023346749460/unknown.png",
    "333TopSpeed": 131,
    "3330to60": 7.5,
    "333Handling": 76,
    "666TopSpeed": 135,
    "6660to60": 7.1,
    "666Handling": 79,
    "996TopSpeed": 139,
    "9960to60": 6.7,
    "996Handling": 79,
    "969TopSpeed": 139,
    "9690to60": 7.1,
    "969Handling": 82,
    "699TopSpeed": 135,
    "6990to60": 6.7,
    "699Handling": 82,
    "racehud": "https://media.discordapp.net/attachments/995376525119586356/1023526139987238922/Abarth_500C.png",
    "creator": "Havvy"
}