{
    "rq": 44,
    "make": "Acura",
    "model": "MDX",
    "modelYear": 2001,
    "country": "US",
    "topSpeed": 119,
    "0to60": 8.0,
    "handling": 67,
    "driveType": "4WD",
    "tyreType": "All-Surface",
    "tags": [],
    "isPrize": false,
    "weight": 1965,
    "gc": "High",
    "seatCount": 5,
    "bodyStyle": "SUV",
    "tcs": true,
    "abs": true,
    "enginePos": "Front",
    "fuelType": "Petrol",
    "mra": 47.34,
    "ola": 82.5,
    "description": "The american MDX.",
    "card": "https://media.discordapp.net/attachments/819199720249360384/819658974068211742/acuramdx.png",
    "333TopSpeed": 123,
    "3330to60": 7.6,
    "333Handling": 69,
    "666TopSpeed": 128,
    "6660to60": 7.2,
    "666Handling": 71,
    "996TopSpeed": 132,
    "9960to60": 6.8,
    "996Handling": 71,
    "969TopSpeed": 132,
    "9690to60": 7.2,
    "969Handling": 74,
    "699TopSpeed": 128,
    "6990to60": 6.8,
    "699Handling": 74,
    "racehud": "https://media.discordapp.net/attachments/995376525119586356/995819971542274079/acuramdx.png",
    "creator": "Bnuuy"
}