{
    "rq": 54,
    "make": "Acura",
    "model": "TLX SH-AWD A-Spec",
    "modelYear": 2021,
    "country": "US",
    "topSpeed": 131,
    "0to60": 6.5,
    "handling": 77,
    "driveType": "4WD",
    "tyreType": "Standard",
    "tags": [],
    "isPrize": false,
    "weight": 1800,
    "gc": "Medium",
    "seatCount": 5,
    "bodyStyle": "Sedan",
    "tcs": true,
    "abs": true,
    "enginePos": "Front",
    "fuelType": "Petrol",
    "mra": 73.86,
    "ola": 70.77,
    "description": "'TLX is good now lads.'",
    "card": "https://media.discordapp.net/attachments/819199720249360384/847706807589797908/TLX_SH-AWD_A-Spec_21.png",
    "333TopSpeed": 135,
    "3330to60": 6.2,
    "333Handling": 80,
    "666TopSpeed": 139,
    "6660to60": 5.9,
    "666Handling": 82,
    "996TopSpeed": 143,
    "9960to60": 5.5,
    "996Handling": 82,
    "969TopSpeed": 143,
    "9690to60": 5.9,
    "969Handling": 85,
    "699TopSpeed": 139,
    "6990to60": 5.5,
    "699Handling": 85,
    "racehud": "https://cdn.discordapp.com/attachments/1077293403668234340/1094937745903861880/AcuraTLXThing.png",
    "creator": "Macan"
}