{
    "rq": 36,
    "make": "Abarth",
    "model": "695 Tributo Ferrari",
    "modelYear": 2010,
    "country": "IT",
    "topSpeed": 140,
    "0to60": 6.9,
    "handling": 77,
    "driveType": "FWD",
    "tyreType": "Performance",
    "tags": [
        "Hot Hatch",
        "Street Racer"
    ],
    "isPrize": true,
    "weight": 1070,
    "gc": "Low",
    "seatCount": 4,
    "bodyStyle": "Hatchback",
    "tcs": true,
    "abs": true,
    "enginePos": "Front",
    "fuelType": "Petrol",
    "mra": 61.06,
    "ola": 86.96,
    "description": "The special edition Abarth-fettled 695 Tributo Ferrari has been on a diet of automotive steroids to pay homage to the legendary stable of Prancing Horses.",
    "card": "https://media.discordapp.net/attachments/819199720249360384/840552628030406656/omgferrari.png",
    "333TopSpeed": 144,
    "3330to60": 6.6,
    "333Handling": 80,
    "666TopSpeed": 147,
    "6660to60": 6.2,
    "666Handling": 82,
    "969TopSpeed": 151,
    "9690to60": 6.2,
    "969Handling": 85,
    "996TopSpeed": 151,
    "9960to60": 5.9,
    "996Handling": 82,
    "699TopSpeed": 147,
    "6990to60": 5.9,
    "699Handling": 85,
    "racehud": "https://media.discordapp.net/attachments/995376525119586356/1024382092676706374/Abarth_695_Ferrars.png",
    "creator": "Havvy"
}