{
    "rq": 46,
    "make": "Acura",
    "model": "Integra Type R",
    "modelYear": 1997,
    "country": "US",
    "topSpeed": 143,
    "0to60": 6.6,
    "handling": 79,
    "driveType": "FWD",
    "tyreType": "Performance",
    "tags": [
        "Street Racer","OG"
    ],
    "isPrize": false,
    "weight": 1170,
    "gc": "Medium",
    "seatCount": 4,
    "bodyStyle": "Coupe",
    "tcs": false,
    "abs": true,
    "enginePos": "Front",
    "fuelType": "Petrol",
    "mra": 58.41,
    "ola": 72.74,
    "description": "A V-Tech Engine now with less weight and more power.",
    "card": "https://media.discordapp.net/attachments/819199720249360384/824425388704530442/integraTR.png",
    "333TopSpeed": 147,
    "3330to60": 6.3,
    "333Handling": 82,
    "666TopSpeed": 150,
    "6660to60": 5.9,
    "666Handling": 84,
    "996TopSpeed": 154,
    "9960to60": 5.6,
    "996Handling": 84,
    "969TopSpeed": 154,
    "9690to60": 5.9,
    "969Handling": 88,
    "699TopSpeed": 150,
    "6990to60": 5.6,
    "699Handling": 88,
    "racehud": "https://cdn.discordapp.com/attachments/1077293403668234340/1094931488606257222/AcuraIntegraTypR.png",
    "creator": "Andu"
}