{
    "rq": 52,
    "make": "Alfa Romeo",
    "model": "156 GTA",
    "modelYear": 2002,
    "country": "IT",
    "topSpeed": 155,
    "0to60": 6.2,
    "handling": 81,
    "driveType": "FWD",
    "tyreType": "Performance",
    "tags": [],
    "isPrize": false,
    "weight": 1410,
    "gc": "Low",
    "seatCount": 5,
    "bodyStyle": "Sedan",
    "tcs": true,
    "abs": true,
    "enginePos": "Front",
    "fuelType": "Petrol",
    "mra": 70.61,
    "ola": 87.57,
    "description": "Launched at the Frankfurt Motor Show in 2001 and introduced in May 2002, the GTA dropped the manufacturer’s sonorous 3.2-litre V6 behind the 156’s V-shaped grille, deploying 247bhp to the front wheels.",
    "card": "https://media.discordapp.net/attachments/819199720249360384/829009473715568690/AlfaRomeo156GTA.png",
    "333TopSpeed": 158,
    "3330to60": 5.9,
    "333Handling": 84,
    "666TopSpeed": 162,
    "6660to60": 5.6,
    "666Handling": 86,
    "996TopSpeed": 165,
    "9960to60": 5.3,
    "996Handling": 86,
    "969TopSpeed": 165,
    "9690to60": 5.6,
    "969Handling": 90,
    "699TopSpeed": 162,
    "6990to60": 5.3,
    "699Handling": 90,
    "racehud": "https://cdn.discordapp.com/attachments/1077293403668234340/1094935772836147220/Alfa156GTA.png",
    "creator": "Havvy"
}