{
    "rq": 78,
    "make": "Ascari",
    "model": "KZ1",
    "modelYear": 2003,
    "country": "GB",
    "topSpeed": 200,
    "0to60": 3.9,
    "handling": 92,
    "driveType": "RWD",
    "tyreType": "Performance",
    "tags": [
        "The Royal Collection",
        "Unique",
        "Supercar"
    ],
    "isPrize": false,
    "weight": 1250,
    "gc": "Low",
    "seatCount": 2,
    "bodyStyle": "Coupe",
    "tcs": false,
    "abs": true,
    "enginePos": "Middle",
    "fuelType": "Petrol",
    "mra": 91.02,
    "ola": 88.31,
    "description": "None.",
    "card": "https://media.discordapp.net/attachments/819199720249360384/850353887184552017/CD_Ascari_KZ1.png",
    "333TopSpeed": 203,
    "3330to60": 3.7,
    "333Handling": 95,
    "666TopSpeed": 205,
    "6660to60": 3.5,
    "666Handling": 98,
    "996TopSpeed": 208,
    "9960to60": 3.3,
    "996Handling": 98,
    "969TopSpeed": 208,
    "9690to60": 3.5,
    "969Handling": 102,
    "699TopSpeed": 205,
    "6990to60": 3.3,
    "699Handling": 102,
    "racehud": "https://media.discordapp.net/attachments/995376525119586356/1016344837731135610/Ascari_KZ1.png",
    "creator": "Exist"
}