{
    "rq": 72,
    "make": ["Alpina","BMW"],
    "model": "B4 Bi-Turbo Cabrio",
    "modelYear": 2014,
    "country": "DE",
    "topSpeed": 187,
    "0to60": 4.3,
    "handling": 83,
    "driveType": "RWD",
    "tyreType": "Performance",
    "tags": ["Street Racer","Tuner","Sleeper"],
    "isPrize": false,
    "weight": 1840,
    "gc": "Medium",
    "seatCount": 4,
    "bodyStyle": "Convertible",
    "tcs": true,
    "abs": true,
    "enginePos": "Front",
    "fuelType": "Petrol",
    "mra": 81.13,
    "ola": 88.37,
    "description": "Drop Top, Open Road.",
    "card": "https://media.discordapp.net/attachments/819199720249360384/851226641723031563/alpinab4bitubro.png",
    "333TopSpeed": 190,
    "3330to60": 4.1,
    "333Handling": 86,
    "666TopSpeed": 193,
    "6660to60": 3.9,
    "666Handling": 88,
    "996TopSpeed": 195,
    "9960to60": 3.7,
    "996Handling": 88,
    "969TopSpeed": 195,
    "9690to60": 3.9,
    "969Handling": 92,
    "699TopSpeed": 193,
    "6990to60": 3.7,
    "699Handling": 92,
    "racehud": "https://media.discordapp.net/attachments/995376525119586356/995820399155744930/B4Biturbocab.png",
    "creator": "Bnuuy"
}