{
    "rq": 6,
    "make": "Aston Martin",
    "model": "2-Litre Sports (DB1)",
    "modelYear": 1948,
    "country": "GB",
    "topSpeed": 93,
    "0to60": 17.8,
    "handling": 54,
    "driveType": "RWD",
    "tyreType": "Standard",
    "tags": ["Innovative","The Royal Collection","Unique","Ultra Expensive"],
    "isPrize": false,
    "weight": 1143,
    "gc": "Medium",
    "seatCount": 2,
    "bodyStyle": "Convertible",
    "tcs": false,
    "abs": false,
    "enginePos": "Front",
    "fuelType": "Petrol",
    "mra": 11.11,
    "ola": 63.22,
    "description": "None.",
    "card": "https://media.discordapp.net/attachments/819199720249360384/852108658145230908/AstonDB1.png",
    "333TopSpeed": 99,
    "3330to60": 16.9,
    "333Handling": 56,
    "666TopSpeed": 104,
    "6660to60": 16.0,
    "666Handling": 58,
    "996TopSpeed": 110,
    "9960to60": 15.1,
    "996Handling": 58,
    "969TopSpeed": 110,
    "9690to60": 16.0,
    "969Handling": 60,
    "699TopSpeed": 104,
    "6990to60": 15.1,
    "699Handling": 60,
    "racehud": "https://media.discordapp.net/attachments/995376525119586356/995978671888289843/db1.png",
    "creator": "Bnuuy"
}