{
    "rq": 31,
    "make": "AMC",
    "model": "Javelin SST",
    "modelYear": 1968,
    "country": "US",
    "topSpeed": 117,
    "0to60": 6.9,
    "handling": 61,
    "driveType": "RWD",
    "tyreType": "Performance",
    "tags": ["Muscle Car"],
    "isPrize": false,
    "weight": 1286,
    "gc": "Medium",
    "seatCount": 4,
    "bodyStyle": "Coupe",
    "tcs": false,
    "abs": false,
    "enginePos": "Front",
    "fuelType": "Petrol",
    "mra": 64.49,
    "ola": 78.26,
    "description": "Johnny’s dad says hi.",
    "card": "https://media.discordapp.net/attachments/819199720249360384/819535315957186581/AMC-Javelin-SST.png",
    "333TopSpeed": 121,
    "3330to60": 6.6,
    "333Handling": 63,
    "666TopSpeed": 126,
    "6660to60": 6.2,
    "666Handling": 65,
    "996TopSpeed": 130,
    "9960to60": 5.9,
    "996Handling": 65,
    "969TopSpeed": 130,
    "9690to60": 6.2,
    "969Handling": 68,
    "699TopSpeed": 126,
    "6990to60": 5.9,
    "699Handling": 68,
    "racehud": "https://media.discordapp.net/attachments/995376525119586356/995858687753203823/AMC-Javelin-SST.png",
    "creator": "Johnny"
}