{
    "rq": 59,
    "make": "Ariel",
    "model": "Atom",
    "modelYear": 2000,
    "country": "GB",
    "topSpeed": 115,
    "0to60": 5.2,
    "handling": 91,
    "driveType": "RWD",
    "tyreType": "Performance",
    "tags": ["Track Day","The Royal Collection"],
    "isPrize": true,
    "weight": 456,
    "gc": "Low",
    "seatCount": 2,
    "bodyStyle": "Open Air",
    "tcs": false,
    "abs": false,
    "enginePos": "Front",
    "fuelType": "Petrol",
    "mra": 47.27,
    "ola": 73.08,
    "description": "If you think that a 120 hp Rover engine will not do this car's justice, you will be dead wrong.",
    "card": "https://media.discordapp.net/attachments/819199720249360384/848792251488665610/image0.png",
    "333TopSpeed": 120,
    "3330to60": 4.9,
    "333Handling": 94,
    "666TopSpeed": 124,
    "6660to60": 4.7,
    "666Handling": 97,
    "996TopSpeed": 129,
    "9960to60": 4.4,
    "996Handling": 97,
    "969TopSpeed": 129,
    "9690to60": 4.7,
    "969Handling": 101,
    "699TopSpeed": 124,
    "6990to60": 4.4,
    "699Handling": 101,
    "racehud": "https://media.discordapp.net/attachments/995376525119586356/996109893411016856/ArielAtom.png",
    "creator": "Spence"
}