{
    "rq": 75,
    "make": "Alfa Romeo",
    "model": "Giulia Quadrifoglio",
    "modelYear": 2016,
    "country": "IT",
    "topSpeed": 191,
    "0to60": 3.8,
    "handling": 89,
    "driveType": "RWD",
    "tyreType": "Performance",
    "tags": [
        "Silver Screen",
        "Super Sedan","OG"
    ],
    "isPrize": false,
    "weight": 1430,
    "gc": "Low",
    "seatCount": 5,
    "bodyStyle": "Sedan",
    "tcs": true,
    "abs": true,
    "enginePos": "Front",
    "fuelType": "Petrol",
    "mra": 81.26,
    "ola": 88.81,
    "description": "A truly great Italian super saloon.",
    "card": "https://media.discordapp.net/attachments/819199720249360384/820768210029641768/AlfaRomeoGiuliaQuadrifoglio.png",
    "333TopSpeed": 194,
    "3330to60": 3.6,
    "333Handling": 92,
    "666TopSpeed": 196,
    "6660to60": 3.4,
    "666Handling": 95,
    "996TopSpeed": 199,
    "9960to60": 3.2,
    "996Handling": 95,
    "969TopSpeed": 199,
    "9690to60": 3.4,
    "969Handling": 99,
    "699TopSpeed": 196,
    "6990to60": 3.2,
    "699Handling": 99,
    "racehud": "https://media.discordapp.net/attachments/995376525119586356/1017164937400954942/Alfa_Romeo_Giulia_Quadrifoglio.png",
    "creator": "Havvy"
}