{
    "rq": 29,
    "make": "Aston Martin",
    "model": "DB5",
    "modelYear": 1963,
    "country": "GB",
    "topSpeed": 149,
    "0to60": 8.0,
    "handling": 68,
    "driveType": "RWD",
    "tyreType": "Performance",
    "tags": [
        "The Royal Collection",
        "Silver Screen",
        "Grand Tourer", "Year of the Rabbit"
    ],
    "isPrize": false,
    "weight": 1502,
    "gc": "Medium",
    "seatCount": 4,
    "bodyStyle": "Coupe",
    "tcs": false,
    "abs": false,
    "enginePos": "Front",
    "fuelType": "Petrol",
    "mra": 60.61,
    "ola": 85,
    "description": "My nama jeff. jeff bond.",
    "card": "https://media.discordapp.net/attachments/819199720249360384/840449541966397470/image0.jpg",
    "333TopSpeed": 152,
    "3330to60": 7.6,
    "333Handling": 70,
    "666TopSpeed": 156,
    "6660to60": 7.2,
    "666Handling": 72,
    "996TopSpeed": 159,
    "9960to60": 6.8,
    "996Handling": 72,
    "969TopSpeed": 159,
    "9690to60": 7.2,
    "969Handling": 75,
    "699TopSpeed": 156,
    "6990to60": 6.8,
    "699Handling": 75,
    "racehud": "https://media.discordapp.net/attachments/995376525119586356/1023523864589914122/Aston_Martin_DB5.png",
    "creator": "Spence"
}