{
    "rq": 57,
    "make": "Aston Martin",
    "model": "DB AR1",
    "modelYear": 2003,
    "country": "GB",
    "topSpeed": 185,
    "0to60": 4.9,
    "handling": 79,
    "driveType": "RWD",
    "tyreType": "Performance",
    "tags": ["The Royal Collection","Sleeper", "Unique"],
    "isPrize": false,
    "weight": 1858,
    "gc": "Low",
    "seatCount": 2,
    "bodyStyle": "Open Air",
    "tcs": false,
    "abs": true,
    "enginePos": "Front",
    "fuelType": "Petrol",
    "mra": 98,
    "ola": 77.55,
    "description": "The Americans were not allowed the DB7 Zagato, so they got the DBAR1 instead (DB American Roadster 1).",
    "card": "https://media.discordapp.net/attachments/819199720249360384/855243303137050684/DBAR1.png",
    "333TopSpeed": 188,
    "3330to60": 4.7,
    "333Handling": 82,
    "666TopSpeed": 191,
    "6660to60": 4.4,
    "666Handling": 84,
    "996TopSpeed": 193,
    "9960to60": 4.2,
    "996Handling": 84,
    "969TopSpeed": 193,
    "9690to60": 4.4,
    "969Handling": 88,
    "699TopSpeed": 191,
    "6990to60": 4.2,
    "699Handling": 88,
    "racehud": "https://media.discordapp.net/attachments/995376525119586356/995819254349844551/dbar1.png",
    "creator": "Bnuuy"
}