{
    "rq": 61,
    "make": "Aston Martin",
    "model": "V8 Vantage",
    "modelYear": 2005,
    "country": "GB",
    "topSpeed": 175,
    "0to60": 4.7,
    "handling": 84,
    "driveType": "RWD",
    "tyreType": "Performance",
    "tags": [
        "Grand Tourer"
    ],
    "isPrize": false,
    "weight": 1630,
    "gc": "Low",
    "seatCount": 2,
    "bodyStyle": "Coupe",
    "tcs": true,
    "abs": true,
    "enginePos": "Front",
    "fuelType": "Petrol",
    "mra": 65.42,
    "ola": 81.43,
    "description": "The most successful Aston Martin model ever, until a bigger challenger approached.",
    "card": "https://media.discordapp.net/attachments/819199720249360384/820964145603280906/v8_vantage.png",
    "333TopSpeed": 178,
    "3330to60": 4.5,
    "333Handling": 87,
    "666TopSpeed": 181,
    "6660to60": 4.2,
    "666Handling": 90,
    "996TopSpeed": 184,
    "9960to60": 4,
    "996Handling": 90,
    "969TopSpeed": 184,
    "9690to60": 4.2,
    "969Handling": 93,
    "699TopSpeed": 181,
    "6990to60": 4,
    "699Handling": 93,
    "racehud": "https://media.discordapp.net/attachments/995376525119586356/1003292266951090208/v8_vantage.jpg",
    "creator": "Keanny"
}