{
    "rq": 31,
    "make": "Alfa Romeo",
    "model": "147 2.0 TwinSpark",
    "modelYear": 2000,
    "country": "IT",
    "topSpeed": 126,
    "0to60": 8.8,
    "handling": 75,
    "driveType": "FWD",
    "tyreType": "Standard",
    "tags": [],
    "isPrize": false,
    "weight": 1225,
    "gc": "Low",
    "seatCount": 5,
    "bodyStyle": "Hatchback",
    "tcs": true,
    "abs": true,
    "enginePos": "Front",
    "fuelType": "Petrol",
    "mra": 54.66,
    "ola": 79.23,
    "description": "With over 20 awards won, this car is really favored by the general public. Looks like no one payed attention to the reliability department.",
    "card": "https://media.discordapp.net/attachments/819199720249360384/837239339079303168/alfa_romeo_147_2.0_ts.png",
    "333TopSpeed": 130,
    "3330to60": 8.4,
    "333Handling": 77,
    "666TopSpeed": 134,
    "6660to60": 7.9,
    "666Handling": 80,
    "996TopSpeed": 138,
    "9960to60": 7.5,
    "996Handling": 80,
    "969TopSpeed": 138,
    "9690to60": 7.9,
    "969Handling": 83,
    "699TopSpeed": 134,
    "6990to60": 7.5,
    "699Handling": 83,
    "racehud": "https://media.discordapp.net/attachments/995376525119586356/1003255278730493972/147_2.0.jpg",
    "creator": "Keanny"
}