{
    "rq": 45,
    "make": "Abarth",
    "model": "695 Biposto",
    "modelYear": 2014,
    "country": "IT",
    "topSpeed": 143,
    "0to60": 6,
    "handling": 80,
    "driveType": "FWD",
    "tyreType": "Performance",
    "tags": [
        "Track Day"
    ],
    "isPrize": false,
    "weight": 997,
    "gc": "Low",
    "seatCount": 2,
    "bodyStyle": "Hatchback",
    "tcs": true,
    "abs": true,
    "enginePos": "Front",
    "fuelType": "Petrol",
    "mra": 55.87,
    "ola": 90.76,
    "description": "Delivers searing performance on track but feels rather compromised on the road.",
    "card": "https://media.discordapp.net/attachments/819199720249360384/828960437172174868/unknown.png",
    "333TopSpeed": 147,
    "3330to60": 5.7,
    "333Handling": 83,
    "666TopSpeed": 150,
    "6660to60": 5.4,
    "666Handling": 85,
    "996TopSpeed": 154,
    "9960to60": 5.1,
    "996Handling": 85,
    "969TopSpeed": 154,
    "9690to60": 5.4,
    "969Handling": 89,
    "699TopSpeed": 150,
    "6990to60": 5.1,
    "699Handling": 89,
    "racehud": "https://cdn.discordapp.com/attachments/1077293403668234340/1094930613137580042/abarth695bipolicmodern.png",
    "creator": "Havvy"
}