{
    "rq": 2,
    "make": ["Abarth","Fiat"],
    "model": "595 Esseesse",
    "modelYear": 1963,
    "country": "IT",
    "topSpeed": 74,
    "0to60": 28.3,
    "handling": 62,
    "driveType": "RWD",
    "tyreType": "Standard",
    "tags": ["Style Icon", "Year of the Rabbit"],
    "isPrize": false,
    "weight": 570,
    "gc": "Low",
    "seatCount": 2,
    "bodyStyle": "Hatchback",
    "tcs": false,
    "abs": false,
    "enginePos": "Rear",
    "fuelType": "Petrol",
    "mra": 0,
    "ola": 51.16,
    "description": "The original essesse, or esese, or I don't even know how to spell.",
    "card": "https://media.discordapp.net/attachments/819199720249360384/823589250737635348/595SS.png",
    "333TopSpeed": 81,
    "3330to60": 26.9,
    "333Handling": 64,
    "666TopSpeed": 88,
    "6660to60": 25.5,
    "666Handling": 66,
    "996TopSpeed": 95,
    "9960to60": 24.1,
    "996Handling": 66,
    "969TopSpeed": 95,
    "9690to60": 25.5,
    "969Handling": 69,
    "699TopSpeed": 88,
    "6990to60": 24.1,
    "699Handling": 69,
    "racehud": "https://media.discordapp.net/attachments/995376525119586356/997534783250903040/abarth595old.png",
    "creator": "Bnuuy"
}