{
    "rq": 46,
    "make": ["Abarth","Fiat"],
    "model": "500 Assetto Corse",
    "modelYear": 2008,
    "country": "IT",
    "topSpeed": 137,
    "0to60": 6.1,
    "handling": 80,
    "driveType": "FWD",
    "tyreType": "Performance",
    "tags": ["Track Day","Hot Hatch"],
    "isPrize": true,
    "weight": 930,
    "gc": "Low",
    "seatCount": 2,
    "bodyStyle": "Hatchback",
    "tcs": true,
    "abs": true,
    "enginePos": "Front",
    "fuelType": "Petrol",
    "mra": 87.14,
    "ola": 88.52,
    "description": "the ultimate trackday 500.",
    "card": "https://media.discordapp.net/attachments/819199720249360384/844629785857753098/500AssCorse.png",
    "333TopSpeed": 141,
    "3330to60": 5.8,
    "333Handling": 83,
    "666TopSpeed": 145,
    "6660to60": 5.5,
    "666Handling": 85,
    "996TopSpeed": 148,
    "9960to60": 5.2,
    "996Handling": 85,
    "969TopSpeed": 148,
    "9690to60": 5.5,
    "969Handling": 89,
    "699TopSpeed": 145,
    "6990to60": 5.2,
    "699Handling": 89,
    "racehud": "https://media.discordapp.net/attachments/995376525119586356/996030170286805082/abarth500AC.png",
    "creator": "Bnuuy"
}