{
    "rq": 58,
    "make": "Aston Martin",
    "model": "DBR1",
    "modelYear": 1956,
    "country": "GB",
    "topSpeed": 179,
    "0to60": 4.2,
    "handling": 70,
    "driveType": "RWD",
    "tyreType": "Performance",
    "tags": ["Unique","Ultra Expensive","Motorsport"],
    "isPrize": false,
    "weight": 801,
    "gc": "Low",
    "seatCount": 2,
    "bodyStyle": "Open Air",
    "tcs": false,
    "abs": false,
    "enginePos": "Front",
    "fuelType": "Petrol",
    "mra": 60,
    "ola": 80.95,
    "description": "The only Aston Martin to win at Le Mans.",
    "card": "https://cdn.discordapp.com/attachments/1077292374608326656/1081568550176690316/1DBR1.png",
    "333TopSpeed": 182,
    "3330to60": 4.0,
    "333Handling": 72,
    "666TopSpeed": 185,
    "6660to60": 3.8,
    "666Handling": 75,
    "996TopSpeed": 188,
    "9960to60": 3.6,
    "996Handling": 75,
    "969TopSpeed": 188,
    "9690to60": 3.8,
    "969Handling": 78,
    "699TopSpeed": 185,
    "6990to60": 3.6,
    "699Handling": 78,
    "racehud": "https://cdn.discordapp.com/attachments/1077293403668234340/1081568891060367450/DBR1.png",
    "creator": "Bnuuy"
}