{
    "rq": 100,
    "make": ["AMS Performance","Nissan"],
    "model": "Alpha Omega GT-R",
    "modelYear": 2015,
    "country": "US",
    "topSpeed": 287,
    "0to60": 1.6,
    "handling": 30,
    "driveType": "4WD",
    "tyreType": "Drag",
    "tags": ["Oddity","Tuner","Street Racer","Track Day"],
    "isPrize": true,
    "weight": 1652,
    "gc": "Low",
    "seatCount": 2,
    "bodyStyle": "Coupe",
    "tcs": true,
    "abs": true,
    "enginePos": "Front",
    "fuelType": "Petrol",
    "mra": 133.33,
    "ola": 82.22,
    "description": "The AWD Beast thats better than Chirons, wait hol up theres a 3200hp Version??",
    "card": "https://cdn.discordapp.com/attachments/1077292374608326656/1101947669737394206/OmegaGTR15.png",
"333TopSpeed": 289,
"3330to60": 1.5,
"333Handling": 31,

"666TopSpeed": 291,
"6660to60": 1.4,
"666Handling": 32,

"699TopSpeed": 291,
"6990to60": 1.4,
"699Handling": 33,

"969TopSpeed": 292,
"9690to60": 1.4,
"969Handling": 33,

"996TopSpeed": 292,
"9960to60": 1.4,
"996Handling": 32,
    "racehud": "https://media.discordapp.net/attachments/995376525119586356/995804917656719410/AMSAlphaOmegaGTR.png",
    "creator": "Bnuuy"
}