{
    "rq": 76,
    "make": "Aston Martin",
    "model": "Vanquish",
    "modelYear": 2014,
    "country": "GB",
    "topSpeed": 201,
    "0to60": 3.6,
    "handling": 87,
    "driveType": "RWD",
    "tyreType": "Performance",
    "tags": ["Grand Tourer","OG","Oceanic View"],
    "isPrize": false,
    "weight": 1739,
    "gc": "Low",
    "seatCount": 2,
    "bodyStyle": "Coupe",
    "tcs": true,
    "abs": true,
    "enginePos": "Front",
    "fuelType": "Petrol",
    "mra": 76.6,
    "ola": 94.44,
    "description": "Announced in August 2014, the 2015MY Vanquish may look virtually the same as the previous model year but under the carbon coachwork the changes are most significant.  Quoted top speed rose to 201 mph and the 0 to 60 acceleration times dropped to just 3.6 seconds mostly due to a final drive ratio of 2.73:1.",
    "card": "https://media.discordapp.net/attachments/819199720249360384/850309307278426132/vanquish14.png",
    "333TopSpeed": 204,
    "3330to60": 3.4,
    "333Handling": 90,
    "666TopSpeed": 206,
    "6660to60": 3.2,
    "666Handling": 93,
    "996TopSpeed": 209,
    "9960to60": 3.1,
    "996Handling": 93,
    "969TopSpeed": 209,
    "9690to60": 3.2,
    "969Handling": 97,
    "699TopSpeed": 206,
    "6990to60": 3.1,
    "699Handling": 97,
    "racehud": "https://cdn.discordapp.com/attachments/1077293403668234340/1094939421410865172/VanqiushSnow.png",
    "creator": "DodgeDemon"
}