{
    "rq": 71,
    "make": "Aston Martin",
    "model": "DB11 V8",
    "modelYear": 2017,
    "country": "GB",
    "topSpeed": 188,
    "0to60": 4.0,
    "handling": 86,
    "driveType": "RWD",
    "tyreType": "Performance",
    "tags": ["The Royal Collection","Grand Tourer"],
    "isPrize": false,
    "weight": 1705,
    "gc": "Low",
    "seatCount": 4,
    "bodyStyle": "Coupe",
    "tcs": true,
    "abs": true,
    "enginePos": "Front",
    "fuelType": "Petrol",
    "mra": 90.91,
    "ola": 90,
    "description": "If the V12 was too expensive and loud, this is the perfect car for you. Even if it does lose to a lot in its class.",
    "card": "https://media.discordapp.net/attachments/819199720249360384/852108706446835733/DB11V8New.png",
    "333TopSpeed": 191,
    "3330to60": 3.8,
    "333Handling": 89,
    "666TopSpeed": 194,
    "6660to60": 3.6,
    "666Handling": 92,
    "996TopSpeed": 196,
    "9960to60": 3.4,
    "996Handling": 92,
    "969TopSpeed": 196,
    "9690to60": 3.6,
    "969Handling": 95,
    "699TopSpeed": 194,
    "6990to60": 3.4,
    "699Handling": 95,
    "racehud": "https://media.discordapp.net/attachments/995376525119586356/995820891596390401/DB11V8.png",
    "creator": "Bnuuy"
}