{
    "rq": 82,
    "make": "Ascari",
    "model": "KZ1-R LM",
    "modelYear": 2008,
    "country": "GB",
    "topSpeed": 200,
    "0to60": 3.7,
    "handling": 96,
    "driveType": "RWD",
    "tyreType": "Performance",
    "tags": [
        "The Royal Collection",
        "Unique",
        "Track Day"
    ],
    "isPrize": false,
    "weight": 1350,
    "gc": "Low",
    "seatCount": 2,
    "bodyStyle": "Coupe",
    "tcs": false,
    "abs": true,
    "enginePos": "Middle",
    "fuelType": "Petrol",
    "mra": 86.05,
    "ola": 86.49,
    "description": "",
    "card": "https://media.discordapp.net/attachments/819199720249360384/850349946795851856/CD_Ascari_KZ1-R_LM.png",
    "333TopSpeed": 203,
    "3330to60": 3.5,
    "333Handling": 99,
    "666TopSpeed": 205,
    "6660to60": 3.3,
    "666Handling": 102,
    "996TopSpeed": 208,
    "9960to60": 3.1,
    "996Handling": 102,
    "969TopSpeed": 208,
    "9690to60": 3.3,
    "969Handling": 107,
    "699TopSpeed": 205,
    "6990to60": 3.1,
    "699Handling": 107,
    "racehud": "https://media.discordapp.net/attachments/995376525119586356/1017897507201753208/Ascari_KZ1-R_LM.png",
    "creator": "Exist"
}