{
    "rq": 72,
    "make": "Aston Martin",
    "model": "V8 Vantage V600",
    "modelYear": 1998,
    "country": "GB",
    "topSpeed": 199,
    "0to60": 4.1,
    "handling": 79,
    "driveType": "RWD",
    "tyreType": "Performance",
    "tags": ["The Royal Collection","Grand Tourer","Unique"],
    "isPrize": false,
    "weight": 2150,
    "gc": "Medium",
    "seatCount": 4,
    "bodyStyle": "Coupe",
    "tcs": false,
    "abs": true,
    "enginePos": "Front",
    "fuelType": "Petrol",
    "mra": 89.38,
    "ola": 88.88,
    "description": "",
    "card": "https://cdn.discordapp.com/attachments/1077292374608326656/1097495665707319346/V600.png",
"333TopSpeed": 202,
"3330to60": 3.9,
"333Handling": 82,

"666TopSpeed": 204,
"6660to60": 3.7,
"666Handling": 84,

"699TopSpeed": 204,
"6990to60": 3.5,
"699Handling": 88,

"969TopSpeed": 207,
"9690to60": 3.7,
"969Handling": 88,

"996TopSpeed": 207,
"9960to60": 3.5,
"996Handling": 84,
    "racehud": "https://media.discordapp.net/attachments/995376525119586356/995981502204624986/V8V60098.png",
    "creator": "Bnuuy"
}