{
    "rq": 59,
    "make": "Aston Martin",
    "model": "Rapide",
    "modelYear": 2010,
    "country": "GB",
    "topSpeed": 186,
    "0to60": 4.9,
    "handling": 83,
    "driveType": "RWD",
    "tyreType": "Performance",
    "tags": [
        "Sleeper"
    ],
    "isPrize": false,
    "weight": 1950,
    "gc": "Low",
    "seatCount": 4,
    "bodyStyle": "Sedan",
    "tcs": true,
    "abs": true,
    "enginePos": "Front",
    "fuelType": "Petrol",
    "mra": 81.32,
    "ola": 79.05,
    "description": "Luxury in action, although loses to the Panamera.",
    "card": "https://media.discordapp.net/attachments/819199720249360384/825736064513736754/AstonMartinRapide.png",
    "333TopSpeed": 189,
    "3330to60": 4.7,
    "333Handling": 86,
    "666TopSpeed": 192,
    "6660to60": 4.4,
    "666Handling": 88,
    "996TopSpeed": 194,
    "9960to60": 4.2,
    "996Handling": 88,
    "969TopSpeed": 194,
    "9690to60": 4.4,
    "969Handling": 92,
    "699TopSpeed": 192,
    "6990to60": 4.2,
    "699Handling": 92,
    "racehud": "https://cdn.discordapp.com/attachments/1077293403668234340/1094938235035201546/RApide.png",
    "creator": "Havvy"
}