{
    "rq": 72,
    "make": "Aston Martin",
    "model": "DB10",
    "modelYear": 2014,
    "country": "GB",
    "topSpeed": 197,
    "0to60": 4.2,
    "handling": 89,
    "driveType": "RWD",
    "tyreType": "Performance",
    "tags": ["Silver Screen","Ultra Expensive", "Concept", "Unique"],
    "isPrize": false,
    "weight": 1550,
    "gc": "Low",
    "seatCount": 2,
    "bodyStyle": "Coupe",
    "tcs": true,
    "abs": true,
    "enginePos": "Front",
    "fuelType": "Petrol",
    "mra": 87.5,
    "ola": 89,
    "description": "50 years of Aston Martin Bond cars.",
    "card": "https://media.discordapp.net/attachments/819199720249360384/819245984013615104/DB10.png",
    "333TopSpeed": 200,
    "3330to60": 4.0,
    "333Handling": 92,
    "666TopSpeed": 202,
    "6660to60": 3.8,
    "666Handling": 95,
    "996TopSpeed": 205,
    "9960to60": 3.6,
    "996Handling": 96,
    "969TopSpeed": 205,
    "9690to60": 3.8,
    "969Handling": 99,
    "699TopSpeed": 202,
    "6990to60": 3.6,
    "699Handling": 99,
    "racehud": "https://media.discordapp.net/attachments/995376525119586356/995376817370308658/poc.png",
    "creator": "Bnuuy"
}
