{
    "rq": 97,
    "make": ["AMS Performance","Nissan"],
    "model": "Ronin GT-R",
    "modelYear": 2015,
    "country": "US",
    "topSpeed": 225,
    "0to60": 2.5,
    "handling": 91,
    "driveType": "4WD",
    "tyreType": "Performance",
    "tags": ["Unique","Street Racer","Tuner"],
    "isPrize": true,
    "weight": 1792,
    "gc": "Low",
    "seatCount": 2,
    "bodyStyle": "Coupe",
    "tcs": true,
    "abs": true,
    "enginePos": "Front",
    "fuelType": "Petrol",
    "mra": 96.15,
    "ola": 72,
    "description": "The Ultimate AMS Performance Non-Drag GT-R.",
    "card": "https://media.discordapp.net/attachments/819199720249360384/848253488743579668/AMS_Ronin.png",
    "333TopSpeed": 227,
    "3330to60": 2.4,
    "333Handling": 94,
    "666TopSpeed": 230,
    "6660to60": 2.3,
    "666Handling": 97,
    "996TopSpeed": 232,
    "9960to60": 2.1,
    "996Handling": 97,
    "969TopSpeed": 232,
    "9690to60": 2.3,
    "969Handling": 101,
    "699TopSpeed": 230,
    "6990to60": 2.1,
    "699Handling": 101,
    "racehud": "https://media.discordapp.net/attachments/995376525119586356/995688509463613451/amsronin.png",
    "creator": "Bnuuy"
}