{
    "rq": 49,
    "make": [
        "Alpina",
        "BMW"
    ],
    "model": "B8 4.6 Cabrio",
    "modelYear": 1995,
    "country": "DE",
    "topSpeed": 170,
    "0to60": 5.6,
    "handling": 79,
    "driveType": "RWD",
    "tyreType": "Performance",
    "tags": [
        "Tuner",
        "Unique"
    ],
    "isPrize": false,
    "weight": 1650,
    "gc": "Low",
    "seatCount": 4,
    "bodyStyle": "Convertible",
    "tcs": true,
    "abs": true,
    "enginePos": "Front",
    "fuelType": "Petrol",
    "mra": 70,
    "ola": 78.57,
    "description": "Only 23 B8 4.6 Cabrios were made, as opposed to 221 sedans.",
    "card": "https://media.discordapp.net/attachments/819199720249360384/828970344772796446/unknown.png",
    "333TopSpeed": 173,
    "3330to60": 5.3,
    "333Handling": 82,
    "666TopSpeed": 176,
    "6660to60": 5.0,
    "666Handling": 84,
    "996TopSpeed": 179,
    "9960to60": 4.8,
    "996Handling": 84,
    "969TopSpeed": 179,
    "9690to60": 5.0,
    "969Handling": 88,
    "699TopSpeed": 176,
    "6990to60": 4.8,
    "699Handling": 88,
    "racehud": "https://media.discordapp.net/attachments/995376525119586356/1017025700189982730/Alpina_B8_Cabrio.png",
    "creator": "Havvy"
}