{
    "rq": 66,
    "make": "Acura",
    "model": "NSX-T",
    "modelYear": 1997,
    "country": "US",
    "topSpeed": 168,
    "0to60": 4.8,
    "handling": 82,
    "driveType": "RWD",
    "tyreType": "Performance",
    "tags": ["Street Racer"],
    "isPrize": false,
    "weight": 1400,
    "gc": "Medium",
    "seatCount": 2,
    "bodyStyle": "Convertible",
    "tcs": true,
    "abs": true,
    "enginePos": "Middle",
    "fuelType": "Petrol",
    "mra": 69.57,
    "ola": 87.5,
    "description": "An open-top NSX.",
    "card": "https://media.discordapp.net/attachments/819199720249360384/836948277869805578/A.AcuraNSXT.png",
    "333TopSpeed": 171,
    "3330to60": 4.6,
    "333Handling": 85,
    "666TopSpeed": 174,
    "6660to60": 4.3,
    "666Handling": 87,
    "996TopSpeed": 177,
    "9960to60": 4.1,
    "996Handling": 87,
    "969TopSpeed": 177,
    "9690to60": 4.3,
    "969Handling": 91,
    "699TopSpeed": 174,
    "6990to60": 4.1,
    "699Handling": 91,
    "racehud": "https://media.discordapp.net/attachments/995376525119586356/995764410138234951/acuransxt.png",
    "creator": "Connor"
}