{
    "rq": 35,
    "make": "Alfa Romeo",
    "model": "164 Q4",
    "modelYear": 1993,
    "country": "IT",
    "topSpeed": 148,
    "0to60": 7.7,
    "handling": 70,
    "driveType": "4WD",
    "tyreType": "Performance",
    "tags": [
        "The Tyrol Tour"
    ],
    "isPrize": false,
    "weight": 1680,
    "gc": "Medium",
    "seatCount": 5,
    "bodyStyle": "Sedan",
    "tcs": false,
    "abs": true,
    "enginePos": "Front",
    "fuelType": "Petrol",
    "mra": 66.96,
    "ola": 77.92,
    "description": "Rare, special, and excellent to drive. Card by Andu",
    "card": "https://media.discordapp.net/attachments/819199720249360384/859044705639858207/164Q4.png",
    "333TopSpeed": 152,
    "3330to60": 7.3,
    "333Handling": 72,
    "666TopSpeed": 155,
    "6660to60": 6.9,
    "666Handling": 75,
    "996TopSpeed": 159,
    "9960to60": 6.5,
    "996Handling": 75,
    "969TopSpeed": 159,
    "9690to60": 6.9,
    "969Handling": 78,
    "699TopSpeed": 155,
    "6990to60": 6.5,
    "699Handling": 78,
    "racehud": "https://media.discordapp.net/attachments/995376525119586356/1043852099693314138/164Q4.png",
    "creator": "Andu"
}
