{
    "rq": 58,
    "make": "Acura",
    "model": "TL 3.2",
    "modelYear": 2004,
    "country": "US",
    "topSpeed": 150,
    "0to60": 5.9,
    "handling": 77,
    "driveType": "FWD",
    "tyreType": "Standard",
    "tags": [],
    "isPrize": false,
    "weight": 1580,
    "gc": "Medium",
    "seatCount": 5,
    "bodyStyle": "Sedan",
    "tcs": true,
    "abs": true,
    "enginePos": "Front",
    "fuelType": "Petrol",
    "mra": 62.11,
    "ola": 77.97,
    "description": "The third ultimate under 35k sedan for car and driver.",
    "card": "https://media.discordapp.net/attachments/819199720249360384/823129479823360010/B.AcuraTL32.png",
    "333TopSpeed": 153,
    "3330to60": 5.6,
    "333Handling": 80,
    "666TopSpeed": 157,
    "6660to60": 5.3,
    "666Handling": 82,
    "996TopSpeed": 160,
    "9960to60": 5,
    "996Handling": 82,
    "969TopSpeed": 160,
    "9690to60": 5.3,
    "969Handling": 85,
    "699TopSpeed": 157,
    "6990to60": 5,
    "699Handling": 85,
    "racehud": "https://cdn.discordapp.com/attachments/1077293403668234340/1094932543092047893/AcuraTL3.2.png",
    "creator": "Connor"
}