{
    "rq": 68,
    "make": "Aston Martin",
    "model": "V12 Vantage",
    "modelYear": 2009,
    "country": "GB",
    "topSpeed": 190,
    "0to60": 4.2,
    "handling": 86,
    "driveType": "RWD",
    "tyreType": "Performance",
    "tags": ["Supercar","OG"],
    "isPrize": false,
    "weight": 1600,
    "gc": "Low",
    "seatCount": 2,
    "bodyStyle": "Coupe",
    "tcs": true,
    "abs": true,
    "enginePos": "Front",
    "fuelType": "Petrol",
    "mra": 76.36,
    "ola": 97.44,
    "description": "It's a compact, nuggety little missile, endowed with performance of casual violence and face-bending cornering ability.",
    "card": "https://cdn.discordapp.com/attachments/1077292374608326656/1131232878831882352/ndoabdi.png",
    "333TopSpeed": 193,
    "3330to60": 4.0,
    "333Handling": 89,
    "666TopSpeed": 195,
    "6660to60": 3.8,
    "666Handling": 92,
    "996TopSpeed": 198,
    "9960to60": 3.6,
    "996Handling": 92,
    "969TopSpeed": 198,
    "9690to60": 3.8,
    "969Handling": 95,
    "699TopSpeed": 195,
    "6990to60": 3.6,
    "699Handling": 95,
    "racehud": "https://media.discordapp.net/attachments/995376525119586356/997785491317477427/v12vantage.png",
    "creator": "Havvy"
}