{
    "rq": 87,
    "make": "Acura",
    "model": "NSX",
    "modelYear": 2016,
    "country": "US",
    "topSpeed": 192,
    "0to60": 3.2,
    "handling": 92,
    "driveType": "4WD",
    "tyreType": "Performance",
    "tags": ["Eco-Friendly", "Street Racer", "Supercar","OG"],
    "isPrize": false,
    "weight": 1763,
    "gc": "Low",
    "seatCount": 2,
    "bodyStyle": "Coupe",
    "tcs": true,
    "abs": true,
    "enginePos": "Middle",
    "fuelType": "Hybrid",
    "mra": 82.05,
    "ola": 81.25,
    "description": "The highly controversial successor to what was once the Ferrari killer. It still is one, though.",
    "card": "https://media.discordapp.net/attachments/819199720249360384/821476531225493544/S.AcuraNSX.png",
    "333TopSpeed": 195,
    "3330to60": 3.0,
    "333Handling": 95,
    "666TopSpeed": 197,
    "6660to60": 2.9,
    "666Handling": 98,
    "996TopSpeed": 200,
    "9960to60": 2.7,
    "996Handling": 98,
    "969TopSpeed": 200,
    "9690to60": 2.9,
    "969Handling": 102,
    "699TopSpeed": 197,
    "6990to60": 2.7,
    "699Handling": 102,
    "racehud": "https://media.discordapp.net/attachments/995376525119586356/995765124151382096/ACuransx.png",
    "creator": "Connor"
}