{
    "rq": 45,
    "make": "Aston Martin",
    "model": "DB7",
    "modelYear": 1994,
    "country": "GB",
    "topSpeed": 165,
    "0to60": 5.8,
    "handling": 77,
    "driveType": "RWD",
    "tyreType": "Performance",
    "tags": ["Silver Screen","Grand Tourer","The Royal Collection"],
    "isPrize": false,
    "weight": 1650,
    "gc": "Low",
    "seatCount": 4,
    "bodyStyle": "Coupe",
    "tcs": false,
    "abs": true,
    "enginePos": "Front",
    "fuelType": "Petrol",
    "mra": 67.44,
    "ola": 75.86,
    "description": "The Original DB7.",
    "card": "https://media.discordapp.net/attachments/819199720249360384/855242331406204948/db777777.png",
    "333TopSpeed": 168,
    "3330to60": 5.5,
    "333Handling": 80,
    "666TopSpeed": 171,
    "6660to60": 5.2,
    "666Handling": 82,
    "996TopSpeed": 174,
    "9960to60": 4.9,
    "996Handling": 82,
    "969TopSpeed": 174,
    "9690to60": 5.2,
    "969Handling": 85,
    "699TopSpeed": 171,
    "6990to60": 4.9,
    "699Handling": 85,
    "racehud": "https://media.discordapp.net/attachments/995376525119586356/995979453249364059/db794.png",
    "creator": "Bnuuy"
}