{
    "rq": 29,
    "make": "Aston Martin",
    "model": "DB6",
    "modelYear": 1965,
    "country": "GB",
    "topSpeed": 150,
    "0to60": 8.2,
    "handling": 70,
    "driveType": "RWD",
    "tyreType": "Performance",
    "tags": ["Grand Tourer", "The Royal Collection"],
    "isPrize": false,
	
    "weight": 1530,
    "gc": "Medium",
    "seatCount": 4,
    "bodyStyle": "Coupe",
    "tcs": false,
    "abs": false,
    "enginePos": "Front",
    "fuelType": "Petrol",
    "mra": 61.19,
    "ola": 78.05,
    "description": "",
    "card": "https://cdn.discordapp.com/attachments/1077292374608326656/1077964470644654150/Aston_Martin_DB6.png",
	"racehud": "https://cdn.discordapp.com/attachments/1077293403668234340/1077965481388028006/DB6.png",
    "creator": "Bnuuy",

"333TopSpeed": 153,
"3330to60": 7.8,
"333Handling": 72,

"666TopSpeed": 157,
"6660to60": 7.4,
"666Handling": 75,

"699TopSpeed": 157,
"6990to60": 7,
"699Handling": 78,

"969TopSpeed": 160,
"9690to60": 7.4,
"969Handling": 78,

"996TopSpeed": 160,
"9960to60": 7,
"996Handling": 75
}