{
    "rq": 68,
    "make": "Aston Martin",
    "model": "DB11 V8 Volante",
    "modelYear": 2018,
    "country": "GB",
    "topSpeed": 187,
    "0to60": 4.1,
    "handling": 85,
    "driveType": "RWD",
    "tyreType": "Performance",
    "tags": ["The Royal Collection","Grand Tourer"],
    "isPrize": false,
    "weight": 1870,
    "gc": "Low",
    "seatCount": 4,
    "bodyStyle": "Convertible",
    "tcs": true,
    "abs": true,
    "enginePos": "Front",
    "fuelType": "Petrol",
    "mra": 87.23,
    "ola": 97.56,
    "description": "None.",
    "card": "https://media.discordapp.net/attachments/819199720249360384/852120782884438026/db11VolanteV8.png",
    "333TopSpeed": 190,
    "3330to60": 3.9,
    "333Handling": 88,
    "666TopSpeed": 193,
    "6660to60": 3.7,
    "666Handling": 91,
    "996TopSpeed": 195,
    "9960to60": 3.5,
    "996Handling": 91,
    "969TopSpeed": 195,
    "9690to60": 3.7,
    "969Handling": 94,
    "699TopSpeed": 193,
    "6990to60": 3.5,
    "699Handling": 94,
    "racehud": "https://media.discordapp.net/attachments/995376525119586356/995979712151167086/db11v8volante.png",
    "creator": "Bnuuy"
}