{
    "rq": 64,
    "make": "Aston Martin",
    "model": "V8 Vantage V550",
    "modelYear": 1993,
    "country": "GB",
    "topSpeed": 184,
    "0to60": 4.7,
    "handling": 78,
    "driveType": "RWD",
    "tyreType": "Performance",
    "tags": ["The Royal Collection","Grand Tourer"],
    "isPrize": false,
    "weight": 1990,
    "gc": "Medium",
    "seatCount": 4,
    "bodyStyle": "Coupe",
    "tcs": false,
    "abs": true,
    "enginePos": "Front",
    "fuelType": "Petrol",
    "mra": 87.04,
    "ola": 89.36,
    "description": "",
    "card": "https://cdn.discordapp.com/attachments/1077292374608326656/1097495742727331950/V550.png",
    "333TopSpeed": 187,
    "3330to60": 4.5,
    "333Handling": 81,
    "666TopSpeed": 190,
    "6660to60": 4.2,
    "666Handling": 83,
    "996TopSpeed": 192,
    "9960to60": 4.0,
    "996Handling": 83,
    "969TopSpeed": 192,
    "9690to60": 4.2,
    "969Handling": 87,
    "699TopSpeed": 190,
    "6990to60": 4.0,
    "699Handling": 87,
    "racehud": "https://media.discordapp.net/attachments/995376525119586356/995977577959260181/V8V55093.png",
    "creator": "Bnuuy"
}