{
    "rq": 75,
    "make": ["Alpina","BMW"],
    "model": "B6 Bi-Turbo Gran Coupe Allrad",
    "modelYear": 2014,
    "country": "DE",
    "topSpeed": 198,
    "0to60": 3.7,
    "handling": 83,
    "driveType": "4WD",
    "tyreType": "Performance",
    "tags": ["Super Sedan","Grand Tourer"],
    "isPrize": false,
    "weight": 2149,
    "gc": "Low",
    "seatCount": 5,
    "bodyStyle": "Sedan",
    "tcs": true,
    "abs": true,
    "enginePos": "Front",
    "fuelType": "Petrol",
    "mra": 72.55,
    "ola": 86.49,
    "description": "Sedan go brrrr.",
    "card": "https://media.discordapp.net/attachments/819199720249360384/846703159739940874/B6allrad2014.png",
    "333TopSpeed": 201,
    "3330to60": 3.5,
    "333Handling": 86,
    "666TopSpeed": 203,
    "6660to60": 3.3,
    "666Handling": 88,
    "996TopSpeed": 206,
    "9960to60": 3.1,
    "996Handling": 88,
    "969TopSpeed": 206,
    "9690to60": 3.3,
    "969Handling": 92,
    "699TopSpeed": 203,
    "6990to60": 3.1,
    "699Handling": 92,
    "racehud": "https://media.discordapp.net/attachments/995376525119586356/995981302589308928/B6Allrad14.png",
    "creator": "Bnuuy"
}