{
    "rq": 92,
    "make": "Ascari",
    "model": "A10",
    "modelYear": 2006,
    "country": "GB",
    "topSpeed": 217,
    "0to60": 2.9,
    "handling": 96,
    "driveType": "RWD",
    "tyreType": "Performance",
    "tags": [
        "The Royal Collection",
        "Unique",
        "Supercar"
    ],
    "isPrize": false,
    "weight": 1280,
    "gc": "Low",
    "seatCount": 2,
    "bodyStyle": "Coupe",
    "tcs": false,
    "abs": true,
    "enginePos": "Middle",
    "fuelType": "Petrol",
    "mra": 96.61,
    "ola": 91.23,
    "description": "",
    "card": "https://media.discordapp.net/attachments/819199720249360384/850347707952136212/CD_Ascari_A10.png",
    "333TopSpeed": 219,
    "3330to60": 2.8,
    "333Handling": 99,
    "666TopSpeed": 222,
    "6660to60": 2.6,
    "666Handling": 102,
    "996TopSpeed": 224,
    "9960to60": 2.5,
    "996Handling": 102,
    "969TopSpeed": 224,
    "9690to60": 2.6,
    "969Handling": 107,
    "699TopSpeed": 222,
    "6990to60": 2.5,
    "699Handling": 107,
    "racehud": "https://media.discordapp.net/attachments/995376525119586356/1017059079648202833/a10.png",
    "creator": "Exist"
}