{
    "rq": 66,
    "make": "Aston Martin",
    "model": "DBS Volante",
    "modelYear": 2009,
    "country": "GB",
    "topSpeed": 191,
    "0to60": 4.3,
    "handling": 85,
    "driveType": "RWD",
    "tyreType": "Performance",
    "tags": ["Grand Tourer"],
    "isPrize": false,
    "weight": 1815,
    "gc": "Low",
    "seatCount": 4,
    "bodyStyle": "Convertible",
    "tcs": true,
    "abs": true,
    "enginePos": "Front",
    "fuelType": "Petrol",
    "mra": 71.72,
    "ola": 89.2,
    "description": "Volante V12.",
    "card": "https://media.discordapp.net/attachments/819199720249360384/824028293283053579/AstonMartinDBSVolante.png",
    "333TopSpeed": 194,
    "3330to60": 4.1,
    "333Handling": 88,
    "666TopSpeed": 196,
    "6660to60": 3.9,
    "666Handling": 91,
    "996TopSpeed": 199,
    "9960to60": 3.7,
    "996Handling": 91,
    "969TopSpeed": 199,
    "9690to60": 3.9,
    "969Handling": 94,
    "699TopSpeed": 196,
    "6990to60": 3.7,
    "699Handling": 94,
    "racehud": "https://media.discordapp.net/attachments/995376525119586356/1018227831588798554/Aston_Martin_DBS_Volante.png",
    "creator": "Havvy"
}