{
    "rq": 1,
    "make": ["Abarth","Fiat"],
    "model": "500 GT Carozzeria Zagato",
    "modelYear": 1957,
    "country": "IT",
    "topSpeed": 83,
    "0to60": 35.9,
    "handling": 59,
    "driveType": "RWD",
    "tyreType": "Standard",
    "tags": ["Unique"],
    "isPrize": true,
    "weight": 465,
    "gc": "Low",
    "seatCount": 2,
    "bodyStyle": "Hatchback",
    "tcs": false,
    "abs": false,
    "enginePos": "Front",
    "fuelType": "Petrol",
    "mra": 23,
    "ola": 60,
    "description": "A Zagato based on a classic fiat 500.",
    "card": "https://media.discordapp.net/attachments/819199720249360384/823589077412347954/500GTZ.png",
    "333TopSpeed": 89,
    "3330to60": 34.1,
    "333Handling": 61,
    "666TopSpeed": 96,
    "6660to60": 32.3,
    "666Handling": 63,
    "996TopSpeed": 102,
    "9960to60": 30.5,
    "996Handling": 63,
    "969TopSpeed": 102,
    "9690to60": 32.3,
    "969Handling": 65,
    "699TopSpeed": 96,
    "6990to60": 30.5,
    "699Handling": 65,
    "racehud": "https://media.discordapp.net/attachments/995376525119586356/995807700552269935/abrth500GTCZ.png",
    "creator": "Bnuuy"
}