{
    "rq": 34,
    "make": "Alfa Romeo",
    "model": "164 Quadrifoglio Verde",
    "modelYear": 1991,
    "country": "IT",
    "topSpeed": 146,
    "0to60": 7.7,
    "handling": 72,
    "driveType": "FWD",
    "tyreType": "Performance",
    "tags": [
        "The Tyrol Tour"
    ],
    "isPrize": false,
    "weight": 1430,
    "gc": "Medium",
    "seatCount": 5,
    "bodyStyle": "Sedan",
    "tcs": false,
    "abs": true,
    "enginePos": "Front",
    "fuelType": "Petrol",
    "mra": 64.36,
    "ola": 88.6,
    "description": "The Giulia's Quadrifoglio cool uncle. Card by Andu",
    "card": "https://media.discordapp.net/attachments/819199720249360384/959131835957383238/164Quadrifoglio.png",
    "333TopSpeed": 150,
    "3330to60": 7.3,
    "333Handling": 74,
    "666TopSpeed": 153,
    "6660to60": 6.9,
    "666Handling": 77,
    "996TopSpeed": 157,
    "9960to60": 6.5,
    "996Handling": 77,
    "969TopSpeed": 157,
    "9690to60": 6.9,
    "969Handling": 80,
    "699TopSpeed": 153,
    "6990to60": 6.5,
    "699Handling": 80,
    "racehud": "https://media.discordapp.net/attachments/995376525119586356/1043864915477286963/164QV-1.png",
    "creator": "Andu"
}
