{
    "rq": 89,
    "make": "Alfa Romeo",
    "model": "Stelvio Quadrifoglio",
    "modelYear": 2017,
    "country": "IT",
    "topSpeed": 176,
    "0to60": 3.5,
    "handling": 86,
    "driveType": "4WD",
    "tyreType": "Performance",
    "tags": ["OG"],
    "isPrize": false,
    "weight": 1890,
    "gc": "High",
    "seatCount": 5,
    "bodyStyle": "SUV",
    "tcs": true,
    "abs": true,
    "enginePos": "Front",
    "fuelType": "Petrol",
    "mra": 68.62,
    "ola": 85.71,
    "description": "One of the first Super SUV's.",
    "card": "https://cdn.discordapp.com/attachments/1077292374608326656/1141654293619933286/Stelvioquad.png",
    "333TopSpeed": 179,
    "3330to60": 3.3,
    "333Handling": 89,
    "666TopSpeed": 182,
    "6660to60": 3.2,
    "666Handling": 92,
    "996TopSpeed": 185,
    "9960to60": 3.0,
    "996Handling": 92,
    "969TopSpeed": 185,
    "9690to60": 3.2,
    "969Handling": 95,
    "699TopSpeed": 182,
    "6990to60": 3.0,
    "699Handling": 95,
    "racehud": "https://media.discordapp.net/attachments/995376525119586356/995802658600390707/stelvioquad.png",
    "creator": "Bnuuy"
}