{
    "rq": 41,
    "make": [
        "Abarth",
        "Fiat"
    ],
    "model": "124 Spider",
    "modelYear": 2016,
    "country": "IT",
    "topSpeed": 140,
    "0to60": 6.6,
    "handling": 82,
    "driveType": "RWD",
    "tyreType": "Performance",
    "tags": [
        "Servers Choice",
        "OG"
    ],
    "isPrize": false,
    "weight": 1080,
    "gc": "Low",
    "seatCount": 2,
    "bodyStyle": "Convertible",
    "tcs": true,
    "abs": true,
    "enginePos": "Front",
    "fuelType": "Petrol",
    "mra": 55.75,
    "ola": 66.67,
    "description": "Not satisfied with the 124 being just an Italian Miata, Abarth added more vroom to it",
    "card": "https://media.discordapp.net/attachments/819199720249360384/824805127302676510/abarth_124.png",
    "333TopSpeed": 144,
    "3330to60": 6.3,
    "333Handling": 85,
    "666TopSpeed": 147,
    "6660to60": 5.9,
    "666Handling": 87,
    "699TopSpeed": 147,
    "6990to60": 5.6,
    "699Handling": 91,
    "969TopSpeed": 151,
    "9690to60": 5.9,
    "969Handling": 91,
    "996TopSpeed": 151,
    "9960to60": 5.6,
    "996Handling": 87,
    "racehud": "https://media.discordapp.net/attachments/995376525119586356/1003281390856585236/abarth_124.jpg",
    "creator": "Keanny"
}