{
    "rq": 60,
    "make": ["AC Schnitzer","BMW"],
    "model": "S3 Sport CLS II",
    "modelYear": 1995,
    "country": "DE",
    "topSpeed": 180,
    "0to60": 4.9,
    "handling": 83,
    "driveType": "RWD",
    "tyreType": "Performance",
    "tags": ["Concept","Track Day","Tuner","Unique"],
    "isPrize": true,
    "weight": 1330,
    "gc": "Low",
    "seatCount": 2,
    "bodyStyle": "Coupe",
    "tcs": true,
    "abs": true,
    "enginePos": "Front",
    "fuelType": "Petrol",
    "mra": 80.33,
    "ola": 85.71,
    "description": "A Cute Tuned M3.",
    "card": "https://media.discordapp.net/attachments/819199720249360384/850408901899845742/acshitsnerS3SportCLSII.png",
    "333TopSpeed": 183,
    "3330to60": 4.7,
    "333Handling": 86,
    "666TopSpeed": 186,
    "6660to60": 4.4,
    "666Handling": 88,
    "996TopSpeed": 189,
    "9960to60": 4.2,
    "996Handling": 88,
    "969TopSpeed": 189,
    "9690to60": 4.4,
    "969Handling": 92,
    "699TopSpeed": 186,
    "6990to60": 4.2,
    "699Handling": 92,
    "racehud": "https://media.discordapp.net/attachments/995376525119586356/995804376369209414/ACS3CLSII.png",
    "creator": "Bnuuy"
}