{
    "rq": 22,
    "make": "Alfa Romeo",
    "model": "147 1.6 TwinSpark",
    "modelYear": 2000,
    "country": "IT",
    "topSpeed": 116,
    "0to60": 10.7,
    "handling": 73,
    "driveType": "FWD",
    "tyreType": "Standard",
    "tags": [],
    "isPrize": false,
    "weight": 1200,
    "gc": "Low",
    "seatCount": 5,
    "bodyStyle": "Hatchback",
    "tcs": true,
    "abs": true,
    "enginePos": "Front",
    "fuelType": "Petrol",
    "mra": 42.16,
    "ola": 81.97,
    "description": "The first Alfa Romeo to feature electronic traction control.",
    "card": "https://media.discordapp.net/attachments/819199720249360384/837229155073785926/alfa_romeo_147_1.6_ts.png",
    "333TopSpeed": 120,
    "3330to60": 10.2,
    "333Handling": 75,
    "666TopSpeed": 125,
    "6660to60": 9.6,
    "666Handling": 78,
    "996TopSpeed": 129,
    "9960to60": 9.1,
    "996Handling": 78,
    "969TopSpeed": 129,
    "9690to60": 9.6,
    "969Handling": 81,
    "699TopSpeed": 125,
    "6990to60": 9.1,
    "699Handling": 81,
    "racehud": "https://media.discordapp.net/attachments/995376525119586356/1003255221931216997/147_1.6.jpg",
    "creator": "Keanny"
}