{
    "rq": 69,
    "make": "Aston Martin",
    "model": "V8 Vantage V600 Le Mans",
    "modelYear": 1998,
    "country": "GB",
    "topSpeed": 205,
    "0to60": 3.8,
    "handling": 80,
    "driveType": "RWD",
    "tyreType": "Performance",
    "tags": ["Track Day","The Royal Collection","Unique"],
    "isPrize": false,
    "weight": 2120,
    "gc": "Low",
    "seatCount": 4,
    "bodyStyle": "Coupe",
    "tcs": false,
    "abs": true,
    "enginePos": "Front",
    "fuelType": "Petrol",
    "mra": 90.05,
    "ola": 89.1,
    "description": "Widebody,a 600bhp twin supercharged V8 and less than 40 produced.",
    "card": "https://cdn.discordapp.com/attachments/1077292374608326656/1097495836058980362/V600LeMans.png",
    "333TopSpeed": 208,
    "3330to60": 3.6,
    "333Handling": 83,
    "666TopSpeed": 210,
    "6660to60": 3.4,
    "666Handling": 85,
    "996TopSpeed": 213,
    "9960to60": 3.2,
    "996Handling": 85,
    "969TopSpeed": 213,
    "9690to60": 3.4,
    "969Handling": 89,
    "699TopSpeed": 210,
    "6990to60": 3.2,
    "699Handling": 89,
    "racehud": "https://media.discordapp.net/attachments/995376525119586356/995691199451111584/V8VantLMV600.png",
    "creator": "Bnuuy"
}