{
    "rq": 93,
    "make": "Aston Martin",
    "model": "DBX",
    "modelYear": 2021,
    "country": "GB",
    "topSpeed": 183,
    "0to60": 4.1,
    "handling": 85,
    "driveType": "4WD",
    "tyreType": "All-Surface",
    "tags": [
        "OG",
        "Servers Choice"
    ],
    "isPrize": false,
    "weight": 2245,
    "gc": "High",
    "seatCount": 5,
    "bodyStyle": "SUV",
    "tcs": true,
    "abs": true,
    "enginePos": "Front",
    "fuelType": "Petrol",
    "mra": 71.76,
    "ola": 82.2,
    "description": "One of the only cars in Cloned Drives to have gone through 4 Creators (Keanny, DodgeDemon, Macan and Exist).",
    "card": "https://media.discordapp.net/attachments/819199720249360384/948241085434589255/CD_Aston_Martin_DBX.png",
    "333TopSpeed": 186,
    "3330to60": 3.9,
    "333Handling": 88,
    "666TopSpeed": 189,
    "6660to60": 3.7,
    "666Handling": 91,
    "996TopSpeed": 192,
    "9960to60": 3.5,
    "996Handling": 91,
    "969TopSpeed": 192,
    "9690to60": 3.7,
    "969Handling": 94,
    "699TopSpeed": 189,
    "6990to60": 3.5,
    "699Handling": 94,
    "racehud": "https://media.discordapp.net/attachments/995376525119586356/1017055567828766762/dbx.png",
    "creator": "Exist"
}