{
    "rq": 63,
    "make": "Aston Martin",
    "model": "DB7 V12 TWR Prototype",
    "modelYear": 1996,
    "country": "GB",
    "topSpeed": 183,
    "0to60": 4.6,
    "handling": 82,
    "driveType": "RWD",
    "tyreType": "Performance",
    "tags": ["The Royal Collection","Unique","Concept","Oddity"],
    "isPrize": true,
    "weight": 1725,
    "gc": "Low",
    "seatCount": 4,
    "bodyStyle": "Coupe",
    "tcs": false,
    "abs": true,
    "enginePos": "Front",
    "fuelType": "Petrol",
    "mra": 127.78,
    "ola": 95.65,
    "description": "Throw a big fat engine from Jaguar and fat tyres and produce almost 600bhp and this is the godsend gordon murray throws at you.",
    "card": "https://media.discordapp.net/attachments/819199720249360384/855242667428413450/twrdb7.png",
    "333TopSpeed": 186,
    "3330to60": 4.4,
    "333Handling": 85,
    "666TopSpeed": 189,
    "6660to60": 4.1,
    "666Handling": 87,
    "996TopSpeed": 192,
    "9960to60": 3.9,
    "996Handling": 87,
    "969TopSpeed": 192,
    "9690to60": 4.1,
    "969Handling": 91,
    "699TopSpeed": 189,
    "6990to60": 3.9,
    "699Handling": 91,
    "racehud": "https://media.discordapp.net/attachments/995376525119586356/995818851973476443/DB7TWR.png",
    "creator": "Bnuuy"
}