{
    "rq": 57,
    "make": [
        "Alpina",
        "BMW"
    ],
    "model": "B10 Bi-Turbo",
    "modelYear": 1989,
    "country": "DE",
    "topSpeed": 179,
    "0to60": 5.3,
    "handling": 76,
    "driveType": "RWD",
    "tyreType": "Performance",
    "tags": [
        "Super Sedan",
        "Tuner"
    ],
    "isPrize": false,
    "weight": 1764,
    "gc": "Medium",
    "seatCount": 5,
    "bodyStyle": "Sedan",
    "tcs": false,
    "abs": true,
    "enginePos": "Front",
    "fuelType": "Petrol",
    "mra": 75.71,
    "ola": 83.02,
    "description": "Even back in the 80's alpina was chasing top speed.",
    "card": "https://media.discordapp.net/attachments/819199720249360384/828971397094834216/unknown.png",
    "333TopSpeed": 182,
    "3330to60": 5,
    "333Handling": 79,
    "666TopSpeed": 185,
    "6660to60": 4.8,
    "666Handling": 81,
    "996TopSpeed": 188,
    "9960to60": 4.5,
    "996Handling": 81,
    "969TopSpeed": 188,
    "9690to60": 4.8,
    "969Handling": 84,
    "699TopSpeed": 185,
    "6990to60": 4.5,
    "699Handling": 84,
    "racehud": "https://cdn.discordapp.com/attachments/1077293403668234340/1094936953763405914/AlpinaB10BiTurbo.png",
    "creator": "Havvy"
}