{
    "rq": 58,
    "make": "Aston Martin",
    "model": "DB7 GT",
    "modelYear": 2003,
    "country": "GB",
    "topSpeed": 184,
    "0to60": 4.8,
    "handling": 79,
    "driveType": "RWD",
    "tyreType": "Performance",
    "tags": ["The Royal Collection","Grand Tourer","Oceanic View"],
    "isPrize": false,
    "weight": 1800,
    "gc": "Low",
    "seatCount": 4,
    "bodyStyle": "Coupe",
    "tcs": true,
    "abs": true,
    "enginePos": "Front",
    "fuelType": "Petrol",
    "mra": 88.89,
    "ola": 83.33,
    "description": "the last common version of the DB7.",
    "card": "https://media.discordapp.net/attachments/819199720249360384/855243144466530334/db7GT.png",
    "333TopSpeed": 187,
    "3330to60": 4.6,
    "333Handling": 82,
    "666TopSpeed": 190,
    "6660to60": 4.3,
    "666Handling": 84,
    "996TopSpeed": 192,
    "9960to60": 4.1,
    "996Handling": 84,
    "969TopSpeed": 192,
    "9690to60": 4.3,
    "969Handling": 88,
    "699TopSpeed": 190,
    "6990to60": 4.1,
    "699Handling": 88,
    "racehud": "https://media.discordapp.net/attachments/995376525119586356/995819180555243551/db7GT.png",
    "creator": "Bnuuy"
}