{
    "rq": 59,
    "make": "Aston Martin",
    "model": "Rapide Bertone Jet 2+2",
    "modelYear": 2013,
    "country": "GB",
    "topSpeed": 186,
    "0to60": 4.9,
    "handling": 83,
    "driveType": "RWD",
    "tyreType": "Performance",
    "tags": ["The Royal Collection","Unique","Ultra Expensive","Concept"],
    "isPrize": true,
    "weight": 1990,
    "gc": "Low",
    "seatCount": 4,
    "bodyStyle": "Wagon",
    "tcs": true,
    "abs": true,
    "enginePos": "Front",
    "fuelType": "Petrol",
    "mra": 81.32,
    "ola": 79.05,
    "description": "Luxury in action, but fatter.",
    "card": "https://media.discordapp.net/attachments/819199720249360384/855205851065090050/bertonejet.png",
    "333TopSpeed": 189,
    "3330to60": 4.7,
    "333Handling": 86,
    "666TopSpeed": 192,
    "6660to60": 4.4,
    "666Handling": 88,
    "996TopSpeed": 194,
    "9960to60": 4.2,
    "996Handling": 88,
    "969TopSpeed": 194,
    "9690to60": 4.4,
    "969Handling": 92,
    "699TopSpeed": 192,
    "6990to60": 4.2,
    "699Handling": 92,
    "racehud": "https://media.discordapp.net/attachments/995376525119586356/995978991590703104/BertoneJet2plus2.png",
    "creator": "Bnuuy"
}