{
    "rq": 90,
    "make": ["Alpina","BMW"],
    "model": "XB7",
    "modelYear": 2020,
    "country": "DE",
    "topSpeed": 180,
    "0to60": 4.0,
    "handling": 79,
    "driveType": "4WD",
    "tyreType": "All-Surface",
    "tags": ["Tuner", "Extreme Juggernaut"],
    "isPrize": false,
    "weight": 2580,
    "gc": "High",
    "seatCount": 7,
    "bodyStyle": "SUV",
    "tcs": true,
    "abs": true,
    "enginePos": "Front",
    "fuelType": "Petrol",
    "mra": 75.47,
    "ola": 80,
    "description": "Alpina stopped tuning some M5's to try to tackle the Beast that is the X7.",
    "card": "https://cdn.discordapp.com/attachments/1077292374608326656/1097512309380882552/XB72020.png",
"333TopSpeed": 183,
"3330to60": 3.8,
"333Handling": 82,

"666TopSpeed": 186,
"6660to60": 3.6,
"666Handling": 84,

"699TopSpeed": 186,
"6990to60": 3.4,
"699Handling": 88,

"969TopSpeed": 189,
"9690to60": 3.6,
"969Handling": 88,

"996TopSpeed": 189,
"9960to60": 3.4,
"996Handling": 84,
    "racehud": "https://cdn.discordapp.com/attachments/1077293403668234340/1097512360643662024/XB72020.png",
    "creator": "Bnuuy"
}