{
    "rq": 73,
    "make": "Aston Martin",
    "model": "DB11 V12",
    "modelYear": 2017,
    "country": "GB",
    "topSpeed": 200,
    "0to60": 3.8,
    "handling": 86,
    "driveType": "RWD",
    "tyreType": "Performance",
    "tags": [
        "Silver Screen",
        "Grand Tourer","OG"
    ],
    "isPrize": false,
    "weight": 1885,
    "gc": "Low",
    "seatCount": 4,
    "bodyStyle": "Coupe",
    "tcs": true,
    "abs": true,
    "enginePos": "Front",
    "fuelType": "Petrol",
    "mra": 89.29,
    "ola": 101.33,
    "description": "The Aston that marked a new chapter.",
    "card": "https://media.discordapp.net/attachments/819199720249360384/821034187905433670/AstonMartinDB11.png",
    "333TopSpeed": 203,
    "3330to60": 3.6,
    "333Handling": 89,
    "666TopSpeed": 205,
    "6660to60": 3.4,
    "666Handling": 92,
    "996TopSpeed": 208,
    "9960to60": 3.2,
    "996Handling": 92,
    "969TopSpeed": 208,
    "9690to60": 3.4,
    "969Handling": 95,
    "699TopSpeed": 205,
    "6990to60": 3.2,
    "699Handling": 95,
    "racehud": "https://media.discordapp.net/attachments/995376525119586356/1018116765319974982/Aston_Martin_DB11_V12.png",
    "creator": "Havvy"
}