{
    "rq": 25,
    "make": "Aston Martin",
    "model": "Cygnet",
    "modelYear": 2011,
    "country": "GB",
    "topSpeed": 106,
    "0to60": 11.2,
    "handling": 68,
    "driveType": "FWD",
    "tyreType": "Standard",
    "tags": ["Year of the Rabbit","OG"],
    "isPrize": false,
    "weight": 988,
    "gc": "Medium",
    "seatCount": 4,
    "bodyStyle": "Hatchback",
    "tcs": true,
    "abs": true,
    "enginePos": "Front",
    "fuelType": "Petrol",
    "mra": 37.33,
    "ola": 73.21,
    "description": "Aston Martin's attempt to pass European emission rules, a Scion iQ with extra steps.",
    "card": "https://media.discordapp.net/attachments/819199720249360384/819383041910112307/cygnet.png",
    "333TopSpeed": 111,
    "3330to60": 10.6,
    "333Handling": 70,
    "666TopSpeed": 116,
    "6660to60": 10.1,
    "666Handling": 72,
    "996TopSpeed": 121,
    "9960to60": 9.5,
    "996Handling": 72,
    "969TopSpeed": 121,
    "9690to60": 10.1,
    "969Handling": 75,
    "699TopSpeed": 116,
    "6990to60": 9.5,
    "699Handling": 75,
    "racehud": "https://media.discordapp.net/attachments/995376525119586356/1003660925162770573/cygnet.jpg",
    "creator": "Keanny"
}