{
    "rq": 55,
    "make": "Alfa Romeo",
    "model": "Giulia 2.0T Q4",
    "modelYear": 2016,
    "country": "IT",
    "topSpeed": 150,
    "0to60": 5.4,
    "handling": 71,
    "driveType": "4WD",
    "tyreType": "Standard",
    "tags": ["OG"],
    "isPrize": false,
    "weight": 1660,
    "gc": "Low",
    "seatCount": 5,
    "bodyStyle": "Sedan",
    "tcs": true,
    "abs": true,
    "enginePos": "Front",
    "fuelType": "Petrol",
    "mra": 64.32,
    "ola": 70.86,
    "description": "Tap dancing in Gucci flip-flops.",
    "card": "https://media.discordapp.net/attachments/819199720249360384/819389830500450304/alfa_romeo_giulia_2.0t_q4.png",
    "333TopSpeed": 153,
    "3330to60": 5.1,
    "333Handling": 73,
    "666TopSpeed": 157,
    "6660to60": 4.9,
    "666Handling": 76,
    "996TopSpeed": 160,
    "9960to60": 4.6,
    "996Handling": 76,
    "969TopSpeed": 160,
    "9690to60": 4.9,
    "969Handling": 79,
    "699TopSpeed": 157,
    "6990to60": 4.6,
    "699Handling": 79,
    "racehud": "https://media.discordapp.net/attachments/995376525119586356/1003655857134899220/giulia_q4.jpg",
    "creator": "Keanny"
}