{
    "rq": 3,
    "make": "Aston Martin",
    "model": "Atom",
    "modelYear": 1939,
    "country": "GB",
    "topSpeed": 90,
    "0to60": 19.0,
    "handling": 53,
    "driveType": "RWD",
    "tyreType": "Standard",
    "tags": ["The Royal Collection","Super Sedan","Grand Tourer","Unique","Ultra Expensive","Innovative","Concept", "Year of the Rabbit"],
    "isPrize": false,
    "weight": 1219,
    "gc": "Medium",
    "seatCount": 4,
    "bodyStyle": "Sedan",
    "tcs": false,
    "abs": false,
    "enginePos": "Front",
    "fuelType": "Petrol",
    "mra": 13,
    "ola": 60,
    "description": "Widely regarded as the first ever Concept car.",
    "card": "https://media.discordapp.net/attachments/819199720249360384/866643528183316490/atom.png",
    "333TopSpeed": 96,
    "3330to60": 18.1,
    "333Handling": 55,
    "666TopSpeed": 102,
    "6660to60": 17.1,
    "666Handling": 56,
    "996TopSpeed": 107,
    "9960to60": 16.2,
    "996Handling": 56,
    "969TopSpeed": 107,
    "9690to60": 17.1,
    "969Handling": 59,
    "699TopSpeed": 102,
    "6990to60": 16.2,
    "699Handling": 59,
    "racehud": "https://media.discordapp.net/attachments/995376525119586356/995819758526152794/atom.png",
    "creator": "Bnuuy"
}