{
    "rq": 72,
    "make": "Aston Martin",
    "model": "Vanquish Volante",
    "modelYear": 2014,
    "country": "GB",
    "topSpeed": 197,
    "0to60": 3.8,
    "handling": 86,
    "driveType": "RWD",
    "tyreType": "Performance",
    "tags": ["The Royal Collection","Grand Tourer"],
    "isPrize": false,
    "weight": 1844,
    "gc": "Low",
    "seatCount": 4,
    "bodyStyle": "Convertible",
    "tcs": true,
    "abs": true,
    "enginePos": "Front",
    "fuelType": "Petrol",
    "mra": 73.08,
    "ola": 94.74,
    "description": "None.",
    "card": "https://media.discordapp.net/attachments/819199720249360384/852108985535954944/ysevanquishvolante.png",
    "333TopSpeed": 200,
    "3330to60": 3.6,
    "333Handling": 89,
    "666TopSpeed": 202,
    "6660to60": 3.4,
    "666Handling": 92,
    "996TopSpeed": 205,
    "9960to60": 3.2,
    "996Handling": 92,
    "969TopSpeed": 205,
    "9690to60": 3.4,
    "969Handling": 95,
    "699TopSpeed": 202,
    "6990to60": 3.2,
    "699Handling": 95,
    "racehud": "https://media.discordapp.net/attachments/995376525119586356/995979576876478504/vanquishvolante.png",
    "creator": "Bnuuy"
}