{
    "rq": 51,
    "make": "Alfa Romeo",
    "model": "156 GTA Sportwagon",
    "modelYear": 2002,
    "country": "IT",
    "topSpeed": 155,
    "0to60": 6.2,
    "handling": 80,
    "driveType": "FWD",
    "tyreType": "Performance",
    "tags": [],
    "isPrize": false,
    "weight": 1460,
    "gc": "Low",
    "seatCount": 5,
    "bodyStyle": "Wagon",
    "tcs": true,
    "abs": true,
    "enginePos": "Front",
    "fuelType": "Petrol",
    "mra": 68.72,
    "ola": 87.8,
    "description": "The wagon version of the Alfa's wild Busso V6 sedan.",
    "card": "https://media.discordapp.net/attachments/819199720249360384/829018484909539379/AlfaRomeo156GTASW.png",
    "333TopSpeed": 158,
    "3330to60": 5.9,
    "333Handling": 83,
    "666TopSpeed": 162,
    "6660to60": 5.6,
    "666Handling": 85,
    "996TopSpeed": 165,
    "9960to60": 5.3,
    "996Handling": 85,
    "969TopSpeed": 165,
    "9690to60": 5.6,
    "969Handling": 89,
    "699TopSpeed": 162,
    "6990to60": 5.3,
    "699Handling": 89,
    "racehud": "https://cdn.discordapp.com/attachments/1077293403668234340/1094936243814531142/Alfa156GTAWagon.png",
    "creator": "Havvy"
}