{
    "rq": 82,
    "make": "Ascari",
    "model": "KZ1-R",
    "modelYear": 2005,
    "country": "GB",
    "topSpeed": 200,
    "0to60": 3.7,
    "handling": 95,
    "driveType": "RWD",
    "tyreType": "Performance",
    "tags": [
        "Unique",
        "Supercar",
        "The Royal Collection"
    ],
    "isPrize": false,
    "weight": 1250,
    "gc": "Low",
    "seatCount": 2,
    "bodyStyle": "Coupe",
    "tcs": false,
    "abs": true,
    "enginePos": "Middle",
    "fuelType": "Petrol",
    "mra": 86.05,
    "ola": 86.49,
    "description": "",
    "card": "https://media.discordapp.net/attachments/819199720249360384/850352238098382878/CD_Ascari_KZ1-R.png",
    "333TopSpeed": 203,
    "3330to60": 3.5,
    "333Handling": 98,
    "666TopSpeed": 205,
    "6660to60": 3.3,
    "666Handling": 101,
    "996TopSpeed": 208,
    "9960to60": 3.1,
    "996Handling": 101,
    "969TopSpeed": 208,
    "9690to60": 3.3,
    "969Handling": 105,
    "699TopSpeed": 205,
    "6990to60": 3.1,
    "699Handling": 105,
    "racehud": "https://media.discordapp.net/attachments/995376525119586356/1017897528286523534/Ascari_KZ1-R.png",
    "creator": "Exist"
}