{
    "rq": 48,
    "make": "Aston Martin",
    "model": "DB7 i6 GT Competition Prototype",
    "modelYear": 1995,
    "country": "GB",
    "topSpeed": 160,
    "0to60": 5.5,
    "handling": 78,
    "driveType": "RWD",
    "tyreType": "Performance",
    "tags": ["The Royal Collection","Motorsport","Concept","Unique"],
    "isPrize": true,
    "weight": 1600,
    "gc": "Low",
    "seatCount": 2,
    "bodyStyle": "Coupe",
    "tcs": false,
    "abs": true,
    "enginePos": "Front",
    "fuelType": "Petrol",
    "mra": 64.71,
    "ola": 80,
    "description": "A very confusing prototype considering the V600 was around.",
    "card": "https://media.discordapp.net/attachments/819199720249360384/855242501572132874/db7comp.png",
    "333TopSpeed": 163,
    "3330to60": 5.2,
    "333Handling": 81,
    "666TopSpeed": 167,
    "6660to60": 5.0,
    "666Handling": 83,
    "996TopSpeed": 170,
    "9960to60": 4.7,
    "996Handling": 83,
    "969TopSpeed": 170,
    "9690to60": 5.0,
    "969Handling": 87,
    "699TopSpeed": 167,
    "6990to60": 4.7,
    "699Handling": 87,
    "racehud": "https://media.discordapp.net/attachments/995376525119586356/995977700135149638/db7i6gt.png",
    "creator": "Bnuuy"
}