{
    "rq": 70,
    "make": "Aston Martin",
    "model": "Rapide AMR",
    "modelYear": 2018,
    "country": "GB",
    "topSpeed": 205,
    "0to60": 4.2,
    "handling": 87,
    "driveType": "RWD",
    "tyreType": "Performance",
    "tags": ["The Royal Collection","Super Sedan","Track Day","Unique"],
    "isPrize": false,
    "weight": 1990,
    "gc": "Low",
    "seatCount": 4,
    "bodyStyle": "Sedan",
    "tcs": true,
    "abs": true,
    "enginePos": "Front",
    "fuelType": "Petrol",
    "mra": 91.3,
    "ola": 85.71,
    "description": "The fastest Rapide from Aston.",
    "card": "https://media.discordapp.net/attachments/819199720249360384/849757498344865822/RapideAMR.png",
    "333TopSpeed": 208,
    "3330to60": 4.0,
    "333Handling": 90,
    "666TopSpeed": 210,
    "6660to60": 3.8,
    "666Handling": 93,
    "996TopSpeed": 213,
    "9960to60": 3.6,
    "996Handling": 93,
    "969TopSpeed": 213,
    "9690to60": 3.8,
    "969Handling": 97,
    "699TopSpeed": 210,
    "6990to60": 3.6,
    "699Handling": 97,
    "racehud": "https://media.discordapp.net/attachments/995376525119586356/995979648716505199/rapideamr.png",
    "creator": "Bnuuy"
}