{
    "rq": 35,
    "make": "Aston Martin",
    "model": "DB7 Volante",
    "modelYear": 1996,
    "country": "GB",
    "topSpeed": 152,
    "0to60": 6.4,
    "handling": 74,
    "driveType": "RWD",
    "tyreType": "Performance",
    "tags": ["The Royal Collection"],
    "isPrize": false,
    "weight": 1900,
    "gc": "Low",
    "seatCount": 4,
    "bodyStyle": "Convertible",
    "tcs": false,
    "abs": true,
    "enginePos": "Front",
    "fuelType": "Petrol",
    "mra": 55.65,
    "ola": 75,
    "description": "The Convertible DB7 that didnt go as planned.",
    "card": "https://media.discordapp.net/attachments/819199720249360384/855242395939635210/db7volante.png",
    "333TopSpeed": 155,
    "3330to60": 6.1,
    "333Handling": 76,
    "666TopSpeed": 159,
    "6660to60": 5.8,
    "666Handling": 79,
    "996TopSpeed": 162,
    "9960to60": 5.4,
    "996Handling": 79,
    "969TopSpeed": 162,
    "9690to60": 5.8,
    "969Handling": 82,
    "699TopSpeed": 159,
    "6990to60": 5.4,
    "699Handling": 82,
    "racehud": "https://media.discordapp.net/attachments/995376525119586356/995978874980663296/db7volante.png",
    "creator": "Bnuuy"
}