{
    "rq": 80,
    "make": "Aston Martin",
    "model": "DBS Superleggera",
    "modelYear": 2018,
    "country": "GB",
    "topSpeed": 211,
    "0to60": 3.5,
    "handling": 91,
    "driveType": "RWD",
    "tyreType": "Performance",
    "tags": ["Silver Screen","Grand Tourer","OG"],
    "isPrize": false,
    "weight": 1899,
    "gc": "Low",
    "seatCount": 4,
    "bodyStyle": "Coupe",
    "tcs": true,
    "abs": true,
    "enginePos": "Front",
    "fuelType": "Petrol",
    "mra": 92.11,
    "ola": 102.86,
    "description": "The ultimate Aston Martin. At least until the Valkyrie rocks up.",
    "card": "https://media.discordapp.net/attachments/819199720249360384/827999531634393088/DBS_Superleggera_18.png",
    "333TopSpeed": 213,
    "3330to60": 3.3,
    "333Handling": 94,
    "666TopSpeed": 216,
    "6660to60": 3.2,
    "666Handling": 97,
    "996TopSpeed": 218,
    "9960to60": 3.0,
    "996Handling": 97,
    "969TopSpeed": 218,
    "9690to60": 3.2,
    "969Handling": 101,
    "699TopSpeed": 216,
    "6990to60": 3.0,
    "699Handling": 101,
    "racehud": "https://media.discordapp.net/attachments/995376525119586356/997775990975639653/dbssuperleggera.png",
    "creator": "Macan"
}