{
    "rq": 32,
    "make": [
        "Abarth",
        "Fiat"
    ],
    "model": "500",
    "modelYear": 2008,
    "country": "IT",
    "topSpeed": 127,
    "0to60": 7.3,
    "handling": 76,
    "driveType": "FWD",
    "tyreType": "Performance",
    "tags": [
        "Street Racer","OG"
    ],
    "isPrize": false,
    "weight": 1035,
    "gc": "Low",
    "seatCount": 4,
    "bodyStyle": "Hatchback",
    "tcs": true,
    "abs": true,
    "enginePos": "Front",
    "fuelType": "Petrol",
    "mra": 50.79,
    "ola": 70.1,
    "description": "The reintroduced Cinquecento gets injected with scorpion poison.",
    "card": "https://media.discordapp.net/attachments/819199720249360384/820433001539960842/unknown.png",
    "333TopSpeed": 131,
    "3330to60": 6.9,
    "333Handling": 79,
    "666TopSpeed": 135,
    "6660to60": 6.6,
    "666Handling": 81,
    "996TopSpeed": 139,
    "9960to60": 6.2,
    "996Handling": 81,
    "969TopSpeed": 139,
    "9690to60": 6.6,
    "969Handling": 84,
    "699TopSpeed": 135,
    "6990to60": 6.2,
    "699Handling": 84,
    "racehud": "https://cdn.discordapp.com/attachments/1077293403668234340/1094929555799683122/abarth500modern.png",
    "creator": "Havvy"
}