{
    "rq": 42,
    "make": ["Alpina","BMW"],
    "model": "B12 5.0 Coupe",
    "modelYear": 1990,
    "country": "DE",
    "topSpeed": 175,
    "0to60": 6.6,
    "handling": 73,
    "driveType": "RWD",
    "tyreType": "Performance",
    "tags": ["Unique","Tuner","Grand Tourer"],
    "isPrize": false,
    "weight": 1790,
    "gc": "Medium",
    "seatCount": 4,
    "bodyStyle": "Coupe",
    "tcs": true,
    "abs": true,
    "enginePos": "Front",
    "fuelType": "Petrol",
    "mra": 69.47,
    "ola": 75.75,
    "description": "None.",
    "card": "https://media.discordapp.net/attachments/819199720249360384/857393716331544576/alpinab125.png",
    "333TopSpeed": 178,
    "3330to60": 6.3,
    "333Handling": 75,
    "666TopSpeed": 181,
    "6660to60": 5.9,
    "666Handling": 78,
    "996TopSpeed": 184,
    "9960to60": 5.6,
    "996Handling": 78,
    "969TopSpeed": 184,
    "9690to60": 5.9,
    "969Handling": 81,
    "699TopSpeed": 181,
    "6990to60": 5.6,
    "699Handling": 81,
    "racehud": "https://media.discordapp.net/attachments/995376525119586356/995822183240712293/B125L.png",
    "creator": "Bnuuy"
}