{
    "rq": 35,
    "make": "Acura",
    "model": "Vigor GS",
    "modelYear": 1991,
    "country": "US",
    "topSpeed": 131,
    "0to60": 8.4,
    "handling": 68,
    "driveType": "FWD",
    "tyreType": "Standard",
    "tags": [],
    "isPrize": false,
    "weight": 1457,
    "gc": "Medium",
    "seatCount": 4,
    "bodyStyle": "Sedan",
    "tcs": false,
    "abs": true,
    "enginePos": "Front",
    "fuelType": "Petrol",
    "mra": 53.5,
    "ola": 61.9,
    "description": "None.",
    "card": "https://media.discordapp.net/attachments/819199720249360384/821061527657644072/vigor.png",
    "333TopSpeed": 135,
    "3330to60": 8.0,
    "333Handling": 70,
    "666TopSpeed": 139,
    "6660to60": 7.6,
    "666Handling": 72,
    "996TopSpeed": 143,
    "9960to60": 7.1,
    "996Handling": 72,
    "969TopSpeed": 143,
    "9690to60": 7.6,
    "969Handling": 75,
    "699TopSpeed": 139,
    "6990to60": 7.1,
    "699Handling": 75,
    "racehud": "https://media.discordapp.net/attachments/995376525119586356/996026729678241842/acuravigor.png",
    "creator": "Bnuuy"
}