{
    "rq": 31,
    "make": "Aston Martin",
    "model": "DB3S",
    "modelYear": 1953,
    "country": "GB",
    "topSpeed": 140,
    "0to60": 6.6,
    "handling": 68,
    "driveType": "RWD",
    "tyreType": "Performance",
    "tags": ["Motorsport","Ultra Expensive","Unique","The Royal Collection"],
    "isPrize": true,
    "weight": 890,
    "gc": "Low",
    "seatCount": 2,
    "bodyStyle": "Open Air",
    "tcs": false,
    "abs": false,
    "enginePos": "Front",
    "fuelType": "Petrol",
    "mra": 52.56,
    "ola": 78.05,
    "description": "A Classic Le Mans racer.",
    "card": "https://media.discordapp.net/attachments/819199720249360384/849757302155509780/DB3S.png",
    "333TopSpeed": 144,
    "3330to60": 6.3,
    "333Handling": 70,
    "666TopSpeed": 147,
    "6660to60": 5.9,
    "666Handling": 72,
    "996TopSpeed": 151,
    "9960to60": 5.6,
    "996Handling": 72,
    "969TopSpeed": 151,
    "9690to60": 5.9,
    "969Handling": 75,
    "699TopSpeed": 147,
    "6990to60": 5.6,
    "699Handling": 75,
    "racehud": "https://media.discordapp.net/attachments/995376525119586356/995819556037738556/db3s.png",
    "creator": "Bnuuy"
}