{
    "rq": 46,
    "make": "Alfa Romeo",
    "model": "147 GTA",
    "modelYear": 2002,
    "country": "IT",
    "topSpeed": 152,
    "0to60": 6.1,
    "handling": 81,
    "driveType": "FWD",
    "tyreType": "Performance",
    "tags": [
        "Hot Hatch","OG"
    ],
    "isPrize": false,
    "weight": 1360,
    "gc": "Low",
    "seatCount": 5,
    "bodyStyle": "Hatchback",
    "tcs": true,
    "abs": true,
    "enginePos": "Front",
    "fuelType": "Petrol",
    "mra": 71.63,
    "ola": 88.02,
    "description": "Alfa's hot hatch that feels like the Millennium Falcon's overdrive while accelerating.",
    "card": "https://media.discordapp.net/attachments/819199720249360384/822823944821932032/alfa_romeo_147_gta.png",
    "333TopSpeed": 155,
    "3330to60": 5.8,
    "333Handling": 84,
    "666TopSpeed": 159,
    "6660to60": 5.5,
    "666Handling": 86,
    "996TopSpeed": 162,
    "9960to60": 5.2,
    "996Handling": 86,
    "969TopSpeed": 162,
    "9690to60": 5.5,
    "969Handling": 90,
    "699TopSpeed": 159,
    "6990to60": 5.2,
    "699Handling": 90,
    "racehud": "https://media.discordapp.net/attachments/995376525119586356/1003288612957339688/147_gta.jpg",
    "creator": "Keanny"
}