{
    "rq": 81,
    "make": "Aston Martin",
    "model": "DB7 V8 GT1",
    "modelYear": 1995,
    "country": "GB",
    "topSpeed": 196,
    "0to60": 3.6,
    "handling": 94,
    "driveType": "RWD",
    "tyreType": "Slick",
    "tags": ["The Royal Collection","Motorsport","Unique","Ultra Expensive"],
    "isPrize": false,
    "weight": 1330,
    "gc": "Low",
    "seatCount": 1,
    "bodyStyle": "Coupe",
    "tcs": false,
    "abs": false,
    "enginePos": "Front",
    "fuelType": "Petrol",
    "mra": 107.81,
    "ola": 77.78,
    "description": "What happens when a billionaire throws money at a car maker to make a car for 1 race? throwing a 6.3L V8 into a DB7 is what.",
    "card": "https://media.discordapp.net/attachments/819199720249360384/855242572180095016/db7gt1.png",
    "333TopSpeed": 199,
    "3330to60": 3.4,
    "333Handling": 97,
    "666TopSpeed": 201,
    "6660to60": 3.2,
    "666Handling": 100,
    "996TopSpeed": 204,
    "9960to60": 3.1,
    "996Handling": 100,
    "969TopSpeed": 204,
    "9690to60": 3.2,
    "969Handling": 104,
    "699TopSpeed": 201,
    "6990to60": 3.1,
    "699Handling": 104,
    "racehud": "https://media.discordapp.net/attachments/995376525119586356/995692008595259392/db7gt1.png",
    "creator": "Bnuuy"
}