{
    "rq": 55,
    "make": "Aston Martin",
    "model": "DB7 GTA",
    "modelYear": 2003,
    "country": "GB",
    "topSpeed": 165,
    "0to60": 4.9,
    "handling": 78,
    "driveType": "RWD",
    "tyreType": "Performance",
    "tags": ["The Royal Collection","Grand Tourer"],
    "isPrize": false,
    "weight": 1852,
    "gc": "Low",
    "seatCount": 4,
    "bodyStyle": "Coupe",
    "tcs": true,
    "abs": true,
    "enginePos": "Front",
    "fuelType": "Petrol",
    "mra": 77.78,
    "ola": 77.55,
    "description": "None.",
    "card": "https://media.discordapp.net/attachments/819199720249360384/855243192034131978/DB7GTA.png",
    "333TopSpeed": 168,
    "3330to60": 4.7,
    "333Handling": 81,
    "666TopSpeed": 171,
    "6660to60": 4.4,
    "666Handling": 83,
    "996TopSpeed": 174,
    "9960to60": 4.2,
    "996Handling": 83,
    "969TopSpeed": 174,
    "9690to60": 4.4,
    "969Handling": 87,
    "699TopSpeed": 171,
    "6990to60": 4.2,
    "699Handling": 87,
    "racehud": "https://media.discordapp.net/attachments/995376525119586356/995979108787945502/astonchan.png",
    "creator": "Bnuuy"
}