{
    "rq": 95,
    "make": [
        "Apollo",
        "Gumpert"
    ],
    "model": "Intensa Emozione",
    "modelYear": 2019,
    "country": "DE",
    "topSpeed": 208,
    "0to60": 2.7,
    "handling": 98,
    "driveType": "RWD",
    "tyreType": "Performance",
    "tags": [
        "Track Day",
        "Hypercar",
        "Ultra Expensive","OG"
    ],
    "isPrize": true,
    "weight": 1250,
    "gc": "Low",
    "seatCount": 2,
    "bodyStyle": "Coupe",
    "tcs": true,
    "abs": true,
    "enginePos": "Middle",
    "fuelType": "Petrol",
    "mra": 108,
    "ola": 96.3,
    "description": "The car purist's modern-day hypercar.",
    "card": "https://media.discordapp.net/attachments/819199720249360384/824683417290801172/apolloie.png",
    "333TopSpeed": 211,
    "3330to60": 2.6,
    "333Handling": 101,
    "666TopSpeed": 213,
    "6660to60": 2.4,
    "666Handling": 104,
    "996TopSpeed": 216,
    "9960to60": 2.3,
    "996Handling": 104,
    "969TopSpeed": 216,
    "9690to60": 2.4,
    "969Handling": 109,
    "699TopSpeed": 213,
    "6990to60": 2.3,
    "699Handling": 109,
    "racehud": "https://media.discordapp.net/attachments/995376525119586356/1016830132872282172/apollo.png",
    "creator": "DodgeDemon"
}