{
    "rq": 48,
    "make": "Audi",
    "model": "TT 3.2 Quattro",
    "modelYear": 2004,
    "country": "DE",
    "topSpeed": 155,
    "0to60": 6.0,
    "handling": 78,
    "driveType": "4WD",
    "tyreType": "Performance",
    "tags": [],
    "isPrize": false,
    "weight": 1520,
    "gc": "Low",
    "seatCount": 4,
    "bodyStyle": "Coupe",
    "tcs": true,
    "abs": true,
    "enginePos": "Front",
    "fuelType": "Petrol",
    "mra": 65.93,
    "ola": 73.33,
    "description": "Ridiculously nimble through the esses, amazingly stable at high speed all with revolutionary and timeless styling.",
    "card": "https://media.discordapp.net/attachments/819199720249360384/996204653253513216/AudiTT32Quattro.png",
    "333TopSpeed": 158,
    "3330to60": 5.7,
    "333Handling": 81,
    "666TopSpeed": 162,
    "6660to60": 5.4,
    "666Handling": 83,
    "996TopSpeed": 165,
    "9960to60": 5.1,
    "996Handling": 83,
    "969TopSpeed": 165,
    "9690to60": 5.4,
    "969Handling": 87,
    "699TopSpeed": 162,
    "6990to60": 5.1,
    "699Handling": 87,
    "racehud": "https://media.discordapp.net/attachments/995376525119586356/996179581457420338/AudiTT32Quattro.png",
    "creator": "Spence"
}