{
    "rq": 47,
    "make": "BMW",
    "model": "X2 sDrive20i M Sport",
    "modelYear": 2018,
    "country": "DE",
    "topSpeed": 141,
    "0to60": 7.5,
    "handling": 81,
    "driveType": "FWD",
    "tyreType": "Standard",
    "tags": [],
    "isPrize": false,
    "weight": 1460,
    "gc": "Medium",
    "seatCount": 5,
    "bodyStyle": "SUV",
    "tcs": true,
    "abs": true,
    "enginePos": "Front",
    "fuelType": "Petrol",
    "mra": 62.87,
    "ola": 91.28,
    "description": "BMW's attempt to profit off the crossover craze.",
    "card": "https://media.discordapp.net/attachments/819199720249360384/828979124118224906/BMWX2sDrive20i.png",
    "333TopSpeed": 145,
    "3330to60": 7.1,
    "333Handling": 84,
    "666TopSpeed": 147,
    "6660to60": 6.8,
    "666Handling": 86,
    "996TopSpeed": 152,
    "9960to60": 6.4,
    "996Handling": 86,
    "969TopSpeed": 152,
    "9690to60": 6.8,
    "969Handling": 90,
    "699TopSpeed": 147,
    "6990to60": 6.4,
    "699Handling": 90,
    "racehud": "https://cdn.discordapp.com/attachments/1077293403668234340/1100105304521330728/c00198.png",
    "creator": "Havvy"
}