{
    "rq": 40,
    "make": "Audi",
    "model": "A3 2.0 TFSI S line",
    "modelYear": 2004,
    "country": "DE",
    "topSpeed": 147,
    "0to60": 6.6,
    "handling": 80,
    "driveType": "FWD",
    "tyreType": "Performance",
    "tags": [],
    "isPrize": false,


    "weight": 1416,
    "gc": "Low",
    "seatCount": 5,
    "bodyStyle": "Hatchback",
    "tcs": true,
    "abs": true,
    "enginePos": "Front",
    "fuelType": "Petrol",
    "mra": 62.85,
    "ola": 75.75,
    "description": "First recipient of original TFSI engine which lasted until 2017 when Scirocco production ended.",
    "card": "https://media.discordapp.net/attachments/1077292374608326656/1134099931712471070/C.AudiA320TFSI8P.png",
    "racehud": "https://media.discordapp.net/attachments/1077293403668234340/1134102490577637447/A320T.png",
    "creator": "Connor",

    "333TopSpeed": 151,
    "3330to60": 6.3,
    "333Handling": 83,

    "666TopSpeed": 154,
    "6660to60": 5.9, 
    "666Handling": 85,

    "996TopSpeed": 158,
    "9960to60": 5.6,
    "996Handling": 85,

    "969TopSpeed": 158,
    "9690to60": 5.9,
    "969Handling": 89,

    "699TopSpeed": 154,
    "6990to60": 5.6,
    "699Handling": 89
}