{
    "rq": 43,
    "make": "BMW",
    "model": "M1",
    "modelYear": 1978,
    "country": "DE",
    "topSpeed": 162,
    "0to60": 5.6,
    "handling": 72,
    "driveType": "RWD",
    "tyreType": "Performance",
    "tags": [
        "Style Icon",
        "Supercar","OG"
    ],
    "isPrize": false,
    "weight": 1300,
    "gc": "Low",
    "seatCount": 2,
    "bodyStyle": "Coupe",
    "tcs": false,
    "abs": false,
    "enginePos": "Middle",
    "fuelType": "Petrol",
    "mra": 70.89,
    "ola": 85.71,
    "description": "A BMW supercar, the first and (arguably) last of its kind.",
    "card": "https://media.discordapp.net/attachments/819199720249360384/819383405622853662/m1.png",
    "333TopSpeed": 165,
    "3330to60": 5.3,
    "333Handling": 74,
    "666TopSpeed": 168,
    "6660to60": 5,
    "666Handling": 77,
    "996TopSpeed": 172,
    "9960to60": 4.8,
    "996Handling": 77,
    "969TopSpeed": 172,
    "9690to60": 5,
    "969Handling": 80,
    "699TopSpeed": 168,
    "6990to60": 4.8,
    "699Handling": 80,
    "racehud": "https://media.discordapp.net/attachments/995376525119586356/1003178532853252137/m1.jpg",
    "creator": "Keanny"
}