{
    "rq": 79,
    "make": "Bentley",
    "model": "Bentayga Diesel",
    "modelYear": 2017,
    "country": "GB",
    "topSpeed": 168,
    "0to60": 4.9,
    "handling": 78,
    "driveType": "4WD",
    "tyreType": "All-Surface",
    "tags": ["The Royal Collection"],
    "isPrize": false,
    "weight": 2499,
    "gc": "High",
    "seatCount": 5,
    "bodyStyle": "SUV",
    "tcs": true,
    "abs": true,
    "enginePos": "Front",
    "fuelType": "Diesel",
    "mra": 65.33,
    "ola": 77.55,
    "description": "The Not-so-Eco-Friendly-Bentley.",
    "card": "https://media.discordapp.net/attachments/819199720249360384/849746861291339776/BentleyBDiesel.png",
    "333TopSpeed": 171,
    "3330to60": 4.7,
    "333Handling": 81,
    "666TopSpeed": 174,
    "6660to60": 4.4,
    "666Handling": 83,
    "996TopSpeed": 177,
    "9960to60": 4.2,
    "996Handling": 83,
    "969TopSpeed": 177,
    "9690to60": 4.4,
    "969Handling": 87,
    "699TopSpeed": 174,
    "6990to60": 4.2,
    "699Handling": 87,
    "racehud": "https://media.discordapp.net/attachments/995376525119586356/996021693929766933/bentaygadie.png",
    "creator": "Bnuuy"
}