{
    "rq": 62,
    "make": [
        "Autodelta",
        "Alfa Romeo"
    ],
    "model": "147 GTA AM 3.2 Super",
    "modelYear": 2007,
    "country": "GB",
    "topSpeed": 177,
    "0to60": 4.9,
    "handling": 85,
    "driveType": "FWD",
    "tyreType": "Performance",
    "tags": [
        "Hot Hatch",
        "Tuner",
        "Sleeper"
    ],
    "isPrize": false,
    "weight": 1360,
    "gc": "Low",
    "seatCount": 5,
    "bodyStyle": "Hatchback",
    "tcs": true,
    "abs": true,
    "enginePos": "Front",
    "fuelType": "Petrol",
    "mra": 75.38,
    "ola": 89.8,
    "description": "A lower performance variant to complement with the updated 422hp 3.7 Super.",
    "card": "https://media.discordapp.net/attachments/819199720249360384/837302603641651272/autodelta_147_gta_am_3.2_super.png",
    "333TopSpeed": 180,
    "3330to60": 4.7,
    "333Handling": 88,
    "666TopSpeed": 183,
    "6660to60": 4.4,
    "666Handling": 91,
    "996TopSpeed": 186,
    "9960to60": 4.2,
    "996Handling": 91,
    "969TopSpeed": 186,
    "9690to60": 4.4,
    "969Handling": 94,
    "699TopSpeed": 183,
    "6990to60": 4.2,
    "699Handling": 94,
    "racehud": "https://media.discordapp.net/attachments/995376525119586356/1003257167069061210/autodelta_147_gtam_3.2.jpg",
    "creator": "Keanny"
}