{
    "rq": 66,
    "make": "BMW",
    "model": "440i",
    "modelYear": 2016,
    "country": "DE",
    "topSpeed": 155,
    "0to60": 4.8,
    "handling": 83,
    "driveType": "RWD",
    "tyreType": "Performance",
    "tags": ["Oceanic View"],
    "isPrize": false,
    "weight": 1587,
    "gc": "Medium",
    "seatCount": 4,
    "bodyStyle": "Coupe",
    "tcs": true,
    "abs": true,
    "enginePos": "Front",
    "fuelType": "Petrol",
    "mra": 78.69,
    "ola": 79.58,
    "description": "The F32 4-series' range topper.",
    "card": "https://cdn.discordapp.com/attachments/1077292374608326656/1081598990128271370/440i.png",
"333TopSpeed": 158,
"3330to60": 4.6,
"333Handling": 86,

"666TopSpeed": 162,
"6660to60": 4.3,
"666Handling": 88,

"699TopSpeed": 162,
"6990to60": 4.1,
"699Handling": 92,

"969TopSpeed": 165,
"9690to60": 4.3,
"969Handling": 92,

"996TopSpeed": 165,
"9960to60": 4.1,
"996Handling": 88,
    "racehud": "https://cdn.discordapp.com/attachments/1077293403668234340/1081599035250581544/440iCoupe.png",
    "creator": "Andu"
}