{
    "rq": 70,
    "make": "BMW",
    "model": "M235i xDrive Gran Coupe",
    "modelYear": 2020,
    "country": "DE",
    "topSpeed": 155,
    "0to60": 4.7,
    "handling": 82,
    "driveType": "4WD",
    "tyreType": "Performance",
    "tags": [],
    "isPrize": false,
    "weight": 1570,
    "gc": "Medium",
    "seatCount": 5,
    "bodyStyle": "Sedan",
    "tcs": true,
    "abs": true,
    "enginePos": "Front",
    "fuelType": "Petrol",
    "mra": 66.2,
    "ola": 76.6,
    "description": "Not quite a BMWRX that many people expected.",
    "card": "https://media.discordapp.net/attachments/819199720249360384/820344365771784222/unknown.png",
    "333TopSpeed": 158,
    "3330to60": 4.5,
    "333Handling": 85,
    "666TopSpeed": 162,
    "6660to60": 4.2,
    "666Handling": 87,
    "996TopSpeed": 165,
    "9960to60": 4.0,
    "996Handling": 87,
    "969TopSpeed": 165,
    "9690to60": 4.2,
    "969Handling": 91,
    "699TopSpeed": 162,
    "6990to60": 4.0,
    "699Handling": 91,
    "racehud": "https://media.discordapp.net/attachments/995376525119586356/1018169027153109093/BMW_M235i_xDrive_Gran_Coupe.png",
    "creator": "Havvy"
}
