{
    "rq": 35,
    "make": "BMW",
    "model": "218i Active Tourer Luxury Line",
    "modelYear": 2014,
    "country": "DE",
    "topSpeed": 127,
    "0to60": 8.9,
    "handling": 71,
    "driveType": "FWD",
    "tyreType": "Standard",
    "tags": [],
    "isPrize": false,
    "weight": 1360,
    "gc": "Medium",
    "seatCount": 5,
    "bodyStyle": "Wagon",
    "tcs": true,
    "abs": true,
    "enginePos": "Front",
    "fuelType": "Petrol",
    "mra": 50.28,
    "ola": 69.66,
    "description": "Luxury and space for the kids.",
    "card": "https://media.discordapp.net/attachments/819199720249360384/851223174343163914/218i_Active_Tourer_Luxury_Line_14.png",
    "333TopSpeed": 131,
    "3330to60": 8.5,
    "333Handling": 73,
    "666TopSpeed": 135,
    "6660to60": 8.0,
    "666Handling": 76,
    "996TopSpeed": 139,
    "9960to60": 7.6,
    "996Handling": 76,
    "969TopSpeed": 139,
    "9690to60": 8.0,
    "969Handling": 79,
    "699TopSpeed": 135,
    "6990to60": 7.6,
    "699Handling": 79,
    "racehud": "https://media.discordapp.net/attachments/995376525119586356/1024380365579747389/BMW_218i_Active_Tourer.png",
    "creator": "Macan"
}