{
    "rq": 65,
    "make": "Audi",
    "model": "S4",
    "modelYear": 2009,
    "country": "DE",
    "topSpeed": 155,
    "0to60": 4.7,
    "handling": 86,
    "driveType": "4WD",
    "tyreType": "Performance",
    "tags": [
        "Super Sedan"
    ],
    "isPrize": false,
    "weight": 1780,
    "gc": "Low",
    "seatCount": 5,
    "bodyStyle": "Sedan",
    "tcs": true,
    "abs": true,
    "enginePos": "Front",
    "fuelType": "Petrol",
    "mra": 69.12,
    "ola": 76.6,
    "description": "Audi's supercharged solution to 335i.",
    "card": "https://media.discordapp.net/attachments/819199720249360384/836939284652883978/A.AudiS4B8.png",
    "333TopSpeed": 158,
    "3330to60": 4.5,
    "333Handling": 89,
    "666TopSpeed": 162,
    "6660to60": 4.2,
    "666Handling": 92,
    "996TopSpeed": 165,
    "9960to60": 4.0,
    "996Handling": 92,
    "969TopSpeed": 165,
    "9690to60": 4.2,
    "969Handling": 95,
    "699TopSpeed": 162,
    "6990to60": 4.0,
    "699Handling": 95,
    "racehud": "https://media.discordapp.net/attachments/995376525119586356/1018088085524848670/Audi_S4_2009.png",
    "creator": "Connor"
}