{
    "rq": 68,
    "make": "Autobacs",
    "model": "Garaiya",
    "modelYear": 2002,
    "country": "JP",
    "topSpeed": 137,
    "0to60": 5.0,
    "handling": 87,
    "driveType": "RWD",
    "tyreType": "Performance",
    "tags": [
        "Tuner",
        "Street Racer"
    ],
    "isPrize": false,
    "weight": 795,
    "gc": "Medium",
    "seatCount": 2,
    "bodyStyle": "Coupe",
    "tcs": true,
    "abs": true,
    "enginePos": "Middle",
    "fuelType": "Petrol",
    "mra": 84.75,
    "ola": 78.18,
    "description": "Autobacs, Japan's most popular automobile parts store chain decided to make its own car with the help of Tommykaira. Powered by Nissan's SR20VE sending 201hp and 151ft-lb of torque to the rear wheels.",
    "card": "https://media.discordapp.net/attachments/819199720249360384/819576686604976218/Autobacs-Garaiya-Remake.png",
    "333TopSpeed": 141,
    "3330to60": 4.8,
    "333Handling": 90,
    "666TopSpeed": 145,
    "6660to60": 4.5,
    "666Handling": 93,
    "996TopSpeed": 148,
    "9960to60": 4.3,
    "996Handling": 93,
    "969TopSpeed": 148,
    "9690to60": 4.5,
    "969Handling": 97,
    "699TopSpeed": 145,
    "6990to60": 4.3,
    "699Handling": 97,
    "racehud": "https://media.discordapp.net/attachments/995376525119586356/1018166923701276702/Autobacs_Garaiya.png",
    "creator": "Ahmed"
}