{
    "rq": 63,
    "make": "Audi",
    "model": "RS 6",
    "modelYear": 2002,
    "country": "DE",
    "topSpeed": 159,
    "0to60": 4.5,
    "handling": 79,
    "driveType": "4WD",
    "tyreType": "Performance",
    "tags": [
        "Super Sedan"
    ],
    "isPrize": false,
    "weight": 1845,
    "gc": "Low",
    "seatCount": 5,
    "bodyStyle": "Sedan",
    "tcs": true,
    "abs": true,
    "enginePos": "Front",
    "fuelType": "Petrol",
    "mra": 70.48,
    "ola": 73.01,
    "description": "An utterly beguiling and timeless car.",
    "card": "https://media.discordapp.net/attachments/819199720249360384/824604593425350686/rs6.png",
    "333TopSpeed": 162,
    "3330to60": 4.3,
    "333Handling": 82,
    "666TopSpeed": 166,
    "6660to60": 4.1,
    "666Handling": 84,
    "996TopSpeed": 169,
    "9960to60": 3.8,
    "996Handling": 84,
    "969TopSpeed": 169,
    "9690to60": 4.1,
    "969Handling": 88,
    "699TopSpeed": 166,
    "6990to60": 3.8,
    "699Handling": 88,
    "racehud": "https://media.discordapp.net/attachments/995376525119586356/1017149435567939715/Audi_RS_6_Sedan.png",
    "creator": "Havvy"
}