{
    "rq": 86,
    "make": "BMW",
    "model": "M850i xDrive",
    "modelYear": 2019,
    "country": "DE",
    "topSpeed": 157,
    "0to60": 3.5,
    "handling": 89,
    "driveType": "4WD",
    "tyreType": "Performance",
    "tags": ["Grand Tourer"],
    "isPrize": false,
    "weight": 1996,
    "gc": "Medium",
    "seatCount": 2,
    "bodyStyle": "Coupe",
    "tcs": true,
    "abs": true,
    "enginePos": "Front",
    "fuelType": "Petrol",
    "mra": 77.78,
    "ola": 72.22,
    "description": "Not quite a M8 but still a friend.",
    "card": "https://media.discordapp.net/attachments/819199720249360384/820222992038625290/S.BMWM850ixDrive6.png",
    "333TopSpeed": 160,
    "3330to60": 3.3,
    "333Handling": 92,
    "666TopSpeed": 164,
    "6660to60": 3.2,
    "666Handling": 95,
    "996TopSpeed": 167,
    "9960to60": 3.0,
    "996Handling": 95,
    "969TopSpeed": 167,
    "9690to60": 3.2,
    "969Handling": 99,
    "699TopSpeed": 164,
    "6990to60": 3.0,
    "699Handling": 99,
    "racehud": "https://media.discordapp.net/attachments/995376525119586356/995762706848174090/BMWX7M50i.png",
    "creator": "Connor"
}