{
    "rq": 80,
    "make": "Audi",
    "model": "RS 7 Sportback",
    "modelYear": 2019,
    "country": "DE",
    "topSpeed": 155,
    "0to60": 3.2,
    "handling": 87,
    "driveType": "4WD",
    "tyreType": "Performance",
    "tags": [
        "Super Sedan"
    ],
    "isPrize": false,
    "weight": 2065,
    "gc": "Low",
    "seatCount": 4,
    "bodyStyle": "Sedan",
    "tcs": true,
    "abs": true,
    "enginePos": "Front",
    "fuelType": "Petrol",
    "mra": 74.75,
    "ola": 89.87,
    "description": "One of audi's fastest Sedan's.",
    "card": "https://media.discordapp.net/attachments/819199720249360384/854694651633598484/CD_Audi_RS7_Sportback.png",
    "333TopSpeed": 158,
    "3330to60": 3.0,
    "333Handling": 90,
    "666TopSpeed": 162,
    "6660to60": 2.9,
    "666Handling": 93,
    "996TopSpeed": 165,
    "9960to60": 2.7,
    "996Handling": 93,
    "969TopSpeed": 165,
    "9690to60": 2.9,
    "969Handling": 97,
    "699TopSpeed": 162,
    "6990to60": 2.7,
    "699Handling": 97,
    "racehud": "https://media.discordapp.net/attachments/995376525119586356/1017338287368712262/Audi_RS_7_SportbackK.png",
    "creator": "Exist"
}