{
    "rq": 72,
    "make": "BMW",
    "model": "M3 GTS",
    "modelYear": 2010,
    "country": "DE",
    "topSpeed": 190,
    "0to60": 4.4,
    "handling": 92,
    "driveType": "RWD",
    "tyreType": "Performance",
    "tags": ["Track Day"],
    "isPrize": false,
    "weight": 1530,
    "gc": "Low",
    "seatCount": 2,
    "bodyStyle": "Coupe",
    "tcs": true,
    "abs": true,
    "enginePos": "Front",
    "fuelType": "Petrol",
    "mra": 88,
    "ola": 81.82,
    "description": "Finally, a real M car again.",
    "card": "https://media.discordapp.net/attachments/819199720249360384/842473424550887454/M3GTS.png",
    "333TopSpeed": 193,
    "3330to60": 4.2,
    "333Handling": 95,
    "666TopSpeed": 195,
    "6660to60": 4.0,
    "666Handling": 98,
    "996TopSpeed": 198,
    "9960to60": 3.7,
    "996Handling": 98,
    "969TopSpeed": 198,
    "9690to60": 4.0,
    "969Handling": 102,
    "699TopSpeed": 195,
    "6990to60": 3.7,
    "699Handling": 102,
    "racehud": "https://media.discordapp.net/attachments/995376525119586356/996022214329634886/bmwm3gts.png",
    "creator": "Bnuuy"
}