{
    "rq": 40,
    "make": "BMW",
    "model": "325iX",
    "modelYear": 1987,
    "country": "DE",
    "topSpeed": 132,
    "0to60": 8.4,
    "handling": 71,
    "driveType": "4WD",
    "tyreType": "Standard",
    "tags": [
        "OG",
        "Silver Screen", "Year of the Rabbit"
    ],
    "isPrize": false,
    "weight": 1280,
    "gc": "Medium",
    "seatCount": 5,
    "bodyStyle": "Sedan",
    "tcs": false,
    "abs": true,
    "enginePos": "Front",
    "fuelType": "Petrol",
    "mra": 53,
    "ola": 66.67,
    "description": "",
    "card": "https://media.discordapp.net/attachments/819199720249360384/821145913636552712/BMW325iX.png",
    "333TopSpeed": 136,
    "3330to60": 8,
    "333Handling": 73,
    "666TopSpeed": 140,
    "6660to60": 7.6,
    "666Handling": 76,
    "996TopSpeed": 144,
    "9960to60": 7.1,
    "996Handling": 76,
    "969TopSpeed": 144,
    "9690to60": 7.6,
    "969Handling": 79,
    "699TopSpeed": 140,
    "6990to60": 7.1,
    "699Handling": 79,
    "racehud": "https://cdn.discordapp.com/attachments/1077293403668234340/1095099542074032148/c00156.png",
    "creator": "Havvy"
}