{
    "rq": 30,
    "make": "BMW",
    "model": "735i",
    "modelYear": 1986,
    "country": "DE",
    "topSpeed": 140,
    "0to60": 9.5,
    "handling": 68,
    "driveType": "RWD",
    "tyreType": "Standard",
    "tags": [],
    "isPrize": false,
    "weight": 1600,
    "gc": "Medium",
    "seatCount": 5,
    "bodyStyle": "Sedan",
    "tcs": false,
    "abs": true,
    "enginePos": "Front",
    "fuelType": "Petrol",
    "mra": 60.9,
    "ola": 73.68,
    "description": "Smooth classic luxury. Card by Andu",
    "card": "https://media.discordapp.net/attachments/819199720249360384/821696850569592843/735i.png",
    "333TopSpeed": 144,
    "3330to60": 9,
    "333Handling": 70,
    "666TopSpeed": 147,
    "6660to60": 8.6,
    "666Handling": 72,
    "996TopSpeed": 151,
    "9960to60": 8.1,
    "996Handling": 72,
    "969TopSpeed": 151,
    "9690to60": 8.6,
    "969Handling": 75,
    "699TopSpeed": 147,
    "6990to60": 8.1,
    "699Handling": 75,
    "racehud": "https://media.discordapp.net/attachments/995376525119586356/1043868971713187860/735i.png",
    "creator": "Andu"
}
