{
    "rq": 61,
    "make": "BMW",
    "model": "M6 Coupe",
    "modelYear": 2005,
    "country": "DE",
    "topSpeed": 155,
    "0to60": 4.3,
    "handling": 79,
    "driveType": "RWD",
    "tyreType": "Performance",
    "tags": [
        "Sleeper"
    ],
    "isPrize": false,
    "weight": 1710,
    "gc": "Low",
    "seatCount": 4,
    "bodyStyle": "Coupe",
    "tcs": true,
    "abs": true,
    "enginePos": "Front",
    "fuelType": "Petrol",
    "mra": 93.48,
    "ola": 97.67,
    "description": "",
    "card": "https://media.discordapp.net/attachments/819199720249360384/844100261911593000/BMW_M6_Coupe_.png",
    "333TopSpeed": 158,
    "3330to60": 4.1,
    "333Handling": 82,
    "666TopSpeed": 162,
    "6660to60": 3.9,
    "666Handling": 84,
    "996TopSpeed": 165,
    "9960to60": 3.7,
    "996Handling": 84,
    "969TopSpeed": 165,
    "9690to60": 3.9,
    "969Handling": 88,
    "699TopSpeed": 162,
    "6990to60": 3.7,
    "699Handling": 88,
    "racehud": "https://media.discordapp.net/attachments/995376525119586356/1017336014244679710/BMW_M6_Coupe_2006.png",
    "creator": "F4ST"
}