{
    "rq": 18,
    "make": "BMW",
    "model": "507 Series II 3.70:1",
    "modelYear": 1957,
    "country": "DE",
    "topSpeed": 123,
    "0to60": 10.7,
    "handling": 64,
    "driveType": "RWD",
    "tyreType": "Performance",
    "tags": ["Grand Tourer","Ultra Expensive"],
    "isPrize": false,
    "weight": 1280,
    "gc": "Medium",
    "seatCount": 2,
    "bodyStyle": "Convertible",
    "tcs": false,
    "abs": false,
    "enginePos": "Front",
    "fuelType": "Petrol",
    "mra": 74.82,
    "ola": 57.94,
    "description": "Card by Bnuuy.",
    "card": "https://media.discordapp.net/attachments/819199720249360384/857393783757733918/bmw507Series2370.png",
    "333TopSpeed": 127,
    "3330to60": 10.2,
    "333Handling": 66,
    "666TopSpeed": 131,
    "6660to60": 9.6,
    "666Handling": 68,
    "996TopSpeed": 136,
    "9960to60": 9.1,
    "996Handling": 68,
    "969TopSpeed": 136,
    "9690to60": 9.6,
    "969Handling": 71,
    "699TopSpeed": 131,
    "6990to60": 9.1,
    "699Handling": 71,
    "racehud": "https://media.discordapp.net/attachments/995376525119586356/995978510126551100/507S2.png",
    "creator": "Bnuuy"
}