{
    "rq": 37,
    "make": "BMW",
    "model": "323i Touring",
    "modelYear": 2000,
    "country": "DE",
    "topSpeed": 132,
    "0to60": 7.4,
    "handling": 77,
    "driveType": "RWD",
    "tyreType": "Standard",
    "tags": [],
    "isPrize": false,
    "weight": 1552,
    "gc": "Low",
    "seatCount": 5,
    "bodyStyle": "Wagon",
    "tcs": true,
    "abs": true,
    "enginePos": "Front",
    "fuelType": "Petrol",
    "mra": 54.03,
    "ola": 77.03,
    "description": "The blend of a driver’s car and practicality.",
    "card": "https://media.discordapp.net/attachments/819199720249360384/826051293897687040/BMW_323i_Touring.png",
    "333TopSpeed": 136,
    "3330to60": 7,
    "333Handling": 80,
    "666TopSpeed": 140,
    "6660to60": 6.7,
    "666Handling": 82,
    "996TopSpeed": 144,
    "9960to60": 6.3,
    "996Handling": 82,
    "969TopSpeed": 144,
    "9690to60": 6.7,
    "969Handling": 85,
    "699TopSpeed": 140,
    "6990to60": 6.3,
    "699Handling": 85,
    "racehud": "https://cdn.discordapp.com/attachments/1077293403668234340/1095098593326678096/c00154.png",
    "creator": "Based"
}
