{
    "rq": 44,
    "make": "BMW",
    "model": "M5",
    "modelYear": 1985,
    "country": "DE",
    "topSpeed": 153,
    "0to60": 6.4,
    "handling": 75,
    "driveType": "RWD",
    "tyreType": "Performance",
    "tags": [
        "Innovative",
        "Street Racer",
        "Super Sedan"
    ],
    "isPrize": false,
    "weight": 1500,
    "gc": "Medium",
    "seatCount": 5,
    "bodyStyle": "Sedan",
    "tcs": false,
    "abs": true,
    "enginePos": "Front",
    "fuelType": "Petrol",
    "mra": 66.67,
    "ola": 78.13,
    "description": "The super sedan that paved the way.",
    "card": "https://media.discordapp.net/attachments/819199720249360384/944334250088480818/C.BMWM5E28-u.png",
    "333TopSpeed": 156,
    "3330to60": 6.1,
    "333Handling": 77,
    "666TopSpeed": 160,
    "6660to60": 5.8,
    "666Handling": 80,
    "996TopSpeed": 163,
    "9960to60": 5.4,
    "996Handling": 80,
    "969TopSpeed": 163,
    "9690to60": 5.8,
    "969Handling": 83,
    "699TopSpeed": 160,
    "6990to60": 5.4,
    "699Handling": 83,
    "racehud": "https://media.discordapp.net/attachments/995376525119586356/1023197160323428352/bmw.png",
    "creator": "Connor"
}