{
    "rq": 57,
    "make": "BMW",
    "model": "M5",
    "modelYear": 1998,
    "country": "DE",
    "topSpeed": 157,
    "0to60": 4.8,
    "handling": 78,
    "driveType": "RWD",
    "tyreType": "Performance",
    "tags": [
        "Super Sedan"
    ],
    "isPrize": false,
    "weight": 1795,
    "gc": "Low",
    "seatCount": 4,
    "bodyStyle": "Sedan",
    "tcs": true,
    "abs": true,
    "enginePos": "Front",
    "fuelType": "Petrol",
    "mra": 70.59,
    "ola": 87.5,
    "description": "None.",
    "card": "https://media.discordapp.net/attachments/819199720249360384/819383426384658452/m5_e39.png",
    "333TopSpeed": 160,
    "3330to60": 4.6,
    "333Handling": 81,
    "666TopSpeed": 164,
    "6660to60": 4.3,
    "666Handling": 83,
    "996TopSpeed": 167,
    "9960to60": 4.1,
    "996Handling": 83,
    "969TopSpeed": 167,
    "9690to60": 4.3,
    "969Handling": 87,
    "699TopSpeed": 164,
    "6990to60": 4.1,
    "699Handling": 87,
    "racehud": "https://media.discordapp.net/attachments/995376525119586356/1003660835702456380/m5_e39.jpg",
    "creator": "Keanny"
}