{
    "rq": 91,
    "make": "Bentley",
    "model": "Bentayga W12",
    "modelYear": 2017,
    "country": "GB",
    "topSpeed": 187,
    "0to60": 3.7,
    "handling": 76,
    "driveType": "4WD",
    "tyreType": "All-Surface",
    "tags": ["The Royal Collection", "Extreme Juggernaut"],
    "isPrize": false,
    "weight": 2497,
    "gc": "High",
    "seatCount": 5,
    "bodyStyle": "SUV",
    "tcs": true,
    "abs": true,
    "enginePos": "Front",
    "fuelType": "Petrol",
    "mra": 68.52,
    "ola": 86.48,
    "description": "Bentley's very first SUV that's capable as a Land Rover, luxurious as a yatch and fast as a bullet.",
    "card": "https://media.discordapp.net/attachments/819199720249360384/849739592538128434/S.BentleyBentaygaW12.png",
    "333TopSpeed": 190,
    "3330to60": 3.5,
    "333Handling": 79,
    "666TopSpeed": 193,
    "6660to60": 3.3,
    "666Handling": 81,
    "996TopSpeed": 195,
    "9960to60": 3.1,
    "996Handling": 81,
    "969TopSpeed": 195,
    "9690to60": 3.3,
    "969Handling": 84,
    "699TopSpeed": 193,
    "6990to60": 3.1,
    "699Handling": 84,
    "racehud": "https://media.discordapp.net/attachments/995376525119586356/995765758900572300/bentayga.png",
    "creator": "Connor"
}