{
    "rq": 51,
    "make": "BMW",
    "model": "330i",
    "modelYear": 2005,
    "country": "DE",
    "topSpeed": 155,
    "0to60": 6.1,
    "handling": 80,
    "driveType": "RWD",
    "tyreType": "Performance",
    "tags": [],
    "isPrize": false,
    "weight": 1525,
    "gc": "Medium",
    "seatCount": 5,
    "bodyStyle": "Sedan",
    "tcs": true,
    "abs": true,
    "enginePos": "Front",
    "fuelType": "Petrol",
    "mra": 61,
    "ola": 68.85,
    "description": "Despite not being liked by the BMW purists, the E90 is one of BMW's best selling cars ever.",
    "card": "https://media.discordapp.net/attachments/819199720249360384/847094304513982474/B.BMW330iE90.png",
    "333TopSpeed": 158,
    "3330to60": 5.8,
    "333Handling": 83,
    "666TopSpeed": 162,
    "6660to60": 5.5,
    "666Handling": 85,
    "996TopSpeed": 165,
    "9960to60": 5.2,
    "996Handling": 85,
    "969TopSpeed": 165,
    "9690to60": 5.5,
    "969Handling": 89,
    "699TopSpeed": 162,
    "6990to60": 5.2,
    "699Handling": 89,
    "racehud": "https://media.discordapp.net/attachments/995376525119586356/1023196661356429362/bmw.png",
    "creator": "Connor"
}