{
    "rq": 67,
    "make": [
        "Autodelta",
        "Alfa Romeo"
    ],
    "model": "156 GTA AM 3.7 V6",
    "modelYear": 2004,
    "country": "GB",
    "topSpeed": 175,
    "0to60": 5,
    "handling": 83,
    "driveType": "FWD",
    "tyreType": "Performance",
    "tags": [
        "Tuner",
        "Sleeper",
        "Street Racer"
    ],
    "isPrize": false,
    "weight": 1460,
    "gc": "Medium",
    "seatCount": 5,
    "bodyStyle": "Sedan",
    "tcs": true,
    "abs": true,
    "enginePos": "Front",
    "fuelType": "Petrol",
    "mra": 76.92,
    "ola": 84,
    "description": "The people at Autodelta sat down one day and created the ultimate 156 with a 333-horsepower 3.7 litre V6 and a Ferrari-derived throttle body.",
    "card": "https://media.discordapp.net/attachments/819199720249360384/828984368092545034/Autodelta156.png",
    "333TopSpeed": 178,
    "3330to60": 4.8,
    "333Handling": 86,
    "666TopSpeed": 181,
    "6660to60": 4.5,
    "666Handling": 88,
    "996TopSpeed": 184,
    "9960to60": 4.3,
    "996Handling": 88,
    "969TopSpeed": 184,
    "9690to60": 4.5,
    "969Handling": 92,
    "699TopSpeed": 181,
    "6990to60": 4.3,
    "699Handling": 92,
    "racehud": "https://cdn.discordapp.com/attachments/1077293403668234340/1095097580389675028/c00137.png",
    "creator": "Havvy"
}