{
    "rq": 49,
    "make": [
        "Autodelta",
        "Alfa Romeo"
    ],
    "model": "147 2.0 TwinSpark J12 EVO",
    "modelYear": 2002,
    "country": "GB",
    "topSpeed": 146,
    "0to60": 5.9,
    "handling": 83,
    "driveType": "FWD",
    "tyreType": "Performance",
    "tags": [
        "Tuner",
        "Hot Hatch"
    ],
    "isPrize": false,
    "weight": 1250,
    "gc": "Low",
    "seatCount": 5,
    "bodyStyle": "Hatchback",
    "tcs": true,
    "abs": true,
    "enginePos": "Front",
    "fuelType": "Petrol",
    "mra": 56.14,
    "ola": 81.25,
    "description": "The fastest J12 available.",
    "card": "https://media.discordapp.net/attachments/819199720249360384/837269179723022376/autodelta_147_2.0_ts_j12_evo.png",
    "333TopSpeed": 150,
    "3330to60": 5.6,
    "333Handling": 86,
    "666TopSpeed": 153,
    "6660to60": 5.3,
    "666Handling": 88,
    "996TopSpeed": 157,
    "9960to60": 5,
    "996Handling": 88,
    "969TopSpeed": 157,
    "9690to60": 5.3,
    "969Handling": 92,
    "699TopSpeed": 153,
    "6990to60": 5,
    "699Handling": 92,
    "racehud": "https://media.discordapp.net/attachments/995376525119586356/1003257774018396200/autodelta_147_j12evo_2.0.jpg",
    "creator": "Keanny"
}