{
    "rq": 77,
    "make": "BMW",
    "model": "M440i xDrive Coupe",
    "modelYear": 2020,
    "country": "DE",
    "topSpeed": 155,
    "0to60": 4.0,
    "handling": 83,
    "driveType": "4WD",
    "tyreType": "Performance",
    "tags": ["OG"],
    "isPrize": false,
    "weight": 1740,
    "gc": "Medium",
    "seatCount": 5,
    "bodyStyle": "Coupe",
    "tcs": true,
    "abs": true,
    "enginePos": "Front",
    "fuelType": "Petrol",
    "mra": 70.93,
    "ola": 79.5,
    "description": "Not quite an M4 but still fast nonetheless.",
    "card": "https://media.discordapp.net/attachments/819199720249360384/820345625286672394/unknown.png",
    "333TopSpeed": 158,
    "3330to60": 3.8,
    "333Handling": 86,
    "666TopSpeed": 162,
    "6660to60": 3.6,
    "666Handling": 88,
    "996TopSpeed": 165,
    "9960to60": 3.4,
    "996Handling": 88,
    "969TopSpeed": 165,
    "9690to60": 3.6,
    "969Handling": 92,
    "699TopSpeed": 162,
    "6990to60": 3.4,
    "699Handling": 92,
    "racehud": "https://media.discordapp.net/attachments/995376525119586356/1017055564821450772/BMW_M440i_xDrive.png",
    "creator": "Havvy"
}