{
    "rq": 59,
    "make": "BMW",
    "model": "435i Convertible",
    "modelYear": 2013,
    "country": "DE",
    "topSpeed": 155,
    "0to60": 5.3,
    "handling": 80,
    "driveType": "RWD",
    "tyreType": "Performance",
    "tags": ["OG"],
    "isPrize": false,
    "weight": 1740,
    "gc": "Medium",
    "seatCount": 4,
    "bodyStyle": "Convertible",
    "tcs": true,
    "abs": true,
    "enginePos": "Front",
    "fuelType": "Petrol",
    "mra": 66.25,
    "ola": 79.25,
    "description": "",
    "card": "https://media.discordapp.net/attachments/819199720249360384/820444547485925396/unknown.png",
    "333TopSpeed": 158,
    "3330to60": 5,
    "333Handling": 83,
    "666TopSpeed": 162,
    "6660to60": 4.8,
    "666Handling": 85,
    "996TopSpeed": 165,
    "9960to60": 4.5,
    "996Handling": 85,
    "969TopSpeed": 165,
    "9690to60": 4.8,
    "969Handling": 89,
    "699TopSpeed": 162,
    "6990to60": 4.5,
    "699Handling": 89,
    "racehud": "https://cdn.discordapp.com/attachments/1077293403668234340/1095100457858383902/c00161.png",
    "creator": "Havvy"
}