{
    "rq": 85,
    "make": "BMW",
    "model": "M3 GT2",
    "modelYear": 2009,
    "country": "DE",
    "topSpeed": 162,
    "0to60": 3.1,
    "handling": 96,
    "driveType": "RWD",
    "tyreType": "Slick",
    "tags": ["Motorsport"],
    "isPrize": true,
    "weight": 1284,
    "gc": "Low",
    "seatCount": 1,
    "bodyStyle": "Coupe",
    "tcs": true,
    "abs": false,
    "enginePos": "Front",
    "fuelType": "Petrol",
    "mra": 88.57,
    "ola": 66.5,
    "description": "WOAH ok slow down there.",
    "card": "https://media.discordapp.net/attachments/819199720249360384/821039006044782602/M3GT2.png",
    "333TopSpeed": 165,
    "3330to60": 2.9,
    "333Handling": 99,
    "666TopSpeed": 168,
    "6660to60": 2.8,
    "666Handling": 102,
    "996TopSpeed": 172,
    "9960to60": 2.6,
    "996Handling": 102,
    "969TopSpeed": 172,
    "9690to60": 2.8,
    "969Handling": 107,
    "699TopSpeed": 168,
    "6990to60": 2.6,
    "699Handling": 107,
    "racehud": "https://media.discordapp.net/attachments/995376525119586356/997563067003043940/M3GT2.png",
    "creator": "Bnuuy"
}