{
    "rq": 59,
    "make": "Audi",
    "model": "A6 3.0 TDI quattro tiptronic",
    "modelYear": 2012,
    "country": "DE",
    "topSpeed": 155,
    "0to60": 5.6,
    "handling": 80,
    "driveType": "4WD",
    "tyreType": "Standard",
    "tags": [],
    "isPrize": false,
    "weight": 1902,
    "gc": "Low",
    "seatCount": 5,
    "bodyStyle": "Sedan",
    "tcs": true,
    "abs": true,
    "enginePos": "Front",
    "fuelType": "Diesel",
    "mra": 56.01,
    "ola": 71.43,
    "description": "Winner's Circles: Audi redefines the boundaries of best in class.",
    "card": "https://media.discordapp.net/attachments/819199720249360384/1037085302411497523/A6_3.0_tdi_quattro_for_cd.png",
    "333TopSpeed": 158, 
    "3330to60": 5.3, 
    "333Handling": 83,

    "666TopSpeed": 162, 
    "6660to60": 5.0, 
    "666Handling": 85,

    "699TopSpeed": 162, 
    "6990to60": 4.8, 
    "699Handling": 89,

    "969TopSpeed": 165, 
    "9690to60": 5.0, 
    "969Handling": 89,

    "996TopSpeed": 165, 
    "9960to60": 4.8, 
    "996Handling": 85,
    "racehud": "https://media.discordapp.net/attachments/995376525119586356/1001031979803881472/IMG_20210506_184810.png",
    "creator": "Lemon"
}