{
    "rq": 78,
    "make": "Audi",
    "model": "SQ5",
    "modelYear": 2014,
    "country": "DE",
    "topSpeed": 155,
    "0to60": 4.9,
    "handling": 77,
    "driveType": "4WD",
    "tyreType": "All-Surface",
    "tags": [],
    "isPrize": false,
    "weight": 2006,
    "gc": "High",
    "seatCount": 5,
    "bodyStyle": "SUV",
    "tcs": true,
    "abs": true,
    "enginePos": "Front",
    "fuelType": "Petrol",
    "mra": 65.81,
    "ola": 73.48,
    "description": "Alarmingly quick and cornering with unexpected ferocity, the SQ5 is essentially an S4 wagon.",
    "card": "https://media.discordapp.net/attachments/819199720249360384/838500459257266267/sq5_for_realsies.png",
    "333TopSpeed": 158,
    "3330to60": 4.6,
    "333Handling": 80,
    "666TopSpeed": 162,
    "6660to60": 4.3,
    "666Handling": 82,
    "996TopSpeed": 165,
    "9960to60": 4.1,
    "996Handling": 82,
    "969TopSpeed": 165,
    "9690to60": 4.3,
    "969Handling": 85,
    "699TopSpeed": 162,
    "6990to60": 4.1,
    "699Handling": 85,
    "racehud": "https://media.discordapp.net/attachments/995376525119586356/1016344861659631646/Audi_SQ5_2014.png",
    "creator": "McNuggets"
}