{
    "rq": 68,
    "make": "BMW",
    "model": "M3 Coupe",
    "modelYear": 2007,
    "country": "DE",
    "topSpeed": 155,
    "0to60": 4.2,
    "handling": 87,
    "driveType": "RWD",
    "tyreType": "Performance",
    "tags": ["Street Racer"],
    "isPrize": false,
    "weight": 1675,
    "gc": "Low",
    "seatCount": 4,
    "bodyStyle": "Coupe",
    "tcs": true,
    "abs": true,
    "enginePos": "Front",
    "fuelType": "Petrol",
    "mra": 80.77,
    "ola": 80.95,
    "description": "Starz wont get ;).",
    "card": "https://media.discordapp.net/attachments/819199720249360384/850572313748307998/BMWM3coupebutbetter.png",
    "333TopSpeed": 158,
    "3330to60": 4.0,
    "333Handling": 90,
    "666TopSpeed": 162,
    "6660to60": 3.8,
    "666Handling": 93,
    "996TopSpeed": 165,
    "9960to60": 3.6,
    "996Handling": 93,
    "969TopSpeed": 165,
    "9690to60": 3.8,
    "969Handling": 97,
    "699TopSpeed": 162,
    "6990to60": 3.6,
    "699Handling": 97,
    "racehud": "https://media.discordapp.net/attachments/995376525119586356/997640256251760731/m3coupe.png",
    "creator": "Bnuuy"
}