{
    "rq": 2,
    "make": "Austin",
    "model": "FX4 Taxi",
    "modelYear": 1962,
    "country": "GB",
    "topSpeed": 75,
    "0to60": 34.1,
    "handling": 58,
    "driveType": "RWD",
    "tyreType": "Standard",
    "tags": [
        "The Royal Collection",
        "Style Icon"
    ],
    "isPrize": false,
    "weight": 1600,
    "gc": "Medium",
    "seatCount": 4,
    "bodyStyle": "Sedan",
    "tcs": false,
    "abs": false,
    "enginePos": "Front",
    "fuelType": "Petrol",
    "mra": 0,
    "ola": 39.3,
    "description": "The Classic London Taxi.",
    "card": "https://media.discordapp.net/attachments/819199720249360384/865585322691788861/CD_Austin_FX4_Taxi.png",
    "333TopSpeed": 82,
    "3330to60": 32.4,
    "333Handling": 60,
    "666TopSpeed": 89,
    "6660to60": 30.7,
    "666Handling": 62,
    "996TopSpeed": 96,
    "9960to60": 29.0,
    "996Handling": 62,
    "969TopSpeed": 96,
    "9690to60": 30.7,
    "969Handling": 64,
    "699TopSpeed": 89,
    "6990to60": 29.0,
    "699Handling": 64,
    "racehud": "https://media.discordapp.net/attachments/995376525119586356/1017329810663559218/Austin_FX4_Taxi.png",
    "creator": "Exist"
}