{
    "rq": 64,
    "make": ["Autodelta", "Alfa Romeo"],
    "model": "147 GTA AM 3.7 Super",
    "modelYear": 2007,
    "country": "GB",
    "topSpeed": 183,
    "0to60": 4.7,
    "handling": 85,
    "driveType": "FWD",
    "tyreType": "Performance",
    "tags": ["Hot Hatch", "Tuner", "Sleeper"],
    "isPrize": false,

    "weight": 1360,
    "gc": "Low",
    "seatCount": 5,
    "bodyStyle": "Hatchback",
    "tcs": true,
    "abs": true,
    "enginePos": "Front",
    "fuelType": "Petrol",
    "mra": 78.33,
    "ola": 93.62,
    "description": "Autodelta really has no chill. After releasing their 405hp Alfa GT, they decided to give the 147 GTA yet another boost in power, this time to an unholy 422hp.",
    "card": "https://media.discordapp.net/attachments/819199720249360384/837302646674685972/autodelta_147_gta_am_3.7_super_but_more_power.png",

    "333TopSpeed": 186,
    "3330to60": 4.5,
    "333Handling": 88,

    "666TopSpeed": 189,
    "6660to60": 4.2,
    "666Handling": 91,

    "996TopSpeed": 192,
    "9960to60": 4,
    "996Handling": 91,

    "969TopSpeed": 192,
    "9690to60": 4.2,
    "969Handling": 94,

    "699TopSpeed": 189,
    "6990to60": 4,
    "699Handling": 94,

    "racehud": "https://media.discordapp.net/attachments/995376525119586356/1003257134659678299/autodelta_147_gtam_3.7new.jpg",
    "creator": "Keanny"
}