{
    "rq": 59,
    "make": "Bentley",
    "model": "Mulsanne Speed",
    "modelYear": 2014,
    "country": "GB",
    "topSpeed": 190,
    "0to60": 4.9,
    "handling": 74,
    "driveType": "RWD",
    "tyreType": "Performance",
    "tags": ["The Royal Collection","Super Sedan"],
    "isPrize": false,
    "weight": 2723,
    "gc": "Medium",
    "seatCount": 5,
    "bodyStyle": "Sedan",
    "tcs": true,
    "abs": true,
    "enginePos": "Front",
    "fuelType": "Petrol",
    "mra": 71.16,
    "ola": 76.42,
    "description": "Take this 811 ib-ft limo pop.",
    "card": "https://cdn.discordapp.com/attachments/1077292374608326656/1103332548530147429/MulsannePeedBentley.png",
    "333TopSpeed": 193,
    "3330to60": 4.7,
    "333Handling": 76,
    "666TopSpeed": 195,
    "6660to60": 4.4,
    "666Handling": 79,
    "996TopSpeed": 198,
    "9960to60": 4.2,
    "996Handling": 79,
    "969TopSpeed": 198,
    "9690to60": 4.4,
    "969Handling": 82,
    "699TopSpeed": 195,
    "6990to60": 4.2,
    "699Handling": 82,
    "racehud": "https://cdn.discordapp.com/attachments/1077293403668234340/1103332958527574137/MulsanneSpeed.png",
    "creator": "Bnuuy"
}