{
    "rq": 89,
    "make": "BMW",
    "model": "M5 CS",
    "modelYear": 2021,
    "country": "DE",
    "topSpeed": 190,
    "0to60": 2.9,
    "handling": 91,
    "driveType": "4WD",
    "tyreType": "Performance",
    "tags": ["Super Sedan"],
    "isPrize": false,
    "weight": 1825,
    "gc": "Low",
    "seatCount": 4,
    "bodyStyle": "Sedan",
    "tcs": true,
    "abs": true,
    "enginePos": "Front",
    "fuelType": "Petrol",
    "mra": 80.55,
    "ola": 82.75,
    "description": "None.",
    "card": "https://media.discordapp.net/attachments/819199720249360384/857961090742353940/m5cs21.png",
    "333TopSpeed": 193,
    "3330to60": 2.8,
    "333Handling": 94,
    "666TopSpeed": 195,
    "6660to60": 2.6,
    "666Handling": 97,
    "996TopSpeed": 198,
    "9960to60": 2.5,
    "996Handling": 97,
    "969TopSpeed": 198,
    "9690to60": 2.6,
    "969Handling": 101,
    "699TopSpeed": 195,
    "6990to60": 2.5,
    "699Handling": 101,
    "racehud": "https://media.discordapp.net/attachments/995376525119586356/995981033398861834/M5CS.png",
    "creator": "Bnuuy"
}