{
    "rq": 62,
    "make": "BMW",
    "model": "330i xDrive",
    "modelYear": 2019,
    "country": "DE",
    "topSpeed": 156,
    "0to60": 5.4,
    "handling": 81,
    "driveType": "4WD",
    "tyreType": "Performance",
    "tags": [],
    "isPrize": false,
    "weight": 1682,
    "gc": "Medium",
    "seatCount": 5,
    "bodyStyle": "Sedan",
    "tcs": true,
    "abs": true,
    "enginePos": "Front",
    "fuelType": "Petrol",
    "mra": 63.53,
    "ola": 70.37,
    "description": "The latest ultimate driving machine.",
    "card": "https://media.discordapp.net/attachments/819199720249360384/819962196028162121/330ixdriver.png",
    "333TopSpeed": 159,
    "3330to60": 5.1,
    "333Handling": 84,
    "666TopSpeed": 163,
    "6660to60": 4.9,
    "666Handling": 86,
    "996TopSpeed": 166,
    "9960to60": 4.6,
    "996Handling": 86,
    "969TopSpeed": 166,
    "9690to60": 4.9,
    "969Handling": 90,
    "699TopSpeed": 163,
    "6990to60": 4.6,
    "699Handling": 90,
    "racehud": "https://media.discordapp.net/attachments/995376525119586356/996024763426279475/330ixdrive2019.png",
    "creator": "Bnuuy"
}