{
    "rq": 28,
    "make": "BMW",
    "model": "2002 Turbo",
    "modelYear": 1973,
    "country": "DE",
    "topSpeed": 124,
    "0to60": 8.0,
    "handling": 66,
    "driveType": "RWD",
    "tyreType": "Performance",
    "tags": ["Style Icon","Super Sedan"],
    "isPrize": false,
    "weight": 1002,
    "gc": "Medium",
    "seatCount": 4,
    "bodyStyle": "Sedan",
    "tcs": false,
    "abs": false,
    "enginePos": "Front",
    "fuelType": "Petrol",
    "mra": 56.74,
    "ola": 67.5,
    "description": "Think of the BMW 2002 Turbo as the M3 for the 1970s, and you're not a million miles away.",
    "card": "https://media.discordapp.net/attachments/819199720249360384/821808067402137620/cate-test.png",
    "333TopSpeed": 128,
    "3330to60": 7.6,
    "333Handling": 68,
    "666TopSpeed": 132,
    "6660to60": 7.2,
    "666Handling": 70,
    "996TopSpeed": 137,
    "9960to60": 6.8,
    "996Handling": 70,
    "969TopSpeed": 137,
    "9690to60": 7.2,
    "969Handling": 73,
    "699TopSpeed": 132,
    "6990to60": 6.8,
    "699Handling": 73,
    "racehud": "https://media.discordapp.net/attachments/995376525119586356/1004761326054289408/BMW-2002-Turbo.png",
    "creator": "Johnny"
}