{
    "rq": 71,
    "make": "Audi",
    "model": "R8 4.2 FSI quattro",
    "modelYear": 2007,
    "country": "DE",
    "topSpeed": 187,
    "0to60": 4.3,
    "handling": 85,
    "driveType": "4WD",
    "tyreType": "Performance",
    "tags": [
        "Supercar",
        "Style Icon",
        "Silver Screen"
    ],
    "isPrize": false,
    "weight": 1620,
    "gc": "Low",
    "seatCount": 2,
    "bodyStyle": "Coupe",
    "tcs": true,
    "abs": true,
    "enginePos": "Middle",
    "fuelType": "Petrol",
    "mra": 71.02,
    "ola": 79.28,
    "description": "Audi absorbed the essence of the Lamborghini Gallardo and made this.",
    "card": "https://cdn.discordapp.com/attachments/1077292374608326656/1142911418497249331/Audi_R8_4.2_FSI_quattro_2007.png",
"333TopSpeed": 190,
"3330to60": 4.1,
"333Handling": 88,

"666TopSpeed": 193,
"6660to60": 3.9,
"666Handling": 91,

"699TopSpeed": 193,
"6990to60": 3.7,
"699Handling": 94,

"969TopSpeed": 195,
"9690to60": 3.9,
"969Handling": 94,

"996TopSpeed": 195,
"9960to60": 3.7,
"996Handling": 91,
    "racehud": "https://cdn.discordapp.com/attachments/1077293403668234340/1142911430883029082/Audi_R8_4.2_2007.png",
    "creator": "Crossfire"
}