{
    "rq": 63,
    "make": "Audi",
    "model": "TTS Coupe",
    "modelYear": 2008,
    "country": "DE",
    "topSpeed": 155,
    "0to60": 5.0,
    "handling": 85,
    "driveType": "4WD",
    "tyreType": "Performance",
    "tags": [],
    "isPrize": false,
    "weight": 1395,
    "gc": "Low",
    "seatCount": 4,
    "bodyStyle": "Coupe",
    "tcs": true,
    "abs": true,
    "enginePos": "Front",
    "fuelType": "Petrol",
    "mra": 68.03,
    "ola": 72.29,
    "description": "Tangerine orange fast.",
    "card": "https://media.discordapp.net/attachments/819199720249360384/824046697482289202/unknown.png",
    "333TopSpeed": 158,
    "3330to60": 4.8,
    "333Handling": 88,
    "666TopSpeed": 162,
    "6660to60": 4.5,
    "666Handling": 91,
    "996TopSpeed": 165,
    "9960to60": 4.3,
    "996Handling": 91,
    "969TopSpeed": 165,
    "9690to60": 4.5,
    "969Handling": 94,
    "699TopSpeed": 162,
    "6990to60": 4.3,
    "699Handling": 94,
    "racehud": "https://media.discordapp.net/attachments/995376525119586356/1017149470338719894/Audi_TTS_Coupe_2008.png",
    "creator": "Havvy"
}