{
    "rq": 77,
    "make": "BMW",
    "model": "M1 Procar",
    "modelYear": 1979,
    "country": "DE",
    "topSpeed": 193,
    "0to60": 3.9,
    "handling": 94,
    "driveType": "RWD",
    "tyreType": "Slick",
    "tags": [
        "Motorsport",
        "Servers Choice","OG"
    ],
    "isPrize": false,
    "weight": 1020,
    "gc": "Low",
    "seatCount": 2,
    "bodyStyle": "Coupe",
    "tcs": false,
    "abs": false,
    "enginePos": "Middle",
    "fuelType": "Petrol",
    "mra": 95.56,
    "ola": 83.72,
    "description": "In 1979 and 1980 the BMW Procar Series was one of the most spectacular racing series in the motorsport world.",
    "card": "https://media.discordapp.net/attachments/819199720249360384/819383381233106944/m1_procar.png",
    "333TopSpeed": 196,
    "3330to60": 3.7,
    "333Handling": 97,
    "666TopSpeed": 198,
    "6660to60": 3.5,
    "666Handling": 100,
    "699TopSpeed": 198,
    "6990to60": 3.3,
    "699Handling": 104,
    "969TopSpeed": 201,
    "9690to60": 3.5,
    "969Handling": 104,
    "996TopSpeed": 201,
    "9960to60": 3.3,
    "996Handling": 100,
    "racehud": "https://media.discordapp.net/attachments/995376525119586356/1003178434266140723/m1_procar.jpg",
    "creator": "Keanny"
}