{
    "rq": 56,
    "make": "BMW",
    "model": "328i",
    "modelYear": 2012,
    "country": "DE",
    "topSpeed": 155,
    "0to60": 5.6,
    "handling": 79,
    "driveType": "RWD",
    "tyreType": "Performance",
    "tags": ["OG"],
    "isPrize": false,
    "weight": 1430,
    "gc": "Medium",
    "seatCount": 5,
    "bodyStyle": "Sedan",
    "tcs": true,
    "abs": true,
    "enginePos": "Front",
    "fuelType": "Petrol",
    "mra": 62.43,
    "ola": 64.75,
    "description": "",
    "card": "https://media.discordapp.net/attachments/819199720249360384/820447426417786880/unknown.png",
    "333TopSpeed": 158,
    "3330to60": 5.3,
    "333Handling": 82,
    "666TopSpeed": 162,
    "6660to60": 5,
    "666Handling": 84,
    "996TopSpeed": 165,
    "9960to60": 4.8,
    "996Handling": 84,
    "969TopSpeed": 165,
    "9690to60": 5,
    "969Handling": 88,
    "699TopSpeed": 162,
    "6990to60": 4.8,
    "699Handling": 88,
    "racehud": "https://cdn.discordapp.com/attachments/1077293403668234340/1095061972434833408/BMW_328i_2012.png",
    "creator": "Havvy"
}