{
    "rq": 53,
    "make": "Audi",
    "model": "S4",
    "modelYear": 2003,
    "country": "DE",
    "topSpeed": 156,
    "0to60": 5.3,
    "handling": 76,
    "driveType": "4WD",
    "tyreType": "Performance",
    "tags": [],
    "isPrize": false,
    "weight": 1660,
    "gc": "Low",
    "seatCount": 5,
    "bodyStyle": "Sedan",
    "tcs": true,
    "abs": true,
    "enginePos": "Front",
    "fuelType": "Petrol",
    "mra": 66.25,
    "ola": 71.43,
    "description": "The 4.2-litre V8 raised the performance bar yet again with 344bhp.",
    "card": "https://media.discordapp.net/attachments/819199720249360384/824044215201824810/AudiS4B6.png",
    "333TopSpeed": 159,
    "3330to60": 5,
    "333Handling": 79,
    "666TopSpeed": 163,
    "6660to60": 4.8,
    "666Handling": 81,
    "996TopSpeed": 166,
    "9960to60": 4.5,
    "996Handling": 81,
    "969TopSpeed": 166,
    "9690to60": 4.8,
    "969Handling": 84,
    "699TopSpeed": 163,
    "6990to60": 4.5,
    "699Handling": 84,
    "racehud": "https://cdn.discordapp.com/attachments/1077293403668234340/1095095711734960198/c00117.png",
    "creator": "Havvy"
}