{
    "rq": 68,
    "make": "BMW",
    "model": "M235i",
    "modelYear": 2014,
    "country": "DE",
    "topSpeed": 155,
    "0to60": 4.7,
    "handling": 85,
    "driveType": "RWD",
    "tyreType": "Performance",
    "tags": [
        "Street Racer"
    ],
    "isPrize": false,
    "weight": 1552,
    "gc": "Medium",
    "seatCount": 4,
    "bodyStyle": "Coupe",
    "tcs": true,
    "abs": true,
    "enginePos": "Front",
    "fuelType": "Petrol",
    "mra": 71.21,
    "ola": 76.6,
    "description": "Sizzling 322bhp BMW M235i gets 1 Series-based two-door off to a flying start.",
    "card": "https://media.discordapp.net/attachments/819199720249360384/840240750230110249/BMW_M235i.png",
    "333TopSpeed": 158,
    "3330to60": 4.5,
    "333Handling": 88,
    "666TopSpeed": 162,
    "6660to60": 4.2,
    "666Handling": 91,
    "996TopSpeed": 165,
    "9960to60": 4.0,
    "996Handling": 91,
    "969TopSpeed": 165,
    "9690to60": 4.2,
    "969Handling": 94,
    "699TopSpeed": 162,
    "6990to60": 4.0,
    "699Handling": 94,
    "racehud": "https://media.discordapp.net/attachments/995376525119586356/1018165561873662052/BMW_M235i_Coupe.png",
    "creator": "Tom"
}