{
    "rq": 19,
    "make": ["Auto Avio Construzioni","Ferrari"],
    "model": "Tipo 815",
    "modelYear": 1940,
    "country": "IT",
    "topSpeed": 108,
    "0to60": 13.9,
    "handling": 62,
    "driveType": "RWD",
    "tyreType": "Standard",
    "tags": ["Oddity","Unique","Ultra Expensive","Innovative","Street Racer"],
    "isPrize": true,
    "weight": 650,
    "gc": "Medium",
    "seatCount": 2,
    "bodyStyle": "Open Air",
    "tcs": false,
    "abs": false,
    "enginePos": "Front",
    "fuelType": "Petrol",
    "mra": 55.38,
    "ola": 67.63,
    "description": "The first ever car made by Enzo Ferrari.",
    "card": "https://media.discordapp.net/attachments/819199720249360384/855065502010310686/autoavioconstruzionitipo815.png",
    "333TopSpeed": 113,
    "3330to60": 13.2,
    "333Handling": 64,
    "666TopSpeed": 118,
    "6660to60": 12.5,
    "666Handling": 66,
    "996TopSpeed": 122,
    "9960to60": 11.8,
    "996Handling": 66,
    "969TopSpeed": 122,
    "9690to60": 12.5,
    "969Handling": 69,
    "699TopSpeed": 118,
    "6990to60": 11.8,
    "699Handling": 69,
    "racehud": "https://media.discordapp.net/attachments/995376525119586356/995806700567265290/firstrari.png",
    "creator": "Bnuuy"
}