{
    "rq": 81,
    "make": "Bentley",
    "model": "Flying Spur W12",
    "modelYear": 2019,
    "country": "GB",
    "topSpeed": 211,
    "0to60": 3.5,
    "handling": 88,
    "driveType": "4WD",
    "tyreType": "Performance",
    "tags": [
        "Super Sedan"
    ],
    "isPrize": false,
    "weight": 2436,
    "gc": "Low",
    "seatCount": 5,
    "bodyStyle": "Sedan",
    "tcs": true,
    "abs": true,
    "enginePos": "Front",
    "fuelType": "Petrol",
    "mra": 78,
    "ola": 82.05,
    "description": "Ultimate luxury and smoothness with the W12.",
    "card": "https://cdn.discordapp.com/attachments/1077292374608326656/1101526765945495683/FlyinSpurW12ConroBentley.png",
    "333TopSpeed": 213,
    "3330to60": 3.3,
    "333Handling": 91,
    "666TopSpeed": 216,
    "6660to60": 3.2,
    "666Handling": 94,
    "996TopSpeed": 218,
    "9960to60": 3.0,
    "996Handling": 94,
    "969TopSpeed": 218,
    "9690to60": 3.2,
    "969Handling": 98,
    "699TopSpeed": 216,
    "6990to60": 3.0,
    "699Handling": 98,
    "racehud": "https://media.discordapp.net/attachments/995376525119586356/1017457470131671160/Bentley_Flying_Spur_2019.png",
    "creator": "Connor"
}