{
    "rq": 68,
    "make": "Audi",
    "model": "A3 2.0T Quattro Sedan",
    "modelYear": 2015,
    "country": "DE",
    "topSpeed": 128,
    "0to60": 5.4,
    "handling": 81,
    "driveType": "4WD",
    "tyreType": "Standard",
    "tags": [],
    "isPrize": false,
    "weight": 1525,
    "gc": "Medium",
    "seatCount": 5,
    "bodyStyle": "Sedan",
    "tcs": true,
    "abs": true,
    "enginePos": "Front",
    "fuelType": "Petrol",
    "mra": 60,
    "ola": 74.55,
    "description": "A non-performance sedan version of A3 with a turbo.",
    "card": "https://media.discordapp.net/attachments/819199720249360384/839994010453147648/image0.jpg",
    "333TopSpeed": 132,
    "3330to60": 5.1,
    "333Handling": 84,
    "666TopSpeed": 136,
    "6660to60": 4.9,
    "666Handling": 86,
    "996TopSpeed": 140,
    "9960to60": 4.6,
    "996Handling": 86,
    "969TopSpeed": 140,
    "9690to60": 4.9,
    "969Handling": 90,
    "699TopSpeed": 136,
    "6990to60": 4.6,
    "699Handling": 90,
    "racehud": "https://media.discordapp.net/attachments/995376525119586356/1018166198212505600/Audi_A3_Sedan_quattro.png",
    "creator": "Spence"
}