{
    "rq": 52,
    "make": "Audi",
    "model": "TT Shooting Brake Concept",
    "modelYear": 2005,
    "country": "DE",
    "topSpeed": 155,
    "0to60": 5.8,
    "handling": 81,
    "driveType": "4WD",
    "tyreType": "Performance",
    "tags": ["Concept","Unique","Visionary Road"],
    "isPrize": false,
    "weight": 1587,
    "gc": "Low",
    "seatCount": 4,
    "bodyStyle": "Wagon",
    "tcs": true,
    "abs": true,
    "enginePos": "Front",
    "fuelType": "Petrol",
    "mra": 69.05,
    "ola": 72.41,
    "description": "The idea of a more versatile Audi TT is intriguing: combining the sportiness of the standard coupe with the extra practicality of a wagon.",
    "card": "https://media.discordapp.net/attachments/819199720249360384/841576135144767498/audi_tt_shooting_brake_concept_for_cd.png",
    "333TopSpeed": 158,
    "3330to60": 5.5,
    "333Handling": 84,
    "666TopSpeed": 162,
    "6660to60": 5.2,
    "666Handling": 86,
    "996TopSpeed": 165,
    "9960to60": 4.9,
    "996Handling": 86,
    "969TopSpeed": 165,
    "9690to60": 5.2,
    "969Handling": 90,
    "699TopSpeed": 162,
    "6990to60": 4.9,
    "699Handling": 90,
    "racehud": "https://media.discordapp.net/attachments/995376525119586356/1001033078136905748/IMG_20210510_105802.png",
    "creator": "Lemon"
}