{
    "rq": 43,
    "make": "BMW",
    "model": "i3 S",
    "modelYear": 2017,
    "country": "DE",
    "topSpeed": 99,
    "0to60": 6.8,
    "handling": 77,
    "driveType": "RWD",
    "tyreType": "Standard",
    "tags": ["Eco-Friendly", "Servers Choice", "OG"],
    "isPrize": false,

    "weight": 1378,
    "gc": "Medium",
    "seatCount": 4,
    "bodyStyle": "Hatchback",
    "tcs": true,
    "abs": true,
    "enginePos": "Rear",
    "fuelType": "Electric",
    "mra": 47.1,
    "ola": 89.23,
    "description": "The i3 received a facelift in 2018 that also brought along a sportier trim - the i3s. Upgrades included blacked-out chrome parts, a lowered suspension, model-exclusive wheels and a boosted power output from the standard model's 125kW to 135kW. It's still not exactly quick, especially by today's standards - one guy tried lapped the Nurburgring with it and posted a time of 10 minutes and 8 seconds when the top-tier EVs are posting sub-8 minute lap times.",
    "card": "https://media.discordapp.net/attachments/819199720249360384/865583210183393290/bmw_i3_s.png",

    "333TopSpeed": 104,
    "3330to60": 6.5,
    "333Handling": 80,

    "666TopSpeed": 110,
    "6660to60": 6.1,
    "666Handling": 82,

    "996TopSpeed": 115,
    "9960to60": 5.8,
    "996Handling": 82,

    "969TopSpeed": 115,
    "9690to60": 6.1,
    "969Handling": 85,

    "699TopSpeed": 110,
    "6990to60": 5.8,
    "699Handling": 85,

    "racehud": "https://media.discordapp.net/attachments/995376525119586356/1003250954759573545/i3s.jpg",
    "creator": "Keanny"
}