{
    "rq": 51,
    "make": "BMW",
    "model": "540i",
    "modelYear": 1996,
    "country": "DE",
    "topSpeed": 155,
    "0to60": 6.2,
    "handling": 72,
    "driveType": "RWD",
    "tyreType": "Standard",
    "tags": [],
    "isPrize": false,
    "weight": 1725,
    "gc": "Medium",
    "seatCount": 5,
    "bodyStyle": "Sedan",
    "tcs": true,
    "abs": true,
    "enginePos": "Front",
    "fuelType": "Petrol",
    "mra": 76.54,
    "ola": 81.48,
    "description": "A great sports car disguised as a luxury sedan.",
    "card": "https://media.discordapp.net/attachments/819199720249360384/825087097605587013/540i.png",
    "333TopSpeed": 158,
    "3330to60": 5.9,
    "333Handling": 74,
    "666TopSpeed": 162,
    "6660to60": 5.6,
    "666Handling": 77,
    "996TopSpeed": 165,
    "9960to60": 5.3,
    "996Handling": 77,
    "969TopSpeed": 165,
    "9690to60": 5.6,
    "969Handling": 80,
    "699TopSpeed": 162,
    "6990to60": 5.3,
    "699Handling": 80,
    "racehud": "https://cdn.discordapp.com/attachments/1077293403668234340/1095002624534786199/BMW_540i_1996.png",
    "creator": "Macan"
}