{
    "rq": 81,
    "make": "BMW",
    "model": "M550i xDrive",
    "modelYear": 2018,
    "country": "DE",
    "topSpeed": 155,
    "0to60": 3.8,
    "handling": 85,
    "driveType": "4WD",
    "tyreType": "Performance",
    "tags": [],
    "isPrize": false,
    "weight": 1990,
    "gc": "Medium",
    "seatCount": 5,
    "bodyStyle": "Sedan",
    "tcs": true,
    "abs": true,
    "enginePos": "Front",
    "fuelType": "Petrol",
    "mra": 70.32,
    "ola": 68.42,
    "description": "",
    "card": "https://media.discordapp.net/attachments/819199720249360384/828007519825166406/M550i_xDrive_18.png",
    "333TopSpeed": 158,
    "3330to60": 3.6,
    "333Handling": 88,
    "666TopSpeed": 162,
    "6660to60": 3.4,
    "666Handling": 91,
    "996TopSpeed": 165,
    "9960to60": 3.2,
    "996Handling": 91,
    "969TopSpeed": 165,
    "9690to60": 3.4,
    "969Handling": 94,
    "699TopSpeed": 162,
    "6990to60": 3.2,
    "699Handling": 94,
    "racehud": "https://media.discordapp.net/attachments/995376525119586356/1017456374755631215/BMW_M550i_xDrive.png",
    "creator": "Macan"
}