{
    "rq": 9,
    "make": "Bentley",
    "model": "8-Litre Limousine",
    "modelYear": 1931,
    "country": "GB",
    "topSpeed": 125,
    "0to60": 16,
    "handling": 58,
    "driveType": "RWD",
    "tyreType": "Standard",
    "tags": ["Ultra Expensive","Grand Tourer"],
    "isPrize": false,
    "weight": 2540,
    "gc": "Medium",
    "seatCount": 5,
    "bodyStyle": "Sedan",
    "tcs": false,
    "abs": false,
    "enginePos": "Front",
    "fuelType": "Petrol",
    "mra": 47.06,
    "ola": 90,
    "description": "A huge car with a huge engine.",
    "card": "https://media.discordapp.net/attachments/819199720249360384/823515721254305842/Boatley8Litre.png",
    "333TopSpeed": 129,
    "3330to60": 15.2,
    "333Handling": 60,
    "666TopSpeed": 133,
    "6660to60": 14.4,
    "666Handling": 62,
    "996TopSpeed": 137,
    "9960to60": 13.6,
    "996Handling": 62,
    "969TopSpeed": 137,
    "9690to60": 14.4,
    "969Handling": 64,
    "699TopSpeed": 133,
    "6990to60": 13.6,
    "699Handling": 64,
    "racehud": "https://media.discordapp.net/attachments/995376525119586356/995978616800296990/bentley8litre.png",
    "creator": "Bnuuy"
}