{
    "rq": 36,
    "make": "Audi",
    "model": "TT 1.8t",
    "modelYear": 1998,
    "country": "DE",
    "topSpeed": 136,
    "0to60": 7.1,
    "handling": 80,
    "driveType": "FWD",
    "tyreType": "Performance",
    "tags": ["OG"],
    "isPrize": false,
    "weight": 1280,
    "gc": "Low",
    "seatCount": 4,
    "bodyStyle": "Coupe",
    "tcs": false,
    "abs": true,
    "enginePos": "Front",
    "fuelType": "Petrol",
    "mra": 57.83,
    "ola": 70.7,
    "description": "The stylish coupe based on a Golf platform.",
    "card": "https://media.discordapp.net/attachments/819199720249360384/830084306012471296/df.png",
    "333TopSpeed": 140,
    "3330to60": 6.7,
    "333Handling": 83,
    "666TopSpeed": 144,
    "6660to60": 6.4,
    "666Handling": 85,
    "996TopSpeed": 147,
    "9960to60": 6,
    "996Handling": 85,
    "969TopSpeed": 147,
    "9690to60": 6.4,
    "969Handling": 89,
    "699TopSpeed": 144,
    "6990to60": 6,
    "699Handling": 89,
    "racehud": "https://media.discordapp.net/attachments/995376525119586356/1003275361548779620/tt.jpg",
    "creator": "Keanny"
}