{
    "rq": 38,
    "make": "BMW",
    "model": "i3",
    "modelYear": 2013,
    "country": "DE",
    "topSpeed": 92,
    "0to60": 6.9,
    "handling": 70,
    "driveType": "RWD",
    "tyreType": "Standard",
    "tags": ["Eco-Friendly", "Servers Choice", "Innovative", "OG"],
    "isPrize": false,

    "weight": 1294,
    "gc": "Medium",
    "seatCount": 4,
    "bodyStyle": "Hatchback",
    "tcs": true,
    "abs": true,
    "enginePos": "Rear",
    "fuelType": "Electric",
    "mra": 41.23,
    "ola": 85.74,
    "description": "This tic-tac looking oddball is BMW's first commercial EV launched under their i subbrand, and was the culmination of BMW's experience with previous EV prototypes such as the Mini E and BMW ActiveE. Made from a variety of lightweight materials such as carbon-fiber reinforced plastic for the passenger compartment and hemp for the door panels, the i3's 22kWh battery lasts for 160km (doubled if paired with a 2-cyllinder range extender engine). Despite some people finding its looks unattractive, it enjoyed moderate success for an EV, selling out 220,000+ units over its almost decade-long production lifespan.",
    "card": "https://media.discordapp.net/attachments/819199720249360384/865583229717184522/bmw_i3.png",

    "333TopSpeed": 98,
    "3330to60": 6.6,
    "333Handling": 72,

    "666TopSpeed": 103,
    "6660to60": 6.2,
    "666Handling": 75,

    "996TopSpeed": 109,
    "9960to60": 5.7,
    "996Handling": 75,

    "969TopSpeed": 109,
    "9690to60": 6.2,
    "969Handling": 78,

    "699TopSpeed": 103,
    "6990to60": 5.7,
    "699Handling": 78,

    "racehud": "https://media.discordapp.net/attachments/995376525119586356/1003250940637356072/i3.jpg",
    "creator": "Keanny"
}