{
    "rq": 61,
    "make": "BMW",
    "model": "330i",
    "modelYear": 2019,
    "country": "DE",
    "topSpeed": 155,
    "0to60": 5.5,
    "handling": 86,
    "driveType": "RWD",
    "tyreType": "Performance",
    "tags": [],
    "isPrize": false,
    "weight": 1470,
    "gc": "Medium",
    "seatCount": 5,
    "bodyStyle": "Sedan",
    "tcs": true,
    "abs": true,
    "enginePos": "Front",
    "fuelType": "Petrol",
    "mra": 63.37,
    "ola": 73.39,
    "description": "The cheaper alternative to the M3 in its latest form.",
    "card": "https://media.discordapp.net/attachments/819199720249360384/820443391946915880/unknown.png",
    "333TopSpeed": 158,
    "3330to60": 5.2,
    "333Handling": 89,
    "666TopSpeed": 162,
    "6660to60": 5.0,
    "666Handling": 92,
    "996TopSpeed": 165,
    "9960to60": 4.7,
    "996Handling": 92,
    "969TopSpeed": 165,
    "9690to60": 5.0,
    "969Handling": 95,
    "699TopSpeed": 162,
    "6990to60": 4.7,
    "699Handling": 95,
    "racehud": "https://media.discordapp.net/attachments/995376525119586356/1017335951011369020/BMW_330i_2019.png",
    "creator": "Havvy"
}