{
    "rq": 42,
    "make": [
        "Autodelta",
        "Alfa Romeo"
    ],
    "model": "147 1.6 TwinSpark J12 EVO",
    "modelYear": 2002,
    "country": "GB",
    "topSpeed": 135,
    "0to60": 6.4,
    "handling": 82,
    "driveType": "FWD",
    "tyreType": "Performance",
    "tags": [
        "Tuner",
        "Hot Hatch"
    ],
    "isPrize": false,
    "weight": 1200,
    "gc": "Low",
    "seatCount": 5,
    "bodyStyle": "Hatchback",
    "tcs": true,
    "abs": true,
    "enginePos": "Front",
    "fuelType": "Petrol",
    "mra": 56.14,
    "ola": 81.25,
    "description": "Want more power from your 147? Get the EVO.",
    "card": "https://media.discordapp.net/attachments/819199720249360384/837269120076087316/autodelta_147_1.6_ts_j12_evo.png",
    "333TopSpeed": 139,
    "3330to60": 6.1,
    "333Handling": 85,
    "666TopSpeed": 143,
    "6660to60": 5.8,
    "666Handling": 87,
    "996TopSpeed": 147,
    "9960to60": 5.4,
    "996Handling": 87,
    "969TopSpeed": 147,
    "9690to60": 5.8,
    "969Handling": 91,
    "699TopSpeed": 143,
    "6990to60": 5.4,
    "699Handling": 91,
    "racehud": "https://media.discordapp.net/attachments/995376525119586356/1006199014707953755/autodelta_147_j12evo.jpg",
    "creator": "Keanny"
}