{
    "rq": 41,
    "make": "BMW",
    "model": "325i",
    "modelYear": 2001,
    "country": "DE",
    "topSpeed": 140,
    "0to60": 7.2,
    "handling": 79,
    "driveType": "RWD",
    "tyreType": "Standard",
    "tags": [],
    "isPrize": false,
    "weight": 1485,
    "gc": "Low",
    "seatCount": 5,
    "bodyStyle": "Sedan",
    "tcs": true,
    "abs": true,
    "enginePos": "Front",
    "fuelType": "Petrol",
    "mra": 59.02,
    "ola": 85.71,
    "description": "",
    "card": "https://media.discordapp.net/attachments/819199720249360384/820218365837574152/C.BMW325iE46.png",
    "333TopSpeed": 144,
    "3330to60": 6.8,
    "333Handling": 82,
    "666TopSpeed": 147,
    "6660to60": 6.5,
    "666Handling": 84,
    "996TopSpeed": 151,
    "9960to60": 6.1,
    "996Handling": 84,
    "969TopSpeed": 151,
    "9690to60": 6.5,
    "969Handling": 88,
    "699TopSpeed": 147,
    "6990to60": 6.1,
    "699Handling": 88,
    "racehud": "https://media.discordapp.net/attachments/995376525119586356/1023197578109657128/bmw.png",
    "creator": "Connor"
}