{
    "rq": 92,
    "make": "Bentley",
    "model": "Bentayga V8",
    "modelYear": 2018,
    "country": "GB",
    "topSpeed": 180,
    "0to60": 4.0,
    "handling": 82,
    "driveType": "4WD",
    "tyreType": "All-Surface",
    "tags": [],
    "isPrize": false,
    "weight": 2395,
    "gc": "High",
    "seatCount": 5,
    "bodyStyle": "SUV",
    "tcs": true,
    "abs": true,
    "enginePos": "Front",
    "fuelType": "Petrol",
    "mra": 77.54,
    "ola": 84.16,
    "description": "Pure luxury built to traverse offroad.",
    "card": "https://media.discordapp.net/attachments/819199720249360384/849747485987700756/BentaygaV8High.png",
    "333TopSpeed": 183,
    "3330to60": 3.8,
    "333Handling": 85,
    "666TopSpeed": 186,
    "6660to60": 3.6,
    "666Handling": 87,
    "996TopSpeed": 189,
    "9960to60": 3.4,
    "996Handling": 87,
    "969TopSpeed": 189,
    "9690to60": 3.6,
    "969Handling": 91,
    "699TopSpeed": 186,
    "6990to60": 3.4,
    "699Handling": 91,
    "racehud": "https://media.discordapp.net/attachments/995376525119586356/997776571215663144/bentaygav8.png",
    "creator": "Havvy"
}