{
    "rq": 45,
    "make": "Audi",
    "model": "200 Turbo Quattro",
    "modelYear": 1988,
    "country": "DE",
    "topSpeed": 146,
    "0to60": 7.2,
    "handling": 70,
    "driveType": "4WD",
    "tyreType": "Standard",
    "tags": [
        "Innovative"
    ],
    "isPrize": false,
    "weight": 1290,
    "gc": "Medium",
    "seatCount": 5,
    "bodyStyle": "Sedan",
    "tcs": false,
    "abs": false,
    "enginePos": "Front",
    "fuelType": "Petrol",
    "mra": 53.96,
    "ola": 69.93,
    "description": "German Quattro excellence.",
    "card": "https://media.discordapp.net/attachments/819199720249360384/822624671777947679/Audi200TurboQuattro.png",
    "333TopSpeed": 150,
    "3330to60": 6.8,
    "333Handling": 72,
    "666TopSpeed": 153,
    "6660to60": 6.5,
    "666Handling": 75,
    "996TopSpeed": 157,
    "9960to60": 6.1,
    "996Handling": 75,
    "969TopSpeed": 157,
    "9690to60": 6.5,
    "969Handling": 78,
    "699TopSpeed": 153,
    "6990to60": 6.1,
    "699Handling": 78,
    "racehud": "https://cdn.discordapp.com/attachments/1077293403668234340/1094939948249010186/Audi200Turbo.png",
    "creator": "Havvy"
}