{
    "rq": 70,
    "make": "BMW",
    "model": "M2",
    "modelYear": 2016,
    "country": "DE",
    "topSpeed": 167,
    "0to60": 4.2,
    "handling": 90,
    "driveType": "RWD",
    "tyreType": "Performance",
    "tags": ["Street Racer","OG","Oceanic View"],
    "isPrize": false,
    "weight": 1592,
    "gc": "Low",
    "seatCount": 4,
    "bodyStyle": "Coupe",
    "tcs": true,
    "abs": true,
    "enginePos": "Front",
    "fuelType": "Petrol",
    "mra": 67.69,
    "ola": 82.26,
    "description": "The small BMW sports car worth its price tag.",
    "card": "https://media.discordapp.net/attachments/819199720249360384/826450541625868358/M22016.png",
    "333TopSpeed": 170,
    "3330to60": 4.0,
    "333Handling": 93,
    "666TopSpeed": 173,
    "6660to60": 3.8,
    "666Handling": 96,
    "996TopSpeed": 176,
    "9960to60": 3.6,
    "996Handling": 96,
    "969TopSpeed": 176,
    "9690to60": 3.8,
    "969Handling": 100,
    "699TopSpeed": 173,
    "6990to60": 3.6,
    "699Handling": 100,
    "racehud": "https://media.discordapp.net/attachments/995376525119586356/997776978759385158/M2.png",
    "creator": "Havvy"
}
