{
    "rq": 79,
    "make": "Audi",
    "model": "RS 6 Avant",
    "modelYear": 2019,
    "country": "DE",
    "topSpeed": 155,
    "0to60": 3.2,
    "handling": 85,
    "driveType": "4WD",
    "tyreType": "Performance",
    "tags": ["Eco-Friendly"],
    "isPrize": false,
    "weight": 2075,
    "gc": "Low",
    "seatCount": 5,
    "bodyStyle": "Wagon",
    "tcs": true,
    "abs": true,
    "enginePos": "Front",
    "fuelType": "Hybrid",
    "mra": 72.3,
    "ola": 75.17,
    "description": "This generation of RS 6 isn't only the first RS model with a 48-volt mild hybrid system, but also the first-ever RS Avant to make it over to North America.",
    "card": "https://media.discordapp.net/attachments/819199720249360384/854694623887491072/CD_Audi_RS6_Avant.png",
    "333TopSpeed": 158,
    "3330to60": 3.0,
    "333Handling": 88,
    "666TopSpeed": 162,
    "6660to60": 2.9,
    "666Handling": 91,
    "996TopSpeed": 165,
    "9960to60": 2.7,
    "996Handling": 91,
    "969TopSpeed": 165,
    "9690to60": 2.9,
    "969Handling": 94,
    "699TopSpeed": 162,
    "6990to60": 2.7,
    "699Handling": 94,
    "racehud": "https://media.discordapp.net/attachments/995376525119586356/1016295486065479710/Audi_RS_6_Avant.png",
    "creator": "Exist"
}