{
    "rq": 39,
    "make": "Audi",
    "model": "A4 3.0 quattro",
    "modelYear": 2001,
    "country": "DE",
    "topSpeed": 150,
    "0to60": 7.2,
    "handling": 75,
    "driveType": "4WD",
    "tyreType": "Standard",
    "tags": [],
    "isPrize": false,
    "weight": 1590,
    "gc": "Low",
    "seatCount": 5,
    "bodyStyle": "Sedan",
    "tcs": true,
    "abs": true,
    "enginePos": "Front",
    "fuelType": "Petrol",
    "mra": 58.54,
    "ola": 77.33,
    "description": "The fifth ultimate under 35k sedan for car and driver.",
    "card": "https://media.discordapp.net/attachments/819199720249360384/819650660395253840/D.AudiA430quattroB6.png",
    "333TopSpeed": 153,
    "3330to60": 6.8,
    "333Handling": 77,
    "666TopSpeed": 157,
    "6660to60": 6.5,
    "666Handling": 80,
    "996TopSpeed": 160,
    "9960to60": 6.1,
    "996Handling": 80,
    "969TopSpeed": 160,
    "9690to60": 6.5,
    "969Handling": 83,
    "699TopSpeed": 157,
    "6990to60": 6.1,
    "699Handling": 83,
    "racehud": "https://media.discordapp.net/attachments/995376525119586356/1017108856951816202/Audi_A4_3.0_quattro.png",
    "creator": "Connor"
}