{
    "rq": 43,
    "make": "Audi",
    "model": "S3",
    "modelYear": 2001,
    "country": "DE",
    "topSpeed": 149,
    "0to60": 6.5,
    "handling": 79,
    "driveType": "4WD",
    "tyreType": "Performance",
    "tags": [],
    "isPrize": false,
    "weight": 1397,
    "gc": "Low",
    "seatCount": 5,
    "bodyStyle": "Hatchback",
    "tcs": true,
    "abs": true,
    "enginePos": "Front",
    "fuelType": "Petrol",
    "mra": 66.33,
    "ola": 70.77,
    "description": "Audi's sporty A3 gets VVT. Card by andu",
    "card": "https://media.discordapp.net/attachments/819199720249360384/822423698631557120/S31.png",
    "333TopSpeed": 152,
    "3330to60": 6.2,
    "333Handling": 82,
    "666TopSpeed": 156,
    "6660to60": 5.9,
    "666Handling": 84,
    "996TopSpeed": 159,
    "9960to60": 5.5,
    "996Handling": 84,
    "969TopSpeed": 159,
    "9690to60": 5.9,
    "969Handling": 88,
    "699TopSpeed": 156,
    "6990to60": 5.5,
    "699Handling": 88,
    "racehud": "https://media.discordapp.net/attachments/995376525119586356/1050983525534408744/S3.png",
    "creator": "Andu"
}
