{
    "rq": 18,
    "make": "Audi",
    "model": "Fox",
    "modelYear": 1973,
    "country": "DE",
    "topSpeed": 94,
    "0to60": 13.5,
    "handling": 65,
    "driveType": "FWD",
    "tyreType": "Standard",
    "tags": [],
    "isPrize": false,


    "weight": 1007,
    "gc": "Medium",
    "seatCount": 5,
    "bodyStyle": "Sedan",
    "tcs": false,
    "abs": false,
    "enginePos": "Front",
    "fuelType": "Petrol",
    "mra": 18.22,
    "ola": 60.74,
    "description": "American market Audi 80.",
    "card": "https://media.discordapp.net/attachments/819199720249360384/1055847927593054230/F.AudiFoxB1.png",
    "racehud": "https://media.discordapp.net/attachments/995376525119586356/1055848284884836412/AudiFox.png",
    "creator": "Connor",

    "333TopSpeed": 100,
    "3330to60": 12.8,
    "333Handling": 67,

    "666TopSpeed": 105,
    "6660to60": 12.2, 
    "666Handling": 69,

    "996TopSpeed": 111,
    "9960to60": 11.5,
    "996Handling": 69,

    "969TopSpeed": 111,
    "9690to60": 12.2,
    "969Handling": 72,

    "699TopSpeed": 105,
    "6990to60": 11.5,
    "699Handling": 72
}