{
    "rq": 18,
    "make": "BMW",
    "model": "507 3200 Michelotti Vignale",
    "modelYear": 1959,
    "country": "DE",
    "topSpeed": 127,
    "0to60": 10.7,
    "handling": 63,
    "driveType": "RWD",
    "tyreType": "Performance",
    "tags": ["Concept","Unique","Ultra Expensive","Grand Tourer"],
    "isPrize": true,
    "weight": 1330,
    "gc": "Medium",
    "seatCount": 2,
    "bodyStyle": "Coupe",
    "tcs": false,
    "abs": false,
    "enginePos": "Front",
    "fuelType": "Petrol",
    "mra": 78.68,
    "ola": 57.94,
    "description": "None.",
    "card": "https://media.discordapp.net/attachments/819199720249360384/857393881674285076/bmw507vignale.png",
    "333TopSpeed": 131,
    "3330to60": 10.2,
    "333Handling": 65,
    "666TopSpeed": 135,
    "6660to60": 9.6,
    "666Handling": 67,
    "996TopSpeed": 139,
    "9960to60": 9.1,
    "996Handling": 67,
    "969TopSpeed": 139,
    "9690to60": 9.6,
    "969Handling": 70,
    "699TopSpeed": 135,
    "6990to60": 9.1,
    "699Handling": 70,
    "racehud": "https://media.discordapp.net/attachments/995376525119586356/995978540447186954/bmw507coupe.png",
    "creator": "Bnuuy"
}