{
    "rq": 89,
    "make": "Bentley",
    "model": "EXP 9 F Concept",
    "modelYear": 2012,
    "country": "GB",
    "topSpeed": 180,
    "0to60": 3.8,
    "handling": 75,
    "driveType": "4WD",
    "tyreType": "All-Surface",
    "tags": ["Unique","Concept","The Royal Collection"],
    "isPrize": false,
    "weight": 2500,
    "gc": "High",
    "seatCount": 5,
    "bodyStyle": "SUV",
    "tcs": true,
    "abs": true,
    "enginePos": "Front",
    "fuelType": "Petrol",
    "mra": 67.86,
    "ola": 89.47,
    "description": "The Real Bentley Offroader.",
    "card": "https://media.discordapp.net/attachments/819199720249360384/849746928371761222/EXP9FThingy.png",
    "333TopSpeed": 183,
    "3330to60": 3.6,
    "333Handling": 77,
    "666TopSpeed": 186,
    "6660to60": 3.4,
    "666Handling": 80,
    "996TopSpeed": 189,
    "9960to60": 3.2,
    "996Handling": 80,
    "969TopSpeed": 189,
    "9690to60": 3.4,
    "969Handling": 83,
    "699TopSpeed": 186,
    "6990to60": 3.2,
    "699Handling": 83,
    "racehud": "https://media.discordapp.net/attachments/995376525119586356/995980844579692584/bentaygaexp9f.png",
    "creator": "Bnuuy"
}