{
    "rq": 37,
    "make": "Audi",
    "model": "A4 2.0 T Cabrio",
    "modelYear": 2005,
    "country": "DE",
    "topSpeed": 145,
    "0to60": 7.5,
    "handling": 78,
    "driveType": "FWD",
    "tyreType": "Standard",
    "tags": [],
    "isPrize": false,
    "weight": 1630,
    "gc": "Low",
    "seatCount": 4,
    "bodyStyle": "Convertible",
    "tcs": true,
    "abs": true,
    "enginePos": "Front",
    "fuelType": "Petrol",
    "mra": 61.08,
    "ola": 100.08,
    "description": "",
    "card": "https://media.discordapp.net/attachments/819199720249360384/840844653531103262/CD_Audi_A4_2.0_T_Cabrio.png",
    "333TopSpeed": 149,
    "3330to60": 6.9,
    "333Handling": 81,
    "666TopSpeed": 152,
    "6660to60": 6.6,
    "666Handling": 83,
    "996TopSpeed": 156,
    "9960to60": 6.2,
    "996Handling": 83,
    "969TopSpeed": 156,
    "9690to60": 6.6,
    "969Handling": 87,
    "699TopSpeed": 152,
    "6990to60": 6.2,
    "699Handling": 87,
    "racehud": "https://cdn.discordapp.com/attachments/1077293403668234340/1095095057700364298/c00104.png",
    "creator": "Exist"
}