{
    "rq": 62,
    "make": "BMW",
    "model": "228i xDrive Gran Coupe",
    "modelYear": 2020,
    "country": "DE",
    "topSpeed": 129,
    "0to60": 5.6,
    "handling": 75,
    "driveType": "4WD",
    "tyreType": "Standard",
    "tags": ["OG"],
    "isPrize": false,
    "weight": 1590,
    "gc": "Medium",
    "seatCount": 5,
    "bodyStyle": "Sedan",
    "tcs": true,
    "abs": true,
    "enginePos": "Front",
    "fuelType": "Petrol",
    "mra": 64.91,
    "ola": 75.68,
    "description": "Ugly.",
    "card": "https://media.discordapp.net/attachments/819199720249360384/822421262910750730/228i.png",
    "333TopSpeed": 133,
    "3330to60": 5.3,
    "333Handling": 77,
    "666TopSpeed": 137,
    "6660to60": 5.0,
    "666Handling": 80,
    "996TopSpeed": 141,
    "9960to60": 4.8,
    "996Handling": 80,
    "969TopSpeed": 141,
    "9690to60": 5.0,
    "969Handling": 83,
    "699TopSpeed": 137,
    "6990to60": 4.8,
    "699Handling": 83,
    "racehud": "https://media.discordapp.net/attachments/995376525119586356/1020001572241027082/BMW_228i_Gran_Coupe.png",
    "creator": "Andu"
}