{
    "rq": 20,
    "make": "Bitter",
    "model": "SC Coupe",
    "modelYear": 1981,
    "country": "DE",
    "topSpeed": 130,
    "0to60": 8.3,
    "handling": 69,
    "driveType": "RWD",
    "tyreType": "Performance",
    "tags": [],
    "isPrize": false,
    "weight": 1584,
    "gc": "Low",
    "seatCount": 2,
    "bodyStyle": "Coupe",
    "tcs": false,
    "abs": false,
    "enginePos": "Front",
    "fuelType": "Petrol",
    "mra": 48.54,
    "ola": 67.47,
    "description": "Stylish, exclusive, reliable, well built and fast too.",
    "card": "https://media.discordapp.net/attachments/819199720249360384/820385990929547294/cate-test.png",
    "333TopSpeed": 134,
    "3330to60": 7.9,
    "333Handling": 71,
    "666TopSpeed": 138,
    "6660to60": 7.5,
    "666Handling": 74,
    "996TopSpeed": 142,
    "9960to60": 7.1,
    "996Handling": 74,
    "969TopSpeed": 142,
    "9690to60": 7.5,
    "969Handling": 77,
    "699TopSpeed": 138,
    "6990to60": 7.1,
    "699Handling": 77,
    "racehud": "https://media.discordapp.net/attachments/995376525119586356/1004761038606061578/Bitter-SC-Coupe.png",
    "creator": "Johnny"
}