{
    "rq": 71,
    "make": "BMW",
    "model": "M4 Coupe",
    "modelYear": 2014,
    "country": "DE",
    "topSpeed": 161,
    "0to60": 4.1,
    "handling": 89,
    "driveType": "RWD",
    "tyreType": "Performance",
    "tags": [
        "Street Racer"
    ],
    "isPrize": false,
    "weight": 1592,
    "gc": "Low",
    "seatCount": 4,
    "bodyStyle": "Coupe",
    "tcs": true,
    "abs": true,
    "enginePos": "Front",
    "fuelType": "Petrol",
    "mra": 87.29,
    "ola": 87.8,
    "description": "M4 is effectively an M3 Coupe by another name. It's a fast, engaging and hugely desirable sports car.",
    "card": "https://media.discordapp.net/attachments/819199720249360384/848589599831228416/A.BMWM4CoupeF321.png",
    "333TopSpeed": 164,
    "3330to60": 3.9,
    "333Handling": 92,
    "666TopSpeed": 167,
    "6660to60": 3.7,
    "666Handling": 95,
    "996TopSpeed": 171,
    "9960to60": 3.5,
    "996Handling": 95,
    "969TopSpeed": 171,
    "9690to60": 3.7,
    "969Handling": 99,
    "699TopSpeed": 167,
    "6990to60": 3.5,
    "699Handling": 99,
    "racehud": "https://media.discordapp.net/attachments/995376525119586356/1017039024457777202/BMW_M4_2014.png",
    "creator": "Connor"
}