{
    "rq": 36,
    "make": [
        "Autodelta",
        "Alfa Romeo"
    ],
    "model": "147 1.6 TwinSpark J12",
    "modelYear": 2002,
    "country": "GB",
    "topSpeed": 135,
    "0to60": 7,
    "handling": 79,
    "driveType": "FWD",
    "tyreType": "Performance",
    "tags": [
        "Tuner",
        "Hot Hatch"
    ],
    "isPrize": false,
    "weight": 1200,
    "gc": "Low",
    "seatCount": 5,
    "bodyStyle": "Hatchback",
    "tcs": true,
    "abs": true,
    "enginePos": "Front",
    "fuelType": "Petrol",
    "mra": 53.85,
    "ola": 80,
    "description": "The lesser-known Autodelta 147.",
    "card": "https://media.discordapp.net/attachments/819199720249360384/837239408565420042/autodelta_147_1.6_ts_j12.png",
    "333TopSpeed": 139,
    "3330to60": 6.7,
    "333Handling": 82,
    "666TopSpeed": 143,
    "6660to60": 6.3,
    "666Handling": 84,
    "996TopSpeed": 147,
    "9960to60": 6,
    "996Handling": 84,
    "969TopSpeed": 147,
    "9690to60": 6.3,
    "969Handling": 88,
    "699TopSpeed": 143,
    "6990to60": 6,
    "699Handling": 88,
    "racehud": "https://media.discordapp.net/attachments/995376525119586356/1006198969464004728/autodelta_147_j12.jpg",
    "creator": "Keanny"
}