{
    "rq": 38,
    "make": "BMW",
    "model": "850i",
    "modelYear": 1990,
    "country": "DE",
    "topSpeed": 156,
    "0to60": 6.9,
    "handling": 72,
    "driveType": "RWD",
    "tyreType": "Performance",
    "tags": [],
    "isPrize": false,
    "weight": 1790,
    "gc": "Medium",
    "seatCount": 2,
    "bodyStyle": "Coupe",
    "tcs": true,
    "abs": true,
    "enginePos": "Front",
    "fuelType": "Petrol",
    "mra": 66.02,
    "ola": 78.83,
    "description": "The first 8-series with German V12 power.",
    "card": "https://media.discordapp.net/attachments/819199720249360384/825732545714716733/BMW850i.png",
    "333TopSpeed": 159,
    "3330to60": 6.6,
    "333Handling": 74,
    "666TopSpeed": 163,
    "6660to60": 6.2,
    "666Handling": 77,
    "996TopSpeed": 166,
    "9960to60": 5.9,
    "996Handling": 77,
    "969TopSpeed": 166,
    "9690to60": 6.2,
    "969Handling": 80,
    "699TopSpeed": 163,
    "6990to60": 5.9,
    "699Handling": 80,
    "racehud": "https://media.discordapp.net/attachments/995376525119586356/1023590334535577721/BMW_850i.png",
    "creator": "Havvy"
}