{
    "rq": 92,
    "make": "BMW",
    "model": "M8 Competition",
    "modelYear": 2019,
    "country": "DE",
    "topSpeed": 155,
    "0to60": 3.0,
    "handling": 91,
    "driveType": "4WD",
    "tyreType": "Performance",
    "tags": ["Grand Tourer","Silver Screen"],
    "isPrize": false,
    "weight": 1960,
    "gc": "Medium",
    "seatCount": 2,
    "bodyStyle": "Coupe",
    "tcs": true,
    "abs": true,
    "enginePos": "Front",
    "fuelType": "Petrol",
    "mra": 83.33,
    "ola": 86.67,
    "description": "M5 who?",
    "card": "https://media.discordapp.net/attachments/819199720249360384/843212380506685450/M8Competition.png",
    "333TopSpeed": 158,
    "3330to60": 2.9,
    "333Handling": 94,
    "666TopSpeed": 162,
    "6660to60": 2.7,
    "666Handling": 97,
    "996TopSpeed": 165,
    "9960to60": 2.6,
    "996Handling": 97,
    "969TopSpeed": 165,
    "9690to60": 2.7,
    "969Handling": 101,
    "699TopSpeed": 162,
    "6990to60": 2.6,
    "699Handling": 101,
    "racehud": "https://media.discordapp.net/attachments/995376525119586356/995978218202996797/M8Comp.png",
    "creator": "Bnuuy"
}