{
    "rq": 64,
    "make": "BMW",
    "model": "745e xDrive iPerformance",
    "modelYear": 2020,
    "country": "DE",
    "topSpeed": 155,
    "0to60": 4.8,
    "handling": 77,
    "driveType": "4WD",
    "tyreType": "Performance",
    "tags": ["Eco-Friendly"],
    "isPrize": false,
    "weight": 2200,
    "gc": "Medium",
    "seatCount": 5,
    "bodyStyle": "Sedan",
    "tcs": true,
    "abs": true,
    "enginePos": "Front",
    "fuelType": "Hybrid",
    "mra": 58.54,
    "ola": 69,
    "description": "The most eco-friendly way to arrive at the Siemens executive meeting.",
    "card": "https://media.discordapp.net/attachments/819199720249360384/819237083985084506/745exdrive.png",
    "333TopSpeed": 158,
    "3330to60": 4.6,
    "333Handling": 80,
    "666TopSpeed": 162,
    "6660to60": 4.3,
    "666Handling": 82,
    "996TopSpeed": 165,
    "9960to60": 4.1,
    "996Handling": 82,
    "969TopSpeed": 165,
    "9690to60": 4.3,
    "969Handling": 85,
    "699TopSpeed": 162,
    "6990to60": 4.1,
    "699Handling": 85,
    "racehud": "https://media.discordapp.net/attachments/995376525119586356/995994320366735411/745exdrive.png",
    "creator": "Bnuuy"
}