{
    "rq": 92,
    "make": "BMW",
    "model": "M5 Competition",
    "modelYear": 2018,
    "country": "DE",
    "topSpeed": 155,
    "0to60": 3.0,
    "handling": 90,
    "driveType": "4WD",
    "tyreType": "Performance",
    "tags": [
        "Super Sedan",
        "OG"
    ],
    "isPrize": false,
    "weight": 1940,
    "gc": "Medium",
    "seatCount": 5,
    "bodyStyle": "Sedan",
    "tcs": true,
    "abs": true,
    "enginePos": "Front",
    "fuelType": "Petrol",
    "mra": 78.95,
    "ola": 73.33,
    "description": "Was one of the most unstopable city streets cars, until it was stopped.",
    "card": "https://media.discordapp.net/attachments/819199720249360384/819419372363186236/2018_BMW_M5_Compe.png",
    "333TopSpeed": 158,
    "3330to60": 2.9,
    "333Handling": 93,
    "666TopSpeed": 162,
    "6660to60": 2.7,
    "666Handling": 96,
    "996TopSpeed": 165,
    "9960to60": 2.6,
    "996Handling": 96,
    "969TopSpeed": 165,
    "9690to60": 2.7,
    "969Handling": 100,
    "699TopSpeed": 162,
    "6990to60": 2.6,
    "699Handling": 100,
    "racehud": "https://media.discordapp.net/attachments/995376525119586356/1017877389847568424/BMW_M5_Competition_2018.png",
    "creator": "DodgeDemon"
}