{
    "rq": 41,
    "make": "BMW",
    "model": "M6",
    "modelYear": 1987,
    "country": "DE",
    "topSpeed": 144,
    "0to60": 6.5,
    "handling": 74,
    "driveType": "RWD",
    "tyreType": "Performance",
    "tags": [
        "Grand Tourer", "Year of the Rabbit"
    ],
    "isPrize": false,
    "weight": 1614,
    "gc": "Medium",
    "seatCount": 4,
    "bodyStyle": "Coupe",
    "tcs": false,
    "abs": true,
    "enginePos": "Front",
    "fuelType": "Petrol",
    "mra": 60.56,
    "ola": 79.69,
    "description": "The slower american cousin everyone puts up with. Card by Andu.",
    "card": "https://media.discordapp.net/attachments/819199720249360384/945395559345324062/M6.png",
    "333TopSpeed": 148,
    "3330to60": 6.2,
    "333Handling": 76,
    "666TopSpeed": 151,
    "6660to60": 5.9,
    "666Handling": 79,
    "996TopSpeed": 155,
    "9960to60": 5.5,
    "996Handling": 79,
    "969TopSpeed": 155,
    "9690to60": 5.9,
    "969Handling": 82,
    "699TopSpeed": 151,
    "6990to60": 5.5,
    "699Handling": 82,
    "racehud": "https://media.discordapp.net/attachments/995376525119586356/1050981646414905384/M684.png",
    "creator": "Andu"
}
