{
    "rq": 19,
    "make": [
        "Blitz",
        "Honda"
    ],
    "model": "S660 Spec C",
    "modelYear": 2016,
    "country": "JP",
    "topSpeed": 101,
    "0to60": 9.9,
    "handling": 76,
    "driveType": "RWD",
    "tyreType": "Performance",
    "tags": [
        "Tuner",
        "Kei Car"
    ],
    "isPrize": false,
    "weight": 830,
    "gc": "Low",
    "seatCount": 2,
    "bodyStyle": "Convertible",
    "tcs": true,
    "abs": true,
    "enginePos": "Middle",
    "fuelType": "Petrol",
    "mra": 43.81,
    "ola": 71.71,
    "description": "JDM style speedyness... is that a word?",
    "card": "https://media.discordapp.net/attachments/819199720249360384/868778642921107516/blitz_s660.png",
    "333TopSpeed": 106,
    "3330to60": 9.4,
    "333Handling": 79,
    "666TopSpeed": 111,
    "6660to60": 8.9,
    "666Handling": 81,
    "996TopSpeed": 114,
    "9960to60": 8.4,
    "996Handling": 81,
    "969TopSpeed": 114,
    "9690to60": 8.9,
    "969Handling": 84,
    "699TopSpeed": 111,
    "6990to60": 8.4,
    "699Handling": 84,
    "racehud": "https://media.discordapp.net/attachments/995376525119586356/1003176053424005191/blitz_s660.jpg",
    "creator": "Keanny"
}