{
    "rq": 57,
    "make": "BMW",
    "model": "X1 xDrive28i X-Line",
    "modelYear": 2015,
    "country": "DE",
    "topSpeed": 129,
    "0to60": 6.6,
    "handling": 77,
    "driveType": "4WD",
    "tyreType": "All-Surface",
    "tags": ["OG"],
    "isPrize": false,
    "weight": 1694,
    "gc": "Medium",
    "seatCount": 5,
    "bodyStyle": "SUV",
    "tcs": true,
    "abs": true,
    "enginePos": "Front",
    "fuelType": "Petrol",
    "mra": 59.19,
    "ola": 71.21,
    "description": "",
    "card": "https://media.discordapp.net/attachments/819199720249360384/822058902187147294/X1xdrive28i.png",
    "333TopSpeed": 133,
    "3330to60": 6.3,
    "333Handling": 80,
    "666TopSpeed": 137,
    "6660to60": 5.9,
    "666Handling": 82,
    "996TopSpeed": 141,
    "9960to60": 5.6,
    "996Handling": 82,
    "969TopSpeed": 141,
    "9690to60": 5.9,
    "969Handling": 85,
    "699TopSpeed": 137,
    "6990to60": 5.6,
    "699Handling": 85,
    "racehud": "https://media.discordapp.net/attachments/995376525119586356/1020322820150009876/BMW_X1_xDrive28i_X-Line.png",
    "creator": "Andu"
}