{
    "rq": 55,
    "make": "Audi",
    "model": "S1 Sportback",
    "modelYear": 2015,
    "country": "DE",
    "topSpeed": 155,
    "0to60": 5.5,
    "handling": 80,
    "driveType": "4WD",
    "tyreType": "Performance",
    "tags": [
        "Hot Hatch","OG"
    ],
    "isPrize": false,
    "weight": 1316,
    "gc": "Low",
    "seatCount": 4,
    "bodyStyle": "Hatchback",
    "tcs": true,
    "abs": true,
    "enginePos": "Front",
    "fuelType": "Petrol",
    "mra": 62.5,
    "ola": 69.09,
    "description": "A proper little stonker: fast, small, fun, a 4wd hot hatch done properly.",
    "card": "https://media.discordapp.net/attachments/819199720249360384/824410365256400896/S1portsbacc.png",
    "333TopSpeed": 158,
    "3330to60": 5.2,
    "333Handling": 83,
    "666TopSpeed": 162,
    "6660to60": 5.0,
    "666Handling": 85,
    "996TopSpeed": 165,
    "9960to60": 4.7,
    "996Handling": 85,
    "969TopSpeed": 165,
    "9690to60": 5.0,
    "969Handling": 89,
    "699TopSpeed": 162,
    "6990to60": 4.7,
    "699Handling": 89,
    "racehud": "https://media.discordapp.net/attachments/995376525119586356/1017739847194124288/Audi_S1_Sportback.png",
    "creator": "Macan"
}