{
    "rq": 19,
    "make": "BMW",
    "model": "503 Coupe",
    "modelYear": 1955,
    "country": "DE",
    "topSpeed": 117,
    "0to60": 12.6,
    "handling": 60,
    "driveType": "RWD",
    "tyreType": "Standard",
    "tags": [],
    "isPrize": false,
    "weight": 1500,
    "gc": "Medium",
    "seatCount": 4,
    "bodyStyle": "Coupe",
    "tcs": false,
    "abs": false,
    "enginePos": "Front",
    "fuelType": "Petrol",
    "mra": 60,
    "ola": 55.55,
    "description": "None.",
    "card": "https://media.discordapp.net/attachments/819199720249360384/857393662827954186/503Coupe.png",
    "333TopSpeed": 121,
    "3330to60": 12.0,
    "333Handling": 62,
    "666TopSpeed": 126,
    "6660to60": 11.3,
    "666Handling": 64,
    "996TopSpeed": 130,
    "9960to60": 10.7,
    "996Handling": 64,
    "969TopSpeed": 130,
    "9690to60": 11.3,
    "969Handling": 67,
    "699TopSpeed": 126,
    "6990to60": 10.7,
    "699Handling": 67,
    "racehud": "https://media.discordapp.net/attachments/995376525119586356/995978444242419752/bmw503coupe.png",
    "creator": "Bnuuy"
}