{
    "rq": 81,
    "make": "Audi",
    "model": "TT RS Coupe",
    "modelYear": 2016,
    "country": "DE",
    "topSpeed": 155,
    "0to60": 3.5,
    "handling": 90,
    "driveType": "4WD",
    "tyreType": "Performance",
    "tags": [],
    "isPrize": false,
    "weight": 1483,
    "gc": "Low",
    "seatCount": 4,
    "bodyStyle": "Coupe",
    "tcs": true,
    "abs": true,
    "enginePos": "Front",
    "fuelType": "Petrol",
    "mra": 68.63,
    "ola": 80,
    "description": "Watch out Audi R8, the most powerful Audi TT RS ever made is hot on your tail.",
    "card": "https://media.discordapp.net/attachments/819199720249360384/840230303838502942/audi_tt_rs_coupe_2.png",
    "333TopSpeed": 158,
    "3330to60": 3.3,
    "333Handling": 93,
    "666TopSpeed": 162,
    "6660to60": 3.2,
    "666Handling": 96,
    "996TopSpeed": 165,
    "9960to60": 3.0,
    "996Handling": 96,
    "969TopSpeed": 165,
    "9690to60": 3.2,
    "969Handling": 100,
    "699TopSpeed": 162,
    "6990to60": 3.0,
    "699Handling": 100,
    "racehud": "https://cdn.discordapp.com/attachments/1077293403668234340/1095096796474261535/c00124.png",
    "creator": "Lemon"
}