{
    "rq": 59,
    "make": "Audi",
    "model": "RS2 Avant",
    "modelYear": 1994,
    "country": "DE",
    "topSpeed": 163,
    "0to60": 5.0,
    "handling": 79,
    "driveType": "4WD",
    "tyreType": "Performance",
    "tags": ["Eargasm", "Innovative"],
    "isPrize": true,

    "weight": 1657,
    "gc": "Low",
    "seatCount": 5,
    "bodyStyle": "Wagon",
    "tcs": true,
    "abs": true,
    "enginePos": "Front",
    "fuelType": "Petrol",
    "mra": 62.50,
    "ola": 68.00,
    "description": "The wagon which started the RS family, engineered by Porsche.",
    "card": "https://media.discordapp.net/attachments/819199720249360384/1064288093642965052/B.AudiRS2Avant.png",
    "racehud": "https://media.discordapp.net/attachments/995376525119586356/1064288035220508803/AudiRS2.png",
    "creator": "Connor",

    "333TopSpeed": 166,
    "3330to60": 4.8,
    "333Handling": 82,

    "666TopSpeed": 169,
    "6660to60": 4.5, 
    "666Handling": 84,

    "996TopSpeed": 173,
    "9960to60": 4.3,
    "996Handling": 84,

    "969TopSpeed": 173,
    "9690to60": 4.5,
    "969Handling": 88,

    "699TopSpeed": 169,
    "6990to60": 4.3,
    "699Handling": 88
}