{
    "rq": 75,
    "make": "Bentley",
    "model": "Bentayga Hybrid",
    "modelYear": 2020,
    "country": "GB",
    "topSpeed": 158,
    "0to60": 5.3,
    "handling": 79,
    "driveType": "4WD",
    "tyreType": "All-Surface",
    "tags": ["Eco-Friendly","The Royal Collection"],
    "isPrize": false,
    "weight": 2440,
    "gc": "High",
    "seatCount": 5,
    "bodyStyle": "SUV",
    "tcs": true,
    "abs": true,
    "enginePos": "Front",
    "fuelType": "Hybrid",
    "mra": 76.45,
    "ola": 88.88,
    "description": "The Eco Friendly bentley.",
    "card": "https://cdn.discordapp.com/attachments/1077292374608326656/1101527359078801438/BentaygaHybrid2020.png",
    "333TopSpeed": 161,
    "3330to60": 5.0,
    "333Handling": 82,
    "666TopSpeed": 165,
    "6660to60": 4.8,
    "666Handling": 84,
    "996TopSpeed": 168,
    "9960to60": 4.5,
    "996Handling": 84,
    "969TopSpeed": 168,
    "9690to60": 4.8,
    "969Handling": 88,
    "699TopSpeed": 165,
    "6990to60": 4.5,
    "699Handling": 88,
    "racehud": "https://cdn.discordapp.com/attachments/1077293403668234340/1101561908005437510/BentaygaHybrid.png",
    "creator": "Bnuuy"
}