{
    "rq": 49,
    "make": "BMW",
    "model": "M3",
    "modelYear": 1992,
    "country": "DE",
    "topSpeed": 155,
    "0to60": 5.6,
    "handling": 80,
    "driveType": "RWD",
    "tyreType": "Performance",
    "tags": [
        "Street Racer",
        "Style Icon","OG"
    ],
    "isPrize": false,
    "weight": 1442,
    "gc": "Low",
    "seatCount": 4,
    "bodyStyle": "Coupe",
    "tcs": true,
    "abs": true,
    "enginePos": "Front",
    "fuelType": "Petrol",
    "mra": 65.88,
    "ola": 78.57,
    "description": "The legendary E36 generation M3.",
    "card": "https://media.discordapp.net/attachments/819199720249360384/826469416627077161/oldslowM3thing.png",
    "333TopSpeed": 158,
    "3330to60": 5.3,
    "333Handling": 83,
    "666TopSpeed": 162,
    "6660to60": 5.0,
    "666Handling": 85,
    "996TopSpeed": 165,
    "9960to60": 4.8,
    "996Handling": 85,
    "969TopSpeed": 165,
    "9690to60": 5.0,
    "969Handling": 89,
    "699TopSpeed": 165,
    "6990to60": 4.8,
    "699Handling": 89,
    "racehud": "https://media.discordapp.net/attachments/995376525119586356/1017025815801766018/BMW_M3_1992.png",
    "creator": "Havvy"
}