{
    "rq": 86,
    "make": "Bentley",
    "model": "Hunaudieres",
    "modelYear": 1999,
    "country": "GB",
    "topSpeed": 217,
    "0to60": 3.4,
    "handling": 89,
    "driveType": "4WD",
    "tyreType": "Performance",
    "tags": [
        "Unique",
        "Concept",
        "The Royal Collection", "Year of the Rabbit"
    ],
    "isPrize": false,
    "weight": 1400,
    "gc": "Low",
    "seatCount": 2,
    "bodyStyle": "Coupe",
    "tcs": true,
    "abs": true,
    "enginePos": "Middle",
    "fuelType": "Petrol",
    "mra": 94.44,
    "ola": 88.24,
    "description": "The forgotten Bentley concept car that helped the development of the Bugatti Veyron.",
    "card": "https://media.discordapp.net/attachments/819199720249360384/850428289977548830/image0.png",
    "333TopSpeed": 219,
    "3330to60": 3.2,
    "333Handling": 92,
    "666TopSpeed": 222,
    "6660to60": 3.1,
    "666Handling": 95,
    "996TopSpeed": 224,
    "9960to60": 2.9,
    "996Handling": 95,
    "969TopSpeed": 224,
    "9690to60": 3.1,
    "969Handling": 99,
    "699TopSpeed": 222,
    "6990to60": 2.9,
    "699Handling": 99,
    "racehud": "https://media.discordapp.net/attachments/995376525119586356/1017342522940465172/Bentley_Hunaudieres.png",
    "creator": "Spence"
}