{
    "rq": 63,
    "make": "Audi",
    "model": "A4 2.0 TFSI quattro",
    "modelYear": 2015,
    "country": "DE",
    "topSpeed": 155,
    "0to60": 5.3,
    "handling": 81,
    "driveType": "4WD",
    "tyreType": "Standard",
    "tags": [],
    "isPrize": false,
    "weight": 1635,
    "gc": "Low",
    "seatCount": 5,
    "bodyStyle": "Sedan",
    "tcs": true,
    "abs": true,
    "enginePos": "Front",
    "fuelType": "Petrol",
    "mra": 60.92,
    "ola": 67.92,
    "description": "The perfect car in search of its own soul.",
    "card": "https://media.discordapp.net/attachments/819199720249360384/875660008396820490/audi_a4_2.0_tfsi_quattro_for_cd.png",
    "333TopSpeed": 158,
    "3330to60": 5.0,
    "333Handling": 84,
    "666TopSpeed": 162,
    "6660to60": 4.8,
    "666Handling": 86,
    "996TopSpeed": 165,
    "9960to60": 4.5,
    "996Handling": 86,
    "969TopSpeed": 165,
    "9690to60": 4.8,
    "969Handling": 90,
    "699TopSpeed": 162,
    "6990to60": 4.5,
    "699Handling": 90,
    "racehud": "https://media.discordapp.net/attachments/995376525119586356/1001032132963082340/IMG_20210812_192934.png",
    "creator": "Lemon"
}