{
    "rq": 74,
    "make": "Audi",
    "model": "Q7 V12 TDI",
    "modelYear": 2009,
    "country": "DE",
    "topSpeed": 155,
    "0to60": 5.3,
    "handling": 76,
    "driveType": "4WD",
    "tyreType": "All-Surface",
    "tags": [],
    "isPrize": false,
    "weight": 2600,
    "gc": "High",
    "seatCount": 7,
    "bodyStyle": "SUV",
    "tcs": true,
    "abs": true,
    "enginePos": "Front",
    "fuelType": "Diesel",
    "mra": 67.09,
    "ola": 67.92,
    "description": "Diesel V12 in a passenger car? Never heard of, but they've done it.",
    "card": "https://media.discordapp.net/attachments/819199720249360384/819578888161329162/image0.jpg",
    "333TopSpeed": 158,
    "3330to60": 5.0,
    "333Handling": 79,
    "666TopSpeed": 162,
    "6660to60": 4.8,
    "666Handling": 81,
    "996TopSpeed": 165,
    "9960to60": 4.5,
    "996Handling": 81,
    "969TopSpeed": 165,
    "9690to60": 4.7,
    "969Handling": 84,
    "699TopSpeed": 162,
    "6990to60": 4.5,
    "699Handling": 84,
    "racehud": "https://media.discordapp.net/attachments/995376525119586356/1018174153905406052/Audi_Q7_V12_TDI.png",
    "creator": "Spence"
}