{
    "rq": 58,
    "make": "BMW",
    "model": "M1 Autogas LPG Record Car",
    "modelYear": 1978,
    "country": "DE",
    "topSpeed": 187,
    "0to60": 4.5,
    "handling": 75,
    "driveType": "RWD",
    "tyreType": "Performance",
    "tags": ["Unique","Innovative"],
    "isPrize": true,
    "weight": 1315,
    "gc": "Low",
    "seatCount": 2,
    "bodyStyle": "Coupe",
    "tcs": false,
    "abs": false,
    "enginePos": "Middle",
    "fuelType": "Alternative",
    "mra": 78.95,
    "ola": 88.89,
    "description": "After beating the LPG speed record, this M1 had been left to rot for a long time. Alas, poor M1!.",
    "card": "https://media.discordapp.net/attachments/819199720249360384/840048870921601024/bmw_m1_autogas_lpg_record_car.png",
    "333TopSpeed": 190,
    "3330to60": 4.3,
    "333Handling": 77,
    "666TopSpeed": 193,
    "6660to60": 4.1,
    "666Handling": 80,
    "996TopSpeed": 195,
    "9960to60": 3.8,
    "996Handling": 80,
    "969TopSpeed": 195,
    "9690to60": 4.1,
    "969Handling": 83,
    "699TopSpeed": 193,
    "6990to60": 3.8,
    "699Handling": 83,
    "racehud": "https://media.discordapp.net/attachments/995376525119586356/1003165302491721819/m1_autogas.jpg",
    "creator": "Keanny"
}