{
    "rq": 38,
    "make": "BMW",
    "model": "118d Sport Line",
    "modelYear": 2019,
    "country": "DE",
    "topSpeed": 134,
    "0to60": 8.4,
    "handling": 73,
    "driveType": "FWD",
    "tyreType": "Standard",
    "tags": [],
    "isPrize": false,
    "weight": 1505,
    "gc": "Medium",
    "seatCount": 5,
    "bodyStyle": "Hatchback",
    "tcs": true,
    "abs": true,
    "enginePos": "Front",
    "fuelType": "Diesel",
    "mra": 54.55,
    "ola": 69.05,
    "description": "BMW's smallest car is now FWD, to a dismay of many BMW fans.",
    "card": "https://media.discordapp.net/attachments/819199720249360384/851468535179509803/D.BMW118dSportLine.png",
    "333TopSpeed": 138,
    "3330to60": 8.0,
    "333Handling": 75,
    "666TopSpeed": 146,
    "6660to60": 7.6,
    "666Handling": 78,
    "996TopSpeed": 146,
    "9960to60": 7.1,
    "996Handling": 78,
    "969TopSpeed": 146,
    "9690to60": 7.6,
    "969Handling": 81,
    "699TopSpeed": 142,
    "6990to60": 7.1,
    "699Handling": 81,
    "racehud": "https://media.discordapp.net/attachments/995376525119586356/1020350132513947769/BMW_118d_2019.png",
    "creator": "Connor"
}