{
    "rq": 105,
    "make": "Audi",
    "model": "Sport quattro S1 Group B",
    "modelYear": 1985,
    "country": "DE",
    "topSpeed": 137,
    "0to60": 3.1,
    "handling": 86,
    "driveType": "4WD",
    "tyreType": "Off-Road",
    "tags": ["Motorsport","Innovative","Unique"],
    "isPrize": true,
    "weight": 1200,
    "gc": "Medium",
    "seatCount": 2,
    "bodyStyle": "Coupe",
    "tcs": false,
    "abs": false,
    "enginePos": "Front",
    "fuelType": "Petrol",
    "mra": 75.61,
    "ola": 96.3,
    "description": "The legendary rally winning Audi.",
    "card": "https://media.discordapp.net/attachments/819199720249360384/824653841915052052/audirally.png",
    "333TopSpeed": 141,
    "3330to60": 2.9,
    "333Handling": 89,
    "666TopSpeed": 145,
    "6660to60": 2.8,
    "666Handling": 92,
    "996TopSpeed": 148,
    "9960to60": 2.6,
    "996Handling": 92,
    "969TopSpeed": 148,
    "9690to60": 2.8,
    "969Handling": 95,
    "699TopSpeed": 145,
    "6990to60": 2.6,
    "699Handling": 95,
    "racehud": "https://media.discordapp.net/attachments/995376525119586356/997773810696724502/quattroS1.png",
    "creator": "Havvy"
}