{
    "rq": 50,
    "make": "BMW",
    "model": "X2 xDrive20d M Sport",
    "modelYear": 2018,
    "country": "DE",
    "topSpeed": 137,
    "0to60": 7.4,
    "handling": 80,
    "driveType": "4WD",
    "tyreType": "Standard",
    "tags": [],
    "isPrize": false,
    "weight": 1600,
    "gc": "Medium",
    "seatCount": 5,
    "bodyStyle": "SUV",
    "tcs": true,
    "abs": true,
    "enginePos": "Front",
    "fuelType": "Diesel",
    "mra": 52.86,
    "ola": 64.86,
    "description": "One day I lost my mind and made a modern diesel crossover.",
    "card": "https://media.discordapp.net/attachments/819199720249360384/828977386829774888/BMWX2xDrive20d.png",
    "333TopSpeed": 141,
    "3330to60": 7,
    "333Handling": 83,
    "666TopSpeed": 145,
    "6660to60": 6.7,
    "666Handling": 85,
    "996TopSpeed": 148,
    "9960to60": 6.3,
    "996Handling": 85,
    "969TopSpeed": 148,
    "9690to60": 6.7,
    "969Handling": 89,
    "699TopSpeed": 145,
    "6990to60": 6.3,
    "699Handling": 89,
    "racehud": "https://media.discordapp.net/attachments/995376525119586356/1020002822865043476/BMW_X2_xDrive20d_M_Sport.png",
    "creator": "Havvy"
}