{
    "rq": 61,
    "make": "BMW",
    "model": "535i",
    "modelYear": 2010,
    "country": "DE",
    "topSpeed": 155,
    "0to60": 5.7,
    "handling": 79,
    "driveType": "RWD",
    "tyreType": "Standard",
    "tags": ["OG"],
    "isPrize": false,
    "weight": 1700,
    "gc": "Medium",
    "seatCount": 5,
    "bodyStyle": "Sedan",
    "tcs": true,
    "abs": true,
    "enginePos": "Front",
    "fuelType": "Petrol",
    "mra": 68.17,
    "ola": 74.01,
    "description": "The 535i is a technological powerhouse with a potent straight six engine.",
    "card": "https://media.discordapp.net/attachments/819199720249360384/820435718455033926/BMW535i.png",
    "333TopSpeed": 158,
    "3330to60": 5.4,
    "333Handling": 82,
    "666TopSpeed": 162,
    "6660to60": 5.1,
    "666Handling": 84,
    "996TopSpeed": 165,
    "9960to60": 4.8,
    "996Handling": 84,
    "969TopSpeed": 165,
    "9690to60": 5.1,
    "969Handling": 88,
    "699TopSpeed": 162,
    "6990to60": 4.8,
    "699Handling": 88,
    "racehud": "https://media.discordapp.net/attachments/995376525119586356/1017335988764282920/BMW_535i_2010.png",
    "creator": "Havvy"
}