{
    "rq": 79,
    "make": "Audi",
    "model": "SQ5",
    "modelYear": 2018,
    "country": "DE",
    "topSpeed": 155,
    "0to60": 5.2,
    "handling": 82,
    "driveType": "4WD",
    "tyreType": "All-Surface",
    "tags": [],
    "isPrize": false,
    "weight": 2007,
    "gc": "High",
    "seatCount": 5,
    "bodyStyle": "SUV",
    "tcs": true,
    "abs": true,
    "enginePos": "Front",
    "fuelType": "Petrol",
    "mra": 64.61,
    "ola": 72.47,
    "description": "Redesigned SQ5 focuses on handling rather than straight-line stuff.",
    "card": "https://media.discordapp.net/attachments/819199720249360384/838500462641807370/sq5_new.png",
    "333TopSpeed": 158,
    "3330to60": 4.9,
    "333Handling": 85,
    "666TopSpeed": 162,
    "6660to60": 4.7,
    "666Handling": 87,
    "996TopSpeed": 165,
    "9960to60": 4.4,
    "996Handling": 87,
    "969TopSpeed": 165,
    "9690to60": 4.7,
    "969Handling": 91,
    "699TopSpeed": 162,
    "6990to60": 4.4,
    "699Handling": 91,
    "racehud": "https://media.discordapp.net/attachments/995376525119586356/1016073900439908453/SQ52018.png",
    "creator": "McNuggets"
}