{
    "rq": 100,
    "make": "Bentley",
    "model": "Bentayga Speed",
    "modelYear": 2020,
    "country": "GB",
    "topSpeed": 190,
    "0to60": 3.5,
    "handling": 84,
    "driveType": "4WD",
    "tyreType": "All-Surface",
    "tags": ["The Royal Collection","Supercar"],
    "isPrize": false,
    "weight": 2450,
    "gc": "High",
    "seatCount": 5,
    "bodyStyle": "SUV",
    "tcs": true,
    "abs": true,
    "enginePos": "Front",
    "fuelType": "Petrol",
    "mra": 78.31,
    "ola": 76.47,
    "description": "The Fastest Bentley SUV to date.",
    "card": "https://cdn.discordapp.com/attachments/1077292374608326656/1101527447469572196/BentaygaSpeed2020.png",
"333TopSpeed": 193,
"3330to60": 3.3,
"333Handling": 87,

"666TopSpeed": 195,
"6660to60": 3.1,
"666Handling": 90,

"699TopSpeed": 195,
"6990to60": 3,
"699Handling": 93,

"969TopSpeed": 198,
"9690to60": 3.1,
"969Handling": 93,

"996TopSpeed": 198,
"9960to60": 3,
"996Handling": 90,
    "racehud": "https://cdn.discordapp.com/attachments/1077293403668234340/1101561926347145236/BentaygaSpeed.png",
    "creator": "Bnuuy"
}