{
    "rq": 67,
    "make": "BMW",
    "model": "X1 xDrive28i",
    "modelYear": 2011,
    "country": "DE",
    "topSpeed": 143,
    "0to60": 6.0,
    "handling": 76,
    "driveType": "4WD",
    "tyreType": "All-Surface",
    "tags": ["Year of the Rabbit"],
    "isPrize": false,
    "weight": 1700,
    "gc": "High",
    "seatCount": 5,
    "bodyStyle": "SUV",
    "tcs": true,
    "abs": true,
    "enginePos": "Front",
    "fuelType": "Petrol",
    "mra": 57.6,
    "ola": 74.5,
    "description": "tfw old X1 is faster than new one.",
    "card": "https://media.discordapp.net/attachments/819199720249360384/820401724669820938/IMG_20210308_105254.png",
    "333TopSpeed": 147,
    "3330to60": 5.7,
    "333Handling": 79,
    "666TopSpeed": 150,
    "6660to60": 5.4,
    "666Handling": 81,
    "996TopSpeed": 154,
    "9960to60": 5.1,
    "996Handling": 81,
    "969TopSpeed": 154,
    "9690to60": 5.4,
    "969Handling": 84,
    "699TopSpeed": 150,
    "6990to60": 5.1,
    "699Handling": 84,
    "racehud": "https://media.discordapp.net/attachments/995376525119586356/1018233254173749299/BMW_X1_xDrive28i_2011.png",
    "creator": "Cenard"
}