{
    "rq": 40,
    "make": "Audi",
    "model": "A3 Sportback 2.0 TFSI quattro Sportline",
    "modelYear": 2004,
    "country": "DE",
    "topSpeed": 145,
    "0to60": 6.9,
    "handling": 79,
    "driveType": "4WD",
    "tyreType": "Performance",
    "tags": [],
    "isPrize": false,


    "weight": 1578,
    "gc": "Low",
    "seatCount": 5,
    "bodyStyle": "Hatchback",
    "tcs": true,
    "abs": true,
    "enginePos": "Front",
    "fuelType": "Petrol",
    "mra": 63.30,
    "ola": 60.86,
    "description": "quattro.",
    "card": "https://media.discordapp.net/attachments/1077292374608326656/1134100036469391480/C.AudiA3SB20T8P.png",
    "racehud": "https://media.discordapp.net/attachments/1077293403668234340/1134102547313987765/A320Tq.png",
    "creator": "Connor",

    "333TopSpeed": 149,
    "3330to60": 6.6,
    "333Handling": 82,

    "666TopSpeed": 152,
    "6660to60": 6.2, 
    "666Handling": 84,

    "996TopSpeed": 156,
    "9960to60": 5.9,
    "996Handling": 84,

    "969TopSpeed": 156,
    "9690to60": 6.2,
    "969Handling": 88,

    "699TopSpeed": 152,
    "6990to60": 5.9,
    "699Handling": 88
}