{
    "rq": 63,
    "make": ["Autodelta", "Alfa Romeo"],
    "model": "147 GTA AM 3.7 Super",
    "modelYear": 2005,
    "country": "GB",
    "topSpeed": 180,
    "0to60": 4.8,
    "handling": 85,
    "driveType": "FWD",
    "tyreType": "Performance",
    "tags": ["Hot Hatch", "Tuner", "Sleeper"],
    "isPrize": false,

    "weight": 1360,
    "gc": "Low",
    "seatCount": 5,
    "bodyStyle": "Hatchback",
    "tcs": true,
    "abs": true,
    "enginePos": "Front",
    "fuelType": "Petrol",
    "mra": 76.19,
    "ola": 91.67,
    "description": "After breaking out on Top Gear, the Londoners decided to push the limits of the GTA's engine furhter. The GTA AM (short for Autodelta Maggiorata) now has a custom Rotrex supercharger added on top of the bored engine as well as many all-around powertrain upgrades. This gives a boosted horsepower figure of 400hp, which rightfully sounds scary.",
    "card": "https://media.discordapp.net/attachments/819199720249360384/837302717596041296/autodelta_147_gta_am_3.7_super.png",

    "333TopSpeed": 183,
    "3330to60": 4.6,
    "333Handling": 88,

    "666TopSpeed": 186,
    "6660to60": 4.3,
    "666Handling": 91,

    "996TopSpeed": 189,
    "9960to60": 4.1,
    "996Handling": 91,

    "969TopSpeed": 189,
    "9690to60": 4.3,
    "969Handling": 94,

    "699TopSpeed": 186,
    "6990to60": 4.1,
    "699Handling": 94,

    "racehud": "https://media.discordapp.net/attachments/995376525119586356/1003257150920998922/autodelta_147_gtam_3.7.jpg",
    "creator": "Keanny"
}