{
    "rq": 52,
    "make": "Caterham",
    "model": "Super Seven SV Roadsport Xpower 140",
    "modelYear": 2001,
    "country": "GB",
    "topSpeed": 120,
    "0to60": 5.6,
    "handling": 86,
    "driveType": "RWD",
    "tyreType": "Performance",
    "tags": ["Track Day","The Royal Collection"],
    "isPrize": false,
    "weight": 575,
    "gc": "Low",
    "seatCount": 2,
    "bodyStyle": "Open Air",
    "tcs": false,
    "abs": false,
    "enginePos": "Front",
    "fuelType": "Petrol",
    "mra": 51.96,
    "ola": 75.47,
    "description": "Driven by a 140hp 1.8L Rover K-series.",
    "card": "https://media.discordapp.net/attachments/819199720249360384/849757620905967686/SSSVRX140.png",
    "333TopSpeed": 124,
    "3330to60": 5.3,
    "333Handling": 89,
    "666TopSpeed": 129,
    "6660to60": 5.0,
    "666Handling": 92,
    "996TopSpeed": 133,
    "9960to60": 4.8,
    "996Handling": 92,
    "969TopSpeed": 133,
    "9690to60": 5.0,
    "969Handling": 95,
    "699TopSpeed": 129,
    "6990to60": 4.8,
    "699Handling": 95,
    "racehud": "https://media.discordapp.net/attachments/995376525119586356/996024639904030760/catesvroadsport.png",
    "creator": "Bnuuy"
}