{
    "rq": 39,
    "make": "Caterham",
    "model": "Seven 160",
    "modelYear": 2014,
    "country": "GB",
    "topSpeed": 101,
    "0to60": 7.1,
    "handling": 80,
    "driveType": "RWD",
    "tyreType": "Standard",
    "tags": ["The Royal Collection", "Track Day", "Servers Choice","Oceanic View"],
    "isPrize": false,
    "weight": 490,
    "gc": "Low",
    "seatCount": 2,
    "bodyStyle": "Open Air",
    "tcs": false,
    "abs": false,
    "enginePos": "Front",
    "fuelType": "Petrol",
    "mra": 20.7,
    "ola": 76.06,
    "description": "STANDARD CATE POG.",
    "card": "https://media.discordapp.net/attachments/819199720249360384/855205901999800360/cate160165.png",
    "333TopSpeed": 106,
    "3330to60": 6.7,
    "333Handling": 83,
    "666TopSpeed": 111,
    "6660to60": 6.4,
    "666Handling": 85,
    "996TopSpeed": 116,
    "9960to60": 6.0,
    "996Handling": 85,
    "969TopSpeed": 116,
    "9690to60": 6.4,
    "969Handling": 89,
    "699TopSpeed": 111,
    "6990to60": 6.0,
    "699Handling": 89,
    "racehud": "https://media.discordapp.net/attachments/995376525119586356/995379309898383490/cate.png",
    "creator": "Bnuuy"
}