{
    "rq": 72,
    "make": "Bugatti",
    "model": "EB 18/3 Chiron Concept",
    "modelYear": 1999,
    "country": "FR",
    "topSpeed": 205,
    "0to60": 4.5,
    "handling": 86,
    "driveType": "4WD",
    "tyreType": "Performance",
    "tags": [
        "Concept",
        "Unique",
        "Servers Choice", "Year of the Rabbit"
    ],
    "isPrize": false,
    "weight": 1700,
    "gc": "Low",
    "seatCount": 2,
    "bodyStyle": "Coupe",
    "tcs": true,
    "abs": true,
    "enginePos": "Middle",
    "fuelType": "Petrol",
    "mra": 104.65,
    "ola": 82.22,
    "description": "This is the Bugatti Chiron in the 90s.",
    "card": "https://media.discordapp.net/attachments/819199720249360384/854435672189304852/image0.png",
    "333TopSpeed": 208,
    "3330to60": 4.3,
    "333Handling": 89,
    "666TopSpeed": 210,
    "6660to60": 4.1,
    "666Handling": 92,
    "699TopSpeed": 210,
    "6990to60": 3.8,
    "699Handling": 95,
    "969TopSpeed": 213,
    "9690to60": 4.1,
    "969Handling": 95,
    "996TopSpeed": 213,
    "9960to60": 3.8,
    "996Handling": 92,
    "racehud": "https://media.discordapp.net/attachments/995376525119586356/1017061017462788186/Bugatti_EB183_Chiron.png",
    "creator": "Spence"
}