{
    "rq": 84,
    "make": "Caterham",
    "model": "Seven CSR 260 Superlight",
    "modelYear": 2006,
    "country": "GB",
    "topSpeed": 155,
    "0to60": 3.1,
    "handling": 94,
    "driveType": "RWD",
    "tyreType": "Performance",
    "tags": ["Track Day","The Royal Collection"],
    "isPrize": false,
    "weight": 565,
    "gc": "Low",
    "seatCount": 2,
    "bodyStyle": "Open Air",
    "tcs": false,
    "abs": false,
    "enginePos": "Front",
    "fuelType": "Petrol",
    "mra": 65.96,
    "ola": 90.32,
    "description": "Cate.",
    "card": "https://media.discordapp.net/attachments/819199720249360384/846703348035747840/CSRSuperlight.png",
    "333TopSpeed": 158,
    "3330to60": 2.9,
    "333Handling": 97,
    "666TopSpeed": 162,
    "6660to60": 2.8,
    "666Handling": 100,
    "996TopSpeed": 165,
    "9960to60": 2.6,
    "996Handling": 100,
    "969TopSpeed": 165,
    "9690to60": 2.8,
    "969Handling": 104,
    "699TopSpeed": 162,
    "6990to60": 2.6,
    "699Handling": 104,
    "racehud": "https://media.discordapp.net/attachments/995376525119586356/995994587355164753/cate7csr260sl.png",
    "creator": "Bnuuy"
}