{
    "rq": 40,
    "make": "Chevrolet",
    "model": "Bolt EV Premier",
    "modelYear": 2016,
    "country": "US",
    "topSpeed": 92,
    "0to60": 6.7,
    "handling": 71,
    "driveType": "FWD",
    "tyreType": "Standard",
    "tags": ["Eco-Friendly"],
    "isPrize": false,


    "weight": 1618,
    "gc": "Medium",
    "seatCount": 5,
    "bodyStyle": "Hatchback",
    "tcs": true,
    "abs": true,
    "enginePos": "Front",
    "fuelType": "Electric",
    "mra": 20.12,
    "ola": 80.59,
    "description": "Electric Car 2.0",
    "card": "https://media.discordapp.net/attachments/1077292374608326656/1108122078655287396/C.ChevyBoltEV.png",
    "racehud": "https://media.discordapp.net/attachments/1077293403668234340/1108122681615851660/bolt.png",
    "creator": "Connor",

    "333TopSpeed": 98,
    "3330to60": 6.4,
    "333Handling": 73,

    "666TopSpeed": 103,
    "6660to60": 6.0, 
    "666Handling": 76,

    "996TopSpeed": 109,
    "9960to60": 5.7,
    "996Handling": 76,

    "969TopSpeed": 109,
    "9690to60": 6.0,
    "969Handling": 79,

    "699TopSpeed": 103,
    "6990to60": 5.7,
    "699Handling": 79
}