{
    "rq": 55,
    "make": "Chevrolet",
    "model": "Corvette Grand Sport",
    "modelYear": 1996,
    "country": "US",
    "topSpeed": 168,
    "0to60": 5.1,
    "handling": 80,
    "driveType": "RWD",
    "tyreType": "Performance",
    "tags": [
        "Muscle Car"
    ],
    "isPrize": false,
    "weight": 1520,
    "gc": "Low",
    "seatCount": 2,
    "bodyStyle": "Coupe",
    "tcs": true,
    "abs": true,
    "enginePos": "Front",
    "fuelType": "Petrol",
    "mra": 69.86,
    "ola": 84.31,
    "description": "This special edition corvette marks the end of the C4 generation. 1000 GSs were made.",
    "card": "https://media.discordapp.net/attachments/819199720249360384/846975326411292712/image0.png",
    "333TopSpeed": 171,
    "3330to60": 4.8,
    "333Handling": 83,
    "666TopSpeed": 174,
    "6660to60": 4.6,
    "666Handling": 85,
    "996TopSpeed": 177,
    "9960to60": 4.3,
    "996Handling": 85,
    "969TopSpeed": 177,
    "9690to60": 4.6,
    "969Handling": 89,
    "699TopSpeed": 174,
    "6990to60": 4.3,
    "699Handling": 89,
    "racehud": "https://media.discordapp.net/attachments/995376525119586356/1020053158543765645/Chevrolet_Corvette_Grand_Sport_1996.png",
    "creator": "Spence"
}