{
    "rq": 87,
    "make": "BMW",
    "model": "X4 M Competition",
    "modelYear": 2019,
    "country": "DE",
    "topSpeed": 167,
    "0to60": 3.7,
    "handling": 87,
    "driveType": "4WD",
    "tyreType": "Performance",
    "tags": [],
    "isPrize": false,
    "weight": 2082,
    "gc": "High",
    "seatCount": 5,
    "bodyStyle": "SUV",
    "tcs": true,
    "abs": true,
    "enginePos": "Front",
    "fuelType": "Petrol",
    "mra": 77.08,
    "ola": 86.49,
    "description": "The smaller X6.",
    "card": "https://media.discordapp.net/attachments/819199720249360384/857394002458181662/X4MCompetition.png",
    "333TopSpeed": 170,
    "3330to60": 3.5,
    "333Handling": 90,
    "666TopSpeed": 173,
    "6660to60": 3.3,
    "666Handling": 93,
    "996TopSpeed": 176,
    "9960to60": 3.1,
    "996Handling": 93,
    "969TopSpeed": 176,
    "9690to60": 3.3,
    "969Handling": 97,
    "699TopSpeed": 173,
    "6990to60": 3.1,
    "699Handling": 97,
    "racehud": "https://media.discordapp.net/attachments/995376525119586356/995980524147449937/X4MComp.png",
    "creator": "Bnuuy"
}