{
    "rq": 62,
    "make": "Bugatti",
    "model": "EB218",
    "modelYear": 1999,
    "country": "FR",
    "topSpeed": 155,
    "0to60": 4.5,
    "handling": 80,
    "driveType": "4WD",
    "tyreType": "Performance",
    "tags": [
        "Concept",
        "Unique",
        "Super Sedan", "Year of the Rabbit"
    ],
    "isPrize": true,
    "weight": 2177,
    "gc": "Low",
    "seatCount": 4,
    "bodyStyle": "Sedan",
    "tcs": true,
    "abs": true,
    "enginePos": "Front",
    "fuelType": "Petrol",
    "mra": 73.77,
    "ola": 93.33,
    "description": "4-door saloon with a W18 engine? Why not?",
    "card": "https://media.discordapp.net/attachments/819199720249360384/854170698121084948/image0.png",
    "333TopSpeed": 158,
    "3330to60": 4.3,
    "333Handling": 83,
    "666TopSpeed": 162,
    "6660to60": 4.1,
    "666Handling": 85,
    "699TopSpeed": 162,
    "6990to60": 3.8,
    "699Handling": 89,
    "969TopSpeed": 165,
    "9690to60": 4.1,
    "969Handling": 89,
    "996TopSpeed": 165,
    "9960to60": 3.8,
    "996Handling": 85,
    "racehud": "https://media.discordapp.net/attachments/995376525119586356/1017160180431069266/Bugatti_EB218.png",
    "creator": "Spence"
}