{
    "rq": 26,
    "make": [
        "Callaway",
        "Volkswagen"
    ],
    "model": "Scirocco Turbo",
    "modelYear": 1982,
    "country": "US",
    "topSpeed": 126,
    "0to60": 7.7,
    "handling": 71,
    "driveType": "FWD",
    "tyreType": "Performance",
    "tags": [
        "Hot Hatch",
        "Tuner"
    ],
    "isPrize": true,
    "weight": 1043,
    "gc": "Low",
    "seatCount": 4,
    "bodyStyle": "Hatchback",
    "tcs": false,
    "abs": false,
    "enginePos": "Front",
    "fuelType": "Petrol",
    "mra": 45.56,
    "ola": 60.51,
    "description": "When an American tuner meets a fun German coupe. Card by Andu",
    "card": "https://media.discordapp.net/attachments/819199720249360384/820223302362202143/cALLAWAY.png",
    "333TopSpeed": 130,
    "3330to60": 7.3,
    "333Handling": 73,
    "666TopSpeed": 134,
    "6660to60": 6.9,
    "666Handling": 76,
    "996TopSpeed": 138,
    "9960to60": 6.5,
    "996Handling": 76,
    "969TopSpeed": 138,
    "9690to60": 6.9,
    "969Handling": 79,
    "699TopSpeed": 134,
    "6990to60": 6.5,
    "699Handling": 79,
    "racehud": "https://media.discordapp.net/attachments/995376525119586356/1050924839998869554/CallawayScirocco.png",
    "creator": "Andu"
}
