{
    "rq": 74,
    "make": "Chevrolet",
    "model": "Corvette Grand Sport",
    "modelYear": 2017,
    "country": "US",
    "topSpeed": 182,
    "0to60": 3.9,
    "handling": 90,
    "driveType": "RWD",
    "tyreType": "Performance",
    "tags": ["Supercar"],
    "isPrize": false,
    "weight": 1585,
    "gc": "Low",
    "seatCount": 2,
    "bodyStyle": "Coupe",
    "tcs": true,
    "abs": true,
    "enginePos": "Front",
    "fuelType": "Petrol",
    "mra": 75,
    "ola": 92.3,
    "description": "Track oriented C7, with an uprated engine.",
    "card": "https://media.discordapp.net/attachments/819199720249360384/934142935438614558/A.ChevyCorvetteGSC7.png",
    "333TopSpeed": 185,
    "3330to60": 3.7,
    "333Handling": 93,
    "666TopSpeed": 188,
    "6660to60": 3.5,
    "666Handling": 96,
    "996TopSpeed": 191,
    "9960to60": 3.3,
    "996Handling": 96,
    "969TopSpeed": 191,
    "9690to60": 3.5,
    "969Handling": 100,
    "699TopSpeed": 188,
    "6990to60": 3.3,
    "699Handling": 100,
    "racehud": "https://media.discordapp.net/attachments/995376525119586356/995768021584986142/corvettec7.png",
    "creator": "Connor"
}