{
    "rq": 30,
    "make": "Cadillac",
    "model": "ELR",
    "modelYear": 2014,
    "country": "US",
    "topSpeed": 107,
    "0to60": 8.2,
    "handling": 75,
    "driveType": "FWD",
    "tyreType": "Standard",
    "tags": ["Eco-Friendly"],
    "isPrize": false,
    "weight": 1838,
    "gc": "Low",
    "seatCount": 4,
    "bodyStyle": "Coupe",
    "tcs": true,
    "abs": true,
    "enginePos": "Front",
    "fuelType": "Electric",
    "mra": 43.85,
    "ola": 80.49,
    "description": "The slightly more stylish Volt.",
    "card": "https://media.discordapp.net/attachments/819199720249360384/820699208951791656/ELR.png",
    "333TopSpeed": 112,
    "3330to60": 7.8,
    "333Handling": 77,
    "666TopSpeed": 117,
    "6660to60": 7.4,
    "666Handling": 80,
    "996TopSpeed": 122,
    "9960to60": 7.0,
    "996Handling": 80,
    "969TopSpeed": 122,
    "9690to60": 7.4,
    "969Handling": 83,
    "699TopSpeed": 117,
    "6990to60": 7.0,
    "699Handling": 83,
    "racehud": "https://media.discordapp.net/attachments/995376525119586356/995981597734088736/caddyELR.png",
    "creator": "Bnuuy"
}