{
    "rq": 82,
    "make": "BMW",
    "model": "X6 xDrive50i",
    "modelYear": 2014,
    "country": "DE",
    "topSpeed": 155,
    "0to60": 4.5,
    "handling": 78,
    "driveType": "4WD",
    "tyreType": "All-Surface",
    "tags": ["OG"],
    "isPrize": false,
    "weight": 2304,
    "gc": "High",
    "seatCount": 5,
    "bodyStyle": "SUV",
    "tcs": true,
    "abs": true,
    "enginePos": "Front",
    "fuelType": "Petrol",
    "mra": 71.43,
    "ola": 93.88,
    "description": "",
    "card": "https://media.discordapp.net/attachments/819199720249360384/819418712070422558/2014_BMW_X6_xDrive50i.png",
    "333TopSpeed": 158,
    "3330to60": 4.3,
    "333Handling": 81,
    "666TopSpeed": 162,
    "6660to60": 4.1,
    "666Handling": 83,
    "996TopSpeed": 165,
    "9960to60": 3.8,
    "996Handling": 83,
    "969TopSpeed": 165,
    "9690to60": 4.1,
    "969Handling": 87,
    "699TopSpeed": 162,
    "6990to60": 3.8,
    "699Handling": 87,
    "racehud": "https://media.discordapp.net/attachments/995376525119586356/1017033293675376751/BMW_X6_xDrive50i.png",
    "creator": "DodgeDemon"
}