{
    "rq": 41,
    "make": "Buick",
    "model": "Encore GX ST",
    "modelYear": 2021,
    "country": "US",
    "topSpeed": 118,
    "0to60": 9.3,
    "handling": 74,
    "driveType": "4WD",
    "tyreType": "Standard",
    "tags": [],
    "isPrize": false,
    "weight": 1501,
    "gc": "High",
    "seatCount": 5,
    "bodyStyle": "SUV",
    "tcs": true,
    "abs": true,
    "enginePos": "Front",
    "fuelType": "Petrol",
    "mra": 42.47,
    "ola": 60.22,
    "description": "Just a Buick Crossover. Nothing too encoring about it.",
    "card": "https://media.discordapp.net/attachments/819199720249360384/837130457865912372/image0.jpg",
    "333TopSpeed": 122,
    "3330to60": 8.8,
    "333Handling": 76,
    "666TopSpeed": 127,
    "6660to60": 8.4,
    "666Handling": 79,
    "996TopSpeed": 131,
    "9960to60": 7.9,
    "996Handling": 79,
    "969TopSpeed": 131,
    "9690to60": 8.4,
    "969Handling": 82,
    "699TopSpeed": 127,
    "6990to60": 7.9,
    "699Handling": 82,
    "racehud": "https://cdn.discordapp.com/attachments/1077293403668234340/1095103596686741564/c00229.png",
    "creator": "Spence"
}