{
    "rq": 57,
    "make": "Chevrolet",
    "model": "Corvette",
    "modelYear": 1997,
    "country": "US",
    "topSpeed": 172,
    "0to60": 4.9,
    "handling": 81,
    "driveType": "RWD",
    "tyreType": "Performance",
    "tags": [],
    "isPrize": false,
    "weight": 1459,
    "gc": "Low",
    "seatCount": 2,
    "bodyStyle": "Coupe",
    "tcs": true,
    "abs": true,
    "enginePos": "Front",
    "fuelType": "Petrol",
    "mra": 72.36,
    "ola": 90.35,
    "description": "Soft yellow.",
    "card": "https://media.discordapp.net/attachments/819199720249360384/822620512894713886/ChevroletCorvette.png",
    "333TopSpeed": 175,
    "3330to60": 4.7,
    "333Handling": 84,
    "666TopSpeed": 178,
    "6660to60": 4.4,
    "666Handling": 86,
    "996TopSpeed": 181,
    "9960to60": 4.2,
    "996Handling": 86,
    "969TopSpeed": 181,
    "9690to60": 4.4,
    "969Handling": 90,
    "699TopSpeed": 178,
    "6990to60": 4.2,
    "699Handling": 90,
    "racehud": "https://cdn.discordapp.com/attachments/1077293403668234340/1095290650112561232/c00266.png",
    "creator": "Havvy"
}