{
    "rq": 83,
    "make": "Bugatti",
    "model": "EB110 Prototype",
    "modelYear": 1991,
    "country": "FR",
    "topSpeed": 218,
    "0to60": 3.5,
    "handling": 87,
    "driveType": "4WD",
    "tyreType": "Performance",
    "tags": [
        "Concept",
        "Supercar",
        "Innovative",
        "Unique"
    ],
    "isPrize": false,
    "weight": 1470,
    "gc": "Low",
    "seatCount": 2,
    "bodyStyle": "Coupe",
    "tcs": true,
    "abs": true,
    "enginePos": "Middle",
    "fuelType": "Petrol",
    "mra": 84.21,
    "ola": 93.75,
    "description": "The prototype version that features Gandini's design that the Italians did not like.",
    "card": "https://media.discordapp.net/attachments/819199720249360384/855090493066575872/image0.png",
    "333TopSpeed": 220,
    "3330to60": 3.3,
    "333Handling": 90,
    "666TopSpeed": 223,
    "6660to60": 3.2,
    "666Handling": 93,
    "699TopSpeed": 223,
    "6990to60": 3.0,
    "699Handling": 97,
    "969TopSpeed": 225,
    "9690to60": 3.2,
    "969Handling": 97,
    "996TopSpeed": 225,
    "9960to60": 3.0,
    "996Handling": 93,
    "racehud": "https://media.discordapp.net/attachments/995376525119586356/1017343885653057566/Bugatti_EB110_Prototype.png",
    "creator": "Spence"
}