{
    "rq": 17,
    "make": "Chevrolet",
    "model": "Chevette Turbo Injection",
    "modelYear": 1979,
    "country": "US",
    "topSpeed": 96,
    "0to60": 14.1,
    "handling": 66,
    "driveType": "RWD",
    "tyreType": "Standard",
    "tags": ["Concept"],
    "isPrize": false,
    "weight": 920,
    "gc": "Medium",
    "seatCount": 4,
    "bodyStyle": "Hatchback",
    "tcs": false,
    "abs": false,
    "enginePos": "Front",
    "fuelType": "Petrol",
    "mra": 29.37,
    "ola": 65.24,
    "description": "When GM turbocharged an economical shitbox.",
    "card": "https://media.discordapp.net/attachments/819199720249360384/867317110468640788/mmm_yes_turbo_chevette.png",
    "333TopSpeed": 101,
    "3330to60": 13.4,
    "333Handling": 68,
    "666TopSpeed": 107,
    "6660to60": 12.7,
    "666Handling": 70,
    "996TopSpeed": 112,
    "9960to60": 12,
    "996Handling": 70,
    "969TopSpeed": 112,
    "9690to60": 12.7,
    "969Handling": 73,
    "699TopSpeed": 107,
    "6990to60": 12,
    "699Handling": 73,
    "racehud": "https://media.discordapp.net/attachments/995376525119586356/1003164644187312249/chevette_turbo.jpg",
    "creator": "Keanny"
}