{
    "rq": 27,
    "make": "Chevrolet",
    "model": "Camaro SS 350",
    "modelYear": 1967,
    "country": "US",
    "topSpeed": 115,
    "0to60": 7.8,
    "handling": 68,
    "driveType": "RWD",
    "tyreType": "Performance",
    "tags": ["Muscle Car"],
    "isPrize": false,
    "weight": 1402,
    "gc": "Medium",
    "seatCount": 4,
    "bodyStyle": "Coupe",
    "tcs": false,
    "abs": false,
    "enginePos": "Front",
    "fuelType": "Petrol",
    "mra": 51.32,
    "ola": 81.32,
    "description": "The birth of another muscle car icon.",
    "card": "https://media.discordapp.net/attachments/819199720249360384/821756321556201513/cate-test.png",
    "333TopSpeed": 120,
    "3330to60": 7.4,
    "333Handling": 70,
    "666TopSpeed": 124,
    "6660to60": 7.0,
    "666Handling": 72,
    "996TopSpeed": 129,
    "9960to60": 6.6,
    "996Handling": 72,
    "969TopSpeed": 129,
    "9690to60": 7.0,
    "969Handling": 75,
    "699TopSpeed": 124,
    "6990to60": 6.6,
    "699Handling": 75,
    "racehud": "https://media.discordapp.net/attachments/995376525119586356/1004761500939989022/Chevrolet-Camaro-SS-350.png",
    "creator": "Johnny"
}