{
    "rq": 41,
    "make": "Chevrolet",
    "model": "El Camino SS 454",
    "modelYear": 1970,
    "country": "US",
    "topSpeed": 163,
    "0to60": 6.1,
    "handling": 65,
    "driveType": "RWD",
    "tyreType": "Performance",
    "tags": ["Muscle Car","Sleeper"],
    "isPrize": false,
    "weight": 1723,
    "gc": "Medium",
    "seatCount": 2,
    "bodyStyle": "Pickup",
    "tcs": false,
    "abs": false,
    "enginePos": "Front",
    "fuelType": "Petrol",
    "mra": 82.43,
    "ola": 91.8,
    "description": "The gorgeous looks of a Chevelle with the ability and convenience of a truck.",
    "card": "https://media.discordapp.net/attachments/819199720249360384/821711245492092938/cate-test.png",
    "333TopSpeed": 166,
    "3330to60": 5.8,
    "333Handling": 67,
    "666TopSpeed": 169,
    "6660to60": 5.5,
    "666Handling": 69,
    "996TopSpeed": 173,
    "9960to60": 5.2,
    "996Handling": 69,
    "969TopSpeed": 173,
    "9690to60": 5.5,
    "969Handling": 72,
    "699TopSpeed": 169,
    "6990to60": 5.2,
    "699Handling": 72,
    "racehud": "https://media.discordapp.net/attachments/995376525119586356/1004762801635610634/Chevrolet-El-Camino-SS-454.png",
    "creator": "Johnny"
}