{
    "rq": 90,
    "make": "BMW",
    "model": "X6 M Competition",
    "modelYear": 2020,
    "country": "DE",
    "topSpeed": 155,
    "0to60": 3.3,
    "handling": 87,
    "driveType": "4WD",
    "tyreType": "Performance",
    "tags": [],
    "isPrize": false,
    "weight": 2363,
    "gc": "High",
    "seatCount": 5,
    "bodyStyle": "SUV",
    "tcs": true,
    "abs": true,
    "enginePos": "Front",
    "fuelType": "Petrol",
    "mra": 66.07,
    "ola": 75.68,
    "description": "BMW's M division placed an M5 engine into an X6 because yes.",
    "card": "https://media.discordapp.net/attachments/819199720249360384/819596516808720394/X6Mcomp.png",
    "333TopSpeed": 158,
    "3330to60": 3.1,
    "333Handling": 90,
    "666TopSpeed": 162,
    "6660to60": 3.0,
    "666Handling": 93,
    "996TopSpeed": 165,
    "9960to60": 2.8,
    "996Handling": 93,
    "969TopSpeed": 165,
    "9690to60": 3.0,
    "969Handling": 97,
    "699TopSpeed": 162,
    "6990to60": 2.8,
    "699Handling": 97,
    "racehud": "https://media.discordapp.net/attachments/995376525119586356/995804546750230558/X6MCompetition.png",
    "creator": "Bnuuy"
}