{
    "rq": 87,
    "make": "Chevrolet",
    "model": "CERV III",
    "modelYear": 1990,
    "country": "US",
    "topSpeed": 225,
    "0to60": 3.6,
    "handling": 93,
    "driveType": "4WD",
    "tyreType": "Performance",
    "tags": ["Concept","Oddity","Unique","Innovative","Servers Choice"],
    "isPrize": false,
    "weight": 1542,
    "gc": "Low",
    "seatCount": 2,
    "bodyStyle": "Coupe",
    "tcs": true,
    "abs": true,
    "enginePos": "Middle",
    "fuelType": "Petrol",
    "mra": 105.4,
    "ola": 97.22,
    "description": "The closest thing to a mid-engine Corvette before the C8.",
    "card": "https://media.discordapp.net/attachments/819199720249360384/947574092784095293/CERVIIIPart2.png",
    "333TopSpeed": 227,
    "3330to60": 3.4,
    "333Handling": 96,
    "666TopSpeed": 230,
    "6660to60": 3.2,
    "666Handling": 99,
    "996TopSpeed": 232,
    "9960to60": 3.1,
    "996Handling": 99,
    "969TopSpeed": 232,
    "9690to60": 3.2,
    "969Handling": 103,
    "699TopSpeed": 230,
    "6990to60": 3.1,
    "699Handling": 103,
    "racehud": "https://media.discordapp.net/attachments/995376525119586356/997562152565092423/CERV3.png",
    "creator": "Bnuuy"
}