{
    "rq": 36,
    "make": "Chevrolet",
    "model": "Cruze 1.4T LTZ",
    "modelYear": 2010,
    "country": "US",
    "topSpeed": 124,
    "0to60": 9.2,
    "handling": 75,
    "driveType": "FWD",
    "tyreType": "Standard",
    "tags": ["OG"],
    "isPrize": false,
    "weight": 1454,
    "gc": "Medium",
    "seatCount": 5,
    "bodyStyle": "Sedan",
    "tcs": true,
    "abs": true,
    "enginePos": "Front",
    "fuelType": "Petrol",
    "mra": 49.6,
    "ola": 68.84,
    "description": "GM replaces its last remaining all-American compact sedan with a Korean/German concoction. Frankfurters, kimchi, and Chevrolet, anyone?",
    "card": "https://cdn.discordapp.com/attachments/1077292374608326656/1112157875431800962/Cruze14TLTZ.png",
    "333TopSpeed": 128,
    "3330to60": 8.7,
    "333Handling": 79,
    "666TopSpeed": 132,
    "6660to60": 8.3,
    "666Handling": 81,
    "996TopSpeed": 137,
    "9960to60": 7.8,
    "996Handling": 81,
    "969TopSpeed": 137,
    "9690to60": 8.3,
    "969Handling": 84,
    "699TopSpeed": 132,
    "6990to60": 7.8,
    "699Handling": 84,
    "racehud": "https://media.discordapp.net/attachments/995376525119586356/1003662916127567992/cruze.jpg",
    "creator": "Keanny"
}
