{
    "rq": 97,
    "make": "Bugatti",
    "model": "Veyron 16.4 Super Sport World Record Edition",
    "modelYear": 2010,
    "country": "FR",
    "topSpeed": 268,
    "0to60": 2.5,
    "handling": 89,
    "driveType": "4WD",
    "tyreType": "Performance",
    "tags": ["Hypercar","Ultra Expensive","Unique"],
    "isPrize": true,
    "weight": 1970,
    "gc": "Low",
    "seatCount": 2,
    "bodyStyle": "Coupe",
    "tcs": true,
    "abs": true,
    "enginePos": "Middle",
    "fuelType": "Petrol",
    "mra": 102.45,
    "ola": 92,
    "description": "Officially recognised by Guiness World Records as the fastest production vehicle.",
    "card": "https://media.discordapp.net/attachments/819199720249360384/952192454218633236/VeyronSuperSportWRE.png",
    "333TopSpeed": 270,
    "3330to60": 2.4,
    "333Handling": 92,
    "666TopSpeed": 272,
    "6660to60": 2.3,
    "666Handling": 95,
    "996TopSpeed": 274,
    "9960to60": 2.1,
    "996Handling": 95,
    "969TopSpeed": 274,
    "9690to60": 2.3,
    "969Handling": 99,
    "699TopSpeed": 272,
    "6990to60": 2.1,
    "699Handling": 99,
    "racehud": "https://media.discordapp.net/attachments/995376525119586356/995992610827149352/veyronwre.png",
    "creator": "Bnuuy"
}