{
    "rq": 49,
    "make": "Chevrolet",
    "model": "Impala 2LTZ",
    "modelYear": 2014,
    "country": "US",
    "topSpeed": 149,
    "0to60": 6.5,
    "handling": 73,
    "driveType": "FWD",
    "tyreType": "Standard",
    "tags": [],
    "isPrize": false,
    "weight": 1734,
    "gc": "Medium",
    "seatCount": 5,
    "bodyStyle": "Sedan",
    "tcs": true,
    "abs": true,
    "enginePos": "Front",
    "fuelType": "Petrol",
    "mra": 72.22,
    "ola": 86.15,
    "description": "Chevy's big sedan.",
    "card": "https://media.discordapp.net/attachments/819199720249360384/825489773043908608/Impala_2LTZ_14.png",
    "333TopSpeed": 152,
    "3330to60": 6.2,
    "333Handling": 75,
    "666TopSpeed": 156,
    "6660to60": 5.9,
    "666Handling": 78,
    "996TopSpeed": 159,
    "9960to60": 5.5,
    "996Handling": 78,
    "969TopSpeed": 159,
    "9690to60": 5.9,
    "969Handling": 81,
    "699TopSpeed": 156,
    "6990to60": 5.5,
    "699Handling": 81,
    "racehud": "https://media.discordapp.net/attachments/995376525119586356/1017028496301772810/Chevrolet_Impala_2LTZ.png",
    "creator": "Macan"
}