{
    "rq": 66,
    "make": "Bugatti",
    "model": "EB118",
    "modelYear": 1998,
    "country": "FR",
    "topSpeed": 199,
    "0to60": 4.4,
    "handling": 80,
    "driveType": "4WD",
    "tyreType": "Performance",
    "tags": [
        "Concept",
        "Unique"
    ],
    "isPrize": false,
    "weight": 2177,
    "gc": "Low",
    "seatCount": 4,
    "bodyStyle": "Coupe",
    "tcs": true,
    "abs": true,
    "enginePos": "Front",
    "fuelType": "Petrol",
    "mra": 72.13,
    "ola": 90.91,
    "description": "If W16 wasn't good enough, add two more cylinders instead.",
    "card": "https://media.discordapp.net/attachments/819199720249360384/854123369779560488/image0.png",
    "333TopSpeed": 202,
    "3330to60": 4.2,
    "333Handling": 83,
    "666TopSpeed": 204,
    "6660to60": 4.0,
    "666Handling": 85,
    "699TopSpeed": 204,
    "6990to60": 3.7,
    "699Handling": 89,
    "969TopSpeed": 207,
    "9690to60": 4.0,
    "969Handling": 89,
    "996TopSpeed": 207,
    "9960to60": 3.7,
    "996Handling": 85,
    "racehud": "https://media.discordapp.net/attachments/995376525119586356/1017526635265790052/Bugatti_EB118.png",
    "creator": "Spence"
}