{
    "rq": 58,
    "make": "Chevrolet",
    "model": "Corvette Z51",
    "modelYear": 1997,
    "country": "US",
    "topSpeed": 172,
    "0to60": 4.9,
    "handling": 82,
    "driveType": "RWD",
    "tyreType": "Performance",
    "tags": ["OG"],
    "isPrize": false,
    "weight": 1472,
    "gc": "Low",
    "seatCount": 2,
    "bodyStyle": "Coupe",
    "tcs": true,
    "abs": true,
    "enginePos": "Front",
    "fuelType": "Petrol",
    "mra": 72.36,
    "ola": 90.35,
    "description": "",
    "card": "https://media.discordapp.net/attachments/819199720249360384/826580089277513779/ChevroletCorvetteZ51.png",
    "333TopSpeed": 175,
    "3330to60": 4.7,
    "333Handling": 85,
    "666TopSpeed": 178,
    "6660to60": 4.4,
    "666Handling": 87,
    "996TopSpeed": 178,
    "9960to60": 4.2,
    "996Handling": 87,
    "969TopSpeed": 181,
    "9690to60": 4.4,
    "969Handling": 91,
    "699TopSpeed": 178,
    "6990to60": 4.2,
    "699Handling": 91,
    "racehud": "https://cdn.discordapp.com/attachments/1077293403668234340/1095292944245870743/c00278.png",
    "creator": "Havvy"
}