{
    "rq": 63,
    "make": "Caterham",
    "model": "Seven SV Roadsport 175",
    "modelYear": 2008,
    "country": "GB",
    "topSpeed": 138,
    "0to60": 4.8,
    "handling": 89,
    "driveType": "RWD",
    "tyreType": "Performance",
    "tags": ["Track Day","The Royal Collection"],
    "isPrize": false,
    "weight": 550,
    "gc": "Low",
    "seatCount": 2,
    "bodyStyle": "Open Air",
    "tcs": false,
    "abs": false,
    "enginePos": "Front",
    "fuelType": "Petrol",
    "mra": 71.64,
    "ola": 83.33,
    "description": "None.",
    "card": "https://media.discordapp.net/attachments/819199720249360384/848253705614000148/SevenSVR175.png",
    "333TopSpeed": 142,
    "3330to60": 4.6,
    "333Handling": 92,
    "666TopSpeed": 146,
    "6660to60": 4.3,
    "666Handling": 95,
    "996TopSpeed": 149,
    "9960to60": 4.1,
    "996Handling": 95,
    "969TopSpeed": 149,
    "9690to60": 4.3,
    "969Handling": 99,
    "699TopSpeed": 146,
    "6990to60": 4.1,
    "699Handling": 99,
    "racehud": "https://media.discordapp.net/attachments/995376525119586356/997643205451468860/cate175SVRoadsport.png",
    "creator": "Bnuuy"
}