{
    "rq": 1,
    "make": "Chevrolet",
    "model": "Electrovette",
    "modelYear": 1978,
    "country": "US",
    "topSpeed": 53,
    "0to60": 99.9,
    "handling": 48,
    "driveType": "RWD",
    "tyreType": "Standard",
    "tags": [
        "Eco-Friendly",
        "Unique",
        "Concept"
    ],
    "isPrize": false,
    "weight": 1338,
    "gc": "Medium",
    "seatCount": 2,
    "bodyStyle": "Hatchback",
    "tcs": false,
    "abs": false,
    "enginePos": "Front",
    "fuelType": "Electric",
    "mra": 0,
    "ola": 16.62,
    "description": "A cheap EV prototyped by General Motors that was so unfavored that it never made an appearance in any auto shows.",
    "card": "https://media.discordapp.net/attachments/819199720249360384/840079525639487488/chevrolet_electrovette.png",
    "333TopSpeed": 62,
    "3330to60": 58.9,
    "333Handling": 50,
    "666TopSpeed": 70,
    "6660to60": 55.8,
    "666Handling": 51,
    "996TopSpeed": 79,
    "9960to60": 52.7,
    "996Handling": 51,
    "969TopSpeed": 79,
    "9690to60": 55.8,
    "969Handling": 53,
    "699TopSpeed": 70,
    "6990to60": 52.7,
    "699Handling": 53,
    "racehud": "https://media.discordapp.net/attachments/995376525119586356/1003164732502573186/electrovette.jpg",
    "creator": "Keanny"
}