{
    "rq": 35,
    "make": "Chevrolet",
    "model": "Impala SS 427",
    "modelYear": 1967,
    "country": "US",
    "topSpeed": 130,
    "0to60": 6.2,
    "handling": 60,
    "driveType": "RWD",
    "tyreType": "Performance",
    "tags": [
        "Muscle Car",
        "OG",
        "Servers Choice"
    ],
    "isPrize": false,
    "weight": 1740,
    "gc": "Medium",
    "seatCount": 5,
    "bodyStyle": "Coupe",
    "tcs": false,
    "abs": false,
    "enginePos": "Front",
    "fuelType": "Petrol",
    "mra": 60.78,
    "ola": 90.32,
    "description": "",
    "card": "https://media.discordapp.net/attachments/819199720249360384/825993035401003029/427Impala.png",
    "333TopSpeed": 134,
    "3330to60": 5.9,
    "333Handling": 62,
    "666TopSpeed": 138,
    "6660to60": 5.6,
    "666Handling": 64,
    "996TopSpeed": 142,
    "9960to60": 5.3,
    "996Handling": 64,
    "969TopSpeed": 142,
    "9690to60": 5.6,
    "969Handling": 67,
    "699TopSpeed": 138,
    "6990to60": 5.3,
    "699Handling": 67,
    "racehud": "https://cdn.discordapp.com/attachments/1077293403668234340/1095366096644751573/c00288.png",
    "creator": "Keanny"
}