{
    "rq": 99,
    "make": "Bugatti",
    "model": "Divo",
    "modelYear": 2018,
    "country": "FR",
    "topSpeed": 236,
    "0to60": 2.4,
    "handling": 94,
    "driveType": "4WD",
    "tyreType": "Performance",
    "tags": ["Hypercar","Ultra Expensive","Track Day","Unique"],
    "isPrize": false,
    "weight": 1943,
    "gc": "Low",
    "seatCount": 2,
    "bodyStyle": "Coupe",
    "tcs": true,
    "abs": true,
    "enginePos": "Middle",
    "fuelType": "Petrol",
    "mra": 100,
    "ola": 91.66,
    "description": "The track focused Chiron.",
    "card": "https://media.discordapp.net/attachments/819199720249360384/948591205342670928/Divo.png",
    "333TopSpeed": 238,
    "3330to60": 2.3,
    "333Handling": 97,
    "666TopSpeed": 240,
    "6660to60": 2.2,
    "666Handling": 100,
    "996TopSpeed": 243,
    "9960to60": 2.0,
    "996Handling": 100,
    "969TopSpeed": 243,
    "9690to60": 2.2,
    "969Handling": 104,
    "699TopSpeed": 240,
    "6990to60": 2.0,
    "699Handling": 104,
    "racehud": "https://media.discordapp.net/attachments/995376525119586356/995992507194294344/divo.png",
    "creator": "Bnuuy"
}