{
    "rq": 101,
    "make": "Bugatti",
    "model": "Chiron Sport",
    "modelYear": 2018,
    "country": "FR",
    "topSpeed": 261,
    "0to60": 2.4,
    "handling": 92,
    "driveType": "4WD",
    "tyreType": "Performance",
    "tags": ["Hypercar","Ultra Expensive","Unique"],
    "isPrize": false,
    "weight": 1978,
    "gc": "Low",
    "seatCount": 2,
    "bodyStyle": "Coupe",
    "tcs": true,
    "abs": true,
    "enginePos": "Middle",
    "fuelType": "Petrol",
    "mra": 120,
    "ola": 88.33,
    "description": "Sport go brrrrrr. Also the basis for the RQ system.",
    "card": "https://media.discordapp.net/attachments/819199720249360384/952192321829621770/ChironSport.png",
    "333TopSpeed": 263,
    "3330to60": 2.3,
    "333Handling": 95,
    "666TopSpeed": 265,
    "6660to60": 2.2,
    "666Handling": 98,
    "996TopSpeed": 267,
    "9960to60": 2.0,
    "996Handling": 98,
    "969TopSpeed": 267,
    "9690to60": 2.2,
    "969Handling": 102,
    "699TopSpeed": 265,
    "6990to60": 2.0,
    "699Handling": 102,
    "racehud": "https://media.discordapp.net/attachments/995376525119586356/995977276707581972/chironsport.png",
    "creator": "Bnuuy"
}