{
    "rq": 69,
    "make": "Chevrolet",
    "model": "Camaro SS",
    "modelYear": 2016,
    "country": "US",
    "topSpeed": 165,
    "0to60": 4.1,
    "handling": 87,
    "driveType": "RWD",
    "tyreType": "Performance",
    "tags": [
        "Muscle Car","OG"
    ],
    "isPrize": false,
    "weight": 1671,
    "gc": "Low",
    "seatCount": 4,
    "bodyStyle": "Coupe",
    "tcs": true,
    "abs": true,
    "enginePos": "Front",
    "fuelType": "Petrol",
    "mra": 80.39,
    "ola": 87.8,
    "description": "It’s hardly subtle on the eyeballs, but the 2016 Camaro is as ready to go Mustang hunting as any of its progenitors.",
    "card": "https://media.discordapp.net/attachments/819199720249360384/825648976543744020/2016_Chevrolet_Camaro_SS.png",
    "333TopSpeed": 168,
    "3330to60": 3.9,
    "333Handling": 90,
    "666TopSpeed": 171,
    "6660to60": 3.7,
    "666Handling": 93,
    "996TopSpeed": 174,
    "9960to60": 3.5,
    "996Handling": 93,
    "969TopSpeed": 174,
    "9690to60": 3.7,
    "969Handling": 97,
    "699TopSpeed": 171,
    "6990to60": 3.5,
    "699Handling": 97,
    "racehud": "https://media.discordapp.net/attachments/995376525119586356/1017169136889102527/Chevrolet_Camaro_SS_2016.png",
    "creator": "DodgeDemon"
}