{
    "rq": 66,
    "make": "Chevrolet",
    "model": "Penske Camaro Z28",
    "modelYear": 1967,
    "country": "US",
    "topSpeed": 150,
    "0to60": 4.2,
    "handling": 86,
    "driveType": "RWD",
    "tyreType": "Performance",
    "tags": ["Motorsport"],
    "isPrize": false,
    "weight": 1450,
    "gc": "Low",
    "seatCount": 1,
    "bodyStyle": "Coupe",
    "tcs": false,
    "abs": false,
    "enginePos": "Front",
    "fuelType": "Petrol",
    "mra": 80.77,
    "ola": 82.05,
    "description": "The acid dipped car.",
    "card": "https://media.discordapp.net/attachments/819199720249360384/819542053377671210/cate-test.png",
    "333TopSpeed": 153,
    "3330to60": 4.0,
    "333Handling": 89,
    "666TopSpeed": 157,
    "6660to60": 3.8,
    "666Handling": 92,
    "996TopSpeed": 160,
    "9960to60": 3.6,
    "996Handling": 92,
    "969TopSpeed": 160,
    "9690to60": 3.8,
    "969Handling": 95,
    "699TopSpeed": 157,
    "6990to60": 3.6,
    "699Handling": 95,
    "racehud": "https://media.discordapp.net/attachments/995376525119586356/1004763294755729428/Chevrolet-Penske-Camaro-Z28.png",
    "creator": "Johnny"
}