{
    "rq": 41,
    "make": "Chevrolet",
    "model": "Cruze LT RS Manual",
    "modelYear": 2017,
    "country": "US",
    "topSpeed": 132,
    "0to60": 8.3,
    "handling": 77,
    "driveType": "FWD",
    "tyreType": "Standard",
    "tags": ["OG"],
    "isPrize": false,
    "weight": 1307,
    "gc": "Medium",
    "seatCount": 5,
    "bodyStyle": "Hatchback",
    "tcs": true,
    "abs": true,
    "enginePos": "Front",
    "fuelType": "Petrol",
    "mra": 56.46,
    "ola": 81.93,
    "description": "",
    "card": "https://media.discordapp.net/attachments/819199720249360384/824720101647450113/Chevrolet_Cruze_LT_RS_Manual_2017.png",
    "333TopSpeed": 136,
    "3330to60": 7.9,
    "333Handling": 80,
    "666TopSpeed": 140,
    "6660to60": 7.5,
    "666Handling": 82,
    "996TopSpeed": 144,
    "9960to60": 7.1,
    "996Handling": 82,
    "969TopSpeed": 144,
    "9690to60": 7.5,
    "969Handling": 85,
    "699TopSpeed": 140,
    "6990to60": 7.1,
    "699Handling": 85,
    "racehud": "https://cdn.discordapp.com/attachments/1077293403668234340/1095364661450395760/c00283.png",
    "creator": "Macan"
}