{
    "rq": 27,
    "make": "Chevrolet",
    "model": "Lumina Euro",
    "modelYear": 1990,
    "country": "US",
    "topSpeed": 117,
    "0to60": 10.5,
    "handling": 71,
    "driveType": "FWD",
    "tyreType": "Standard",
    "tags": [],
    "isPrize": false,
    "weight": 1513,
    "gc": "Medium",
    "seatCount": 2,
    "bodyStyle": "Sedan",
    "tcs": false,
    "abs": false,
    "enginePos": "Front",
    "fuelType": "Petrol",
    "mra": 40.38,
    "ola": 57.14,
    "description": "The first four-door version of the GM10 chassis.",
    "card": "https://media.discordapp.net/attachments/819199720249360384/820619797267480627/cate-test.png",
    "333TopSpeed": 121,
    "3330to60": 10.0,
    "333Handling": 73,
    "666TopSpeed": 126,
    "6660to60": 9.5,
    "666Handling": 76,
    "996TopSpeed": 130,
    "9960to60": 8.9,
    "996Handling": 76,
    "969TopSpeed": 130,
    "9690to60": 9.5,
    "969Handling": 79,
    "699TopSpeed": 126,
    "6990to60": 8.9,
    "699Handling": 79,
    "racehud": "https://media.discordapp.net/attachments/995376525119586356/1004763016681754624/Chevrolet-Lumina-Euro.png",
    "creator": "Johnny"
}