{
    "rq": 80,
    "make": "Bugatti",
    "model": "EB110 GT",
    "modelYear": 1991,
    "country": "FR",
    "topSpeed": 210,
    "0to60": 3.5,
    "handling": 86,
    "driveType": "4WD",
    "tyreType": "Performance",
    "tags": [
        "Supercar",
        "Ultra Expensive",
        "Innovative",
        "Unique"
    ],
    "isPrize": false,
    "weight": 1690,
    "gc": "Low",
    "seatCount": 2,
    "bodyStyle": "Coupe",
    "tcs": true,
    "abs": true,
    "enginePos": "Middle",
    "fuelType": "Petrol",
    "mra": 72.92,
    "ola": 96.97,
    "description": "The low-fat Italian Bugatti.",
    "card": "https://media.discordapp.net/attachments/819199720249360384/854736814518173736/image0.png",
    "333TopSpeed": 212,
    "3330to60": 3.3,
    "333Handling": 89,
    "666TopSpeed": 215,
    "6660to60": 3.2,
    "666Handling": 92,
    "699TopSpeed": 215,
    "6990to60": 3.0,
    "699Handling": 95,
    "969TopSpeed": 217,
    "9690to60": 3.2,
    "969Handling": 95,
    "996TopSpeed": 217,
    "9960to60": 3.0,
    "996Handling": 92,
    "racehud": "https://media.discordapp.net/attachments/995376525119586356/1017344446536359936/Bugatti_EB110_GT.png",
    "creator": "Spence"
}