{
    "rq": 45,
    "make": "Caterham",
    "model": "Seven Zetec",
    "modelYear": 1998,
    "country": "GB",
    "topSpeed": 120,
    "0to60": 5.8,
    "handling": 79,
    "driveType": "RWD",
    "tyreType": "Performance",
    "tags": [
        "Track Day"
    ],
    "isPrize": false,
    "weight": 605,
    "gc": "Low",
    "seatCount": 2,
    "bodyStyle": "Open Air",
    "tcs": false,
    "abs": false,
    "enginePos": "Front",
    "fuelType": "Petrol",
    "mra": 49.15,
    "ola": 65.52,
    "description": "",
    "card": "https://media.discordapp.net/attachments/819199720249360384/826468856712527882/zetecers.png",
    "333TopSpeed": 124,
    "3330to60": 5.5,
    "333Handling": 82,
    "666TopSpeed": 129,
    "6660to60": 5.2,
    "666Handling": 84,
    "996TopSpeed": 133,
    "9960to60": 4.9,
    "996Handling": 84,
    "969TopSpeed": 133,
    "9690to60": 5.2,
    "969Handling": 88,
    "699TopSpeed": 129,
    "6990to60": 4.9,
    "699Handling": 88,
    "racehud": "https://cdn.discordapp.com/attachments/1077293403668234340/1095287533685977209/c00249.png",
    "creator": "DodgeDemon"
}