{
    "rq": 69,
    "make": "Bugatti",
    "model": "EB112",
    "modelYear": 1993,
    "country": "FR",
    "topSpeed": 186,
    "0to60": 4.2,
    "handling": 81,
    "driveType": "4WD",
    "tyreType": "Performance",
    "tags": [
        "Concept",
        "Unique","Visionary Road"
    ],
    "isPrize": false,
    "weight": 1800,
    "gc": "Low",
    "seatCount": 4,
    "bodyStyle": "Sedan",
    "tcs": true,
    "abs": true,
    "enginePos": "Front",
    "fuelType": "Petrol",
    "mra": 67.74,
    "ola": 85.71,
    "description": "This is the result when Giugiaro was asked by Bugatti to make a full-size sedan version of the EB110.",
    "card": "https://media.discordapp.net/attachments/819199720249360384/854096385708523531/image0.png",
    "333TopSpeed": 189,
    "3330to60": 4.0,
    "333Handling": 84,
    "666TopSpeed": 192,
    "6660to60": 3.8,
    "666Handling": 86,
    "699TopSpeed": 192,
    "6990to60": 3.6,
    "699Handling": 90,
    "969TopSpeed": 194,
    "9690to60": 3.8,
    "969Handling": 90,
    "996TopSpeed": 194,
    "9960to60": 3.6,
    "996Handling": 86,
    "racehud": "https://media.discordapp.net/attachments/995376525119586356/1017169107088572456/Bugatti_EB112.png",
    "creator": "Spence"
}