{
    "rq": 80,
    "make": "Chevrolet",
    "model": "Corvette Stingray Z51",
    "modelYear": 2013,
    "country": "US",
    "topSpeed": 185,
    "0to60": 4.0,
    "handling": 90,
    "driveType": "RWD",
    "tyreType": "Performance",
    "tags": ["Supercar","OG"],
    "isPrize": false,
    "weight": 1577,
    "gc": "Medium",
    "seatCount": 2,
    "bodyStyle": "Coupe",
    "tcs": true,
    "abs": true,
    "enginePos": "Front",
    "fuelType": "Petrol",
    "mra": 78.43,
    "ola": 90,
    "description": "Resting on a new aluminum frame, the seventh-generation Corvette arrives in 2013 and marks the model's biggest change in more than a decade.",
    "card": "https://media.discordapp.net/attachments/819199720249360384/934136899898052708/S.ChevyCorvetteStingrayZ51C7.png",
    "333TopSpeed": 188,
    "3330to60": 3.8,
    "333Handling": 93,
    "666TopSpeed": 191,
    "6660to60": 3.6,
    "666Handling": 96,
    "996TopSpeed": 193,
    "9960to60": 3.4,
    "996Handling": 96,
    "969TopSpeed": 193,
    "9690to60": 3.6,
    "969Handling": 100,
    "699TopSpeed": 191,
    "6990to60": 3.4,
    "699Handling": 100,
    "racehud": "https://media.discordapp.net/attachments/995376525119586356/995759266361253958/corvettec7.png",
    "creator": "Connor"
}