{
    "rq": 56,
    "make": "Chevrolet",
    "model": "Corvette Convertible",
    "modelYear": 1998,
    "country": "US",
    "topSpeed": 167,
    "0to60": 5,
    "handling": 81,
    "driveType": "RWD",
    "tyreType": "Performance",
    "tags": [],
    "isPrize": false,
    "weight": 1469,
    "gc": "Low",
    "seatCount": 2,
    "bodyStyle": "Convertible",
    "tcs": true,
    "abs": true,
    "enginePos": "Front",
    "fuelType": "Petrol",
    "mra": 66.52,
    "ola": 79.47,
    "description": "Top up top down, turn it all the way around.",
    "card": "https://media.discordapp.net/attachments/819199720249360384/822622393691668481/ChevroletCorvetteConvertible.png",
    "333TopSpeed": 170,
    "3330to60": 4.8,
    "333Handling": 84,
    "666TopSpeed": 173,
    "6660to60": 4.5,
    "666Handling": 86,
    "996TopSpeed": 176,
    "9960to60": 4.3,
    "996Handling": 86,
    "969TopSpeed": 176,
    "9690to60": 4.5,
    "969Handling": 90,
    "699TopSpeed": 173,
    "6990to60": 4.3,
    "699Handling": 90,
    "racehud": "https://cdn.discordapp.com/attachments/1077293403668234340/1095291353786744953/c00267.png",
    "creator": "Havvy"
}