{
    "rq": 65,
    "make": "Cadillac",
    "model": "XLR-V",
    "modelYear": 2006,
    "country": "US",
    "topSpeed": 155,
    "0to60": 4.5,
    "handling": 78,
    "driveType": "RWD",
    "tyreType": "Performance",
    "tags": ["OG"],
    "isPrize": false,
    "weight": 1754,
    "gc": "Medium",
    "seatCount": 2,
    "bodyStyle": "Convertible",
    "tcs": true,
    "abs": true,
    "enginePos": "Front",
    "fuelType": "Petrol",
    "mra": 71.35,
    "ola": 83.98,
    "description": "Corvette, Northstar edition.",
    "card": "https://media.discordapp.net/attachments/819199720249360384/819384067090153502/xlr-v.png",
    "333TopSpeed": 158,
    "3330to60": 4.3,
    "333Handling": 81,
    "666TopSpeed": 162,
    "6660to60": 4.1,
    "666Handling": 83,
    "996TopSpeed": 165,
    "9960to60": 3.8,
    "996Handling": 83,
    "969TopSpeed": 165,
    "9690to60": 4.1,
    "969Handling": 87,
    "699TopSpeed": 162,
    "6990to60": 3.8,
    "699Handling": 87,
    "racehud": "https://media.discordapp.net/attachments/995376525119586356/1003656396690170046/xlr-v.jpg",
    "creator": "Keanny"
}