{
    "rq": 29,
    "make": "Chevrolet",
    "model": "Citation X-11 Hatchback",
    "modelYear": 1982,
    "country": "US",
    "topSpeed": 108,
    "0to60": 9.6,
    "handling": 68,
    "driveType": "FWD",
    "tyreType": "Standard",
    "tags": [],
    "isPrize": false,
    "weight": 1297,
    "gc": "Medium",
    "seatCount": 5,
    "bodyStyle": "Hatchback",
    "tcs": false,
    "abs": false,
    "enginePos": "Front",
    "fuelType": "Petrol",
    "mra": 41.2,
    "ola": 66.67,
    "description": "Oh the Golf is getting popular, let’s make a no quality disaster hatchback then!",
    "card": "https://media.discordapp.net/attachments/819199720249360384/819543362092793876/E.ChevyCitationX11Hatch.png",
    "333TopSpeed": 113,
    "3330to60": 9.1,
    "333Handling": 70,
    "666TopSpeed": 118,
    "6660to60": 8.6,
    "666Handling": 72,
    "996TopSpeed": 122,
    "9960to60": 8.2,
    "996Handling": 72,
    "969TopSpeed": 122,
    "9690to60": 8.6,
    "969Handling": 75,
    "699TopSpeed": 118,
    "6990to60": 8.2,
    "699Handling": 75,
    "racehud": "https://media.discordapp.net/attachments/995376525119586356/1035865719746875432/citation.jpg",
    "creator": "Connor"
}