{
    "rq": 99,
    "make": "Bugatti",
    "model": "Chiron",
    "modelYear": 2016,
    "country": "FR",
    "topSpeed": 261,
    "0to60": 2.4,
    "handling": 91,
    "driveType": "4WD",
    "tyreType": "Performance",
    "tags": ["Hypercar","Servers Choice","Ultra Expensive","OG"],
    "isPrize": false,
    "weight": 1996,
    "gc": "Low",
    "seatCount": 2,
    "bodyStyle": "Coupe",
    "tcs": true,
    "abs": true,
    "enginePos": "Middle",
    "fuelType": "Petrol",
    "mra": 109.09,
    "ola": 91.66,
    "description": "A worthy successor to the Veyron.",
    "card": "https://media.discordapp.net/attachments/819199720249360384/951471065853493298/Chiron.png",
    "333TopSpeed": 263,
    "3330to60": 2.3,
    "333Handling": 94,
    "666TopSpeed": 265,
    "6660to60": 2.2,
    "666Handling": 97,
    "996TopSpeed": 267,
    "9960to60": 2.0,
    "996Handling": 97,
    "969TopSpeed": 267,
    "9690to60": 2.2,
    "969Handling": 101,
    "699TopSpeed": 265,
    "6990to60": 2.0,
    "699Handling": 101,
    "racehud": "https://media.discordapp.net/attachments/995376525119586356/995977386392825916/chiron.png",
    "creator": "Bnuuy"
}