{
    "rq": 71,
    "make": "Chevrolet",
    "model": "Corvette Grand Sport",
    "modelYear": 2010,
    "country": "US",
    "topSpeed": 188,
    "0to60": 4.2,
    "handling": 88,
    "driveType": "RWD",
    "tyreType": "Performance",
    "tags": [
        "Supercar"
    ],
    "isPrize": false,
    "weight": 1507,
    "gc": "Low",
    "seatCount": 2,
    "bodyStyle": "Coupe",
    "tcs": true,
    "abs": true,
    "enginePos": "Front",
    "fuelType": "Petrol",
    "mra": 79.25,
    "ola": 85.71,
    "description": "Red for sport. Are you red-y for her?.",
    "card": "https://media.discordapp.net/attachments/819199720249360384/822617850296270889/ChevroletCorvetteGS.png",
    "333TopSpeed": 191,
    "3330to60": 4.0,
    "333Handling": 91,
    "666TopSpeed": 194,
    "6660to60": 3.8,
    "666Handling": 94,
    "996TopSpeed": 196,
    "9960to60": 3.6,
    "996Handling": 94,
    "969TopSpeed": 196,
    "9690to60": 3.8,
    "969Handling": 98,
    "699TopSpeed": 194,
    "6990to60": 3.6,
    "699Handling": 98,
    "racehud": "https://media.discordapp.net/attachments/995376525119586356/1017039092229345381/Chevrolet_Corvette_Grand_Sport_2010.png",
    "creator": "Havvy"
}