{
    "rq": 67,
    "make": "Chevrolet",
    "model": "Corvette Z06",
    "modelYear": 2001,
    "country": "US",
    "topSpeed": 171,
    "0to60": 4.4,
    "handling": 87,
    "driveType": "RWD",
    "tyreType": "Performance",
    "tags": ["Supercar","OG"],
    "isPrize": false,
    "weight": 1414,
    "gc": "Low",
    "seatCount": 2,
    "bodyStyle": "Coupe",
    "tcs": true,
    "abs": true,
    "enginePos": "Front",
    "fuelType": "Petrol",
    "mra": 77.19,
    "ola": 86.38,
    "description": "The 2001 Edition of a long line of obscurely named Corvettes that go like stink.",
    "card": "https://media.discordapp.net/attachments/819199720249360384/826902987217567825/A.ChevyCorvetteZ06C5.png",
    "333TopSpeed": 174,
    "3330to60": 4.2,
    "333Handling": 90,
    "666TopSpeed": 177,
    "6660to60": 4.0,
    "666Handling": 93,
    "996TopSpeed": 180,
    "9960to60": 3.7,
    "996Handling": 93,
    "969TopSpeed": 180,
    "9690to60": 4.0,
    "969Handling": 97,
    "699TopSpeed": 177,
    "6990to60": 3.7,
    "699Handling": 97,
    "racehud": "https://media.discordapp.net/attachments/995376525119586356/995767020262006884/corvettec5.png",
    "creator": "Connor"
}