{
    "rq": 61,
    "make": "BMW",
    "model": "Z4 M Coupe",
    "modelYear": 2006,
    "country": "DE",
    "topSpeed": 159,
    "0to60": 4.8,
    "handling": 85,
    "driveType": "RWD",
    "tyreType": "Performance",
    "tags": [
        "Street Racer","OG"
    ],
    "isPrize": false,
    "weight": 1465,
    "gc": "Low",
    "seatCount": 2,
    "bodyStyle": "Coupe",
    "tcs": true,
    "abs": true,
    "enginePos": "Front",
    "fuelType": "Petrol",
    "mra": 65.98,
    "ola": 76.39,
    "description": "A rare and highly sought after driving experience.",
    "card": "https://media.discordapp.net/attachments/819199720249360384/926428316028772372/m_coupe_z4.png",
    "333TopSpeed": 162,
    "3330to60": 4.6,
    "333Handling": 88,
    "666TopSpeed": 166,
    "6660to60": 4.3,
    "666Handling": 91,
    "996TopSpeed": 169,
    "9960to60": 4.1,
    "996Handling": 91,
    "969TopSpeed": 169,
    "9690to60": 4.3,
    "969Handling": 94,
    "699TopSpeed": 166,
    "6990to60": 4.1,
    "699Handling": 94,
    "racehud": "https://media.discordapp.net/attachments/995376525119586356/1001844577025663097/z4_m_coupe.jpg",
    "creator": "Keanny"
}