{
    "rq": 87,
    "make": "Chevrolet",
    "model": "Corvette ZR1",
    "modelYear": 2018,
    "country": "US",
    "topSpeed": 212,
    "0to60": 3.1,
    "handling": 94,
    "driveType": "RWD",
    "tyreType": "Performance",
    "tags": ["Supercar","Track Day"],
    "isPrize": true,
    "weight": 1669,
    "gc": "Low",
    "seatCount": 2,
    "bodyStyle": "Coupe",
    "tcs": true,
    "abs": true,
    "enginePos": "Front",
    "fuelType": "Petrol",
    "mra": 93.93,
    "ola": 90,
    "description": "The most extreme, powerful, the most everything Corvette ever.",
    "card": "https://media.discordapp.net/attachments/819199720249360384/934143865953353738/S.ChevyCorvetteZR1C7.png",
    "333TopSpeed": 214,
    "3330to60": 2.9,
    "333Handling": 97,
    "666TopSpeed": 217,
    "6660to60": 2.8,
    "666Handling": 100,
    "996TopSpeed": 219,
    "9960to60": 2.6,
    "996Handling": 100,
    "969TopSpeed": 219,
    "9690to60": 2.8,
    "969Handling": 104,
    "699TopSpeed": 217,
    "6990to60": 2.6,
    "699Handling": 104,
    "racehud": "https://media.discordapp.net/attachments/995376525119586356/995761010763899061/corvettec7.png",
    "creator": "Connor"
}