{
    "rq": 84,
    "make": "Chevrolet",
    "model": "Corvette Z06",
    "modelYear": 2015,
    "country": "US",
    "topSpeed": 196,
    "0to60": 3.2,
    "handling": 93,
    "driveType": "RWD",
    "tyreType": "Performance",
    "tags": ["Supercar"],
    "isPrize": false,
    "weight": 1630,
    "gc": "Low",
    "seatCount": 2,
    "bodyStyle": "Coupe",
    "tcs": true,
    "abs": true,
    "enginePos": "Front",
    "fuelType": "Petrol",
    "mra": 80,
    "ola": 93.75,
    "description": "Fastest Z06 yet, featuring a supercharged LT4.",
    "card": "https://media.discordapp.net/attachments/819199720249360384/934139277598654545/A.ChevyCorvetteZ06C7.png",
    "333TopSpeed": 199,
    "3330to60": 3.0,
    "333Handling": 96,
    "666TopSpeed": 201,
    "6660to60": 2.9,
    "666Handling": 99,
    "996TopSpeed": 204,
    "9960to60": 2.7,
    "996Handling": 99,
    "969TopSpeed": 204,
    "9690to60": 2.9,
    "969Handling": 103,
    "699TopSpeed": 201,
    "6990to60": 2.7,
    "699Handling": 103,
    "racehud": "https://media.discordapp.net/attachments/995376525119586356/995759639692058795/corvettec7.png",
    "creator": "Connor"
}