{
    "rq": 29,
    "make": "Chevrolet",
    "model": "Spark 1LT CVT",
    "modelYear": 2016,
    "country": "US",
    "topSpeed": 105,
    "0to60": 10.8,
    "handling": 74,
    "driveType": "FWD",
    "tyreType": "Standard",
    "tags": [],
    "isPrize": false,
    "weight": 1046,
    "gc": "Medium",
    "seatCount": 4,
    "bodyStyle": "Hatchback",
    "tcs": true,
    "abs": true,
    "enginePos": "Front",
    "fuelType": "Petrol",
    "mra": 35.29,
    "ola": 67.54,
    "description": "A whole lotta good for not a lot of money.",
    "card": "https://media.discordapp.net/attachments/819199720249360384/824597137471438868/Spark_1LT_CVT_16.png",
    "333TopSpeed": 110,
    "3330to60": 10.3,
    "333Handling": 76,
    "666TopSpeed": 115,
    "6660to60": 9.7,
    "666Handling": 79,
    "996TopSpeed": 120,
    "9960to60": 9.2,
    "996Handling": 79,
    "969TopSpeed": 120,
    "9690to60": 9.7,
    "969Handling": 82,
    "699TopSpeed": 115,
    "6990to60": 9.2,
    "699Handling": 82,
    "racehud": "https://media.discordapp.net/attachments/995376525119586356/1035867789203877948/spark_blue.jpg",
    "creator": "Macan"
}