{
    "rq": 10,
    "make": "Chevrolet",
    "model": "Chevette 1.6",
    "modelYear": 1976,
    "country": "US",
    "topSpeed": 81,
    "0to60": 17.8,
    "handling": 63,
    "driveType": "RWD",
    "tyreType": "Standard",
    "tags": ["OG"],
    "isPrize": false,
    "weight": 916,
    "gc": "Medium",
    "seatCount": 4,
    "bodyStyle": "Hatchback",
    "tcs": false,
    "abs": false,
    "enginePos": "Front",
    "fuelType": "Petrol",
    "mra": 10,
    "ola": 61.8,
    "description": "A hillariously slow shitbox that surprises even cars forty years from now with its fuel economy.",
    "card": "https://media.discordapp.net/attachments/819199720249360384/865584526578024468/cehvette.png",
    "333TopSpeed": 87,
    "3330to60": 16.9,
    "333Handling": 65,
    "666TopSpeed": 94,
    "6660to60": 16,
    "666Handling": 67,
    "996TopSpeed": 100,
    "9960to60": 15.1,
    "996Handling": 67,
    "969TopSpeed": 100,
    "9690to60": 16,
    "969Handling": 70,
    "699TopSpeed": 89,
    "6990to60": 15.1,
    "699Handling": 70,
    "racehud": "https://media.discordapp.net/attachments/995376525119586356/1003273107383013407/chevette.jpg",
    "creator": "Keanny"
}