{
    "rq": 103,
    "make": "Bugatti",
    "model": "Chiron 300+ Prototype",
    "modelYear": 2019,
    "country": "FR",
    "topSpeed": 305,
    "0to60": 2.4,
    "handling": 90,
    "driveType": "4WD",
    "tyreType": "Performance",
    "tags": ["Hypercar","Ultra Expensive","Unique"],
    "isPrize": true,
    "weight": 1979,
    "gc": "Low",
    "seatCount": 1,
    "bodyStyle": "Coupe",
    "tcs": true,
    "abs": true,
    "enginePos": "Middle",
    "fuelType": "Petrol",
    "mra": 141.17,
    "ola": 87.5,
    "description": "The Record setter for the first 'production car' to get 300Mph.",
    "card": "https://media.discordapp.net/attachments/819199720249360384/952192290376515634/Chiron300Proto.png",
    "333TopSpeed": 307,
    "3330to60": 2.3,
    "333Handling": 93,
    "666TopSpeed": 308,
    "6660to60": 2.2,
    "666Handling": 96,
    "996TopSpeed": 310,
    "9960to60": 2.0,
    "996Handling": 96,
    "969TopSpeed": 310,
    "9690to60": 2.2,
    "969Handling": 100,
    "699TopSpeed": 308,
    "6990to60": 2.0,
    "699Handling": 100,
    "racehud": "https://media.discordapp.net/attachments/995376525119586356/995977331145457704/chiron300plusproto.png",
    "creator": "Bnuuy"
}