{
    "rq": 76,
    "make": "Bugatti",
    "model": "EB 18/4 Veyron Concept",
    "modelYear": 1999,
    "country": "FR",
    "topSpeed": 211,
    "0to60": 4.0,
    "handling": 86,
    "driveType": "4WD",
    "tyreType": "Performance",
    "tags": [
        "Concept",
        "Supercar",
        "Unique", "Year of the Rabbit"
    ],
    "isPrize": true,
    "weight": 1700,
    "gc": "Low",
    "seatCount": 2,
    "bodyStyle": "Coupe",
    "tcs": true,
    "abs": true,
    "enginePos": "Middle",
    "fuelType": "Petrol",
    "mra": 86.96,
    "ola": 92.5,
    "description": "This is the development study version of the Veyron that we've known today.",
    "card": "https://media.discordapp.net/attachments/819199720249360384/854720181778251786/image0.png",
    "333TopSpeed": 213,
    "3330to60": 3.8,
    "333Handling": 89,
    "666TopSpeed": 216,
    "6660to60": 3.6,
    "666Handling": 92,
    "699TopSpeed": 216,
    "6990to60": 3.4,
    "699Handling": 95,
    "969TopSpeed": 218,
    "9690to60": 3.6,
    "969Handling": 95,
    "996TopSpeed": 218,
    "9960to60": 3.4,
    "996Handling": 92,
    "racehud": "https://media.discordapp.net/attachments/995376525119586356/1017062139371995157/Bugatti_EB184_Veyron.png",
    "creator": "Spence"
}