{
    "rq": 101,
    "make": "Bugatti",
    "model": "Chiron Pur Sport",
    "modelYear": 2020,
    "country": "FR",
    "topSpeed": 217,
    "0to60": 2.2,
    "handling": 95,
    "driveType": "4WD",
    "tyreType": "Performance",
    "tags": ["Hypercar","Ultra Expensive","Track Day","Unique"],
    "isPrize": true,
    "weight": 1946,
    "gc": "Low",
    "seatCount": 2,
    "bodyStyle": "Coupe",
    "tcs": true,
    "abs": true,
    "enginePos": "Middle",
    "fuelType": "Petrol",
    "mra": 104.76,
    "ola": 90.9,
    "description": "The ultimate track chiron part 2?",
    "card": "https://media.discordapp.net/attachments/819199720249360384/951473204034146334/ChironPurSport.png",
    "333TopSpeed": 219,
    "3330to60": 2.1,
    "333Handling": 98,
    "666TopSpeed": 222,
    "6660to60": 2.0,
    "666Handling": 101,
    "996TopSpeed": 224,
    "9960to60": 1.9,
    "996Handling": 101,
    "969TopSpeed": 224,
    "9690to60": 2.0,
    "969Handling": 105,
    "699TopSpeed": 222,
    "6990to60": 1.9,
    "699Handling": 105,
    "racehud": "https://media.discordapp.net/attachments/995376525119586356/995992445277966346/chironpursport.png",
    "creator": "Bnuuy"
}