{
    "rq": 19,
    "make": "Chevrolet",
    "model": "Cavalier CS",
    "modelYear": 1982,
    "country": "US",
    "topSpeed": 100,
    "0to60": 13.1,
    "handling": 68,
    "driveType": "FWD",
    "tyreType": "Standard",
    "tags": [],
    "isPrize": false,
    "weight": 1380,
    "gc": "Medium",
    "seatCount": 5,
    "bodyStyle": "Sedan",
    "tcs": false,
    "abs": false,
    "enginePos": "Front",
    "fuelType": "Petrol",
    "mra": 21.55,
    "ola": 61.01,
    "description": "An Opel, but maybe not, but maybe yes.",
    "card": "https://media.discordapp.net/attachments/819199720249360384/819544891746680853/F.ChevyCavalierCS.png",
    "333TopSpeed": 105,
    "3330to60": 12.4,
    "333Handling": 70,
    "666TopSpeed": 110,
    "6660to60": 11.8,
    "666Handling": 72,
    "996TopSpeed": 116,
    "9960to60": 11.1,
    "996Handling": 72,
    "969TopSpeed": 116,
    "9690to60": 11.8,
    "969Handling": 75,
    "699TopSpeed": 110,
    "6990to60": 11.1,
    "699Handling": 75,
    "racehud": "https://media.discordapp.net/attachments/995376525119586356/1017171588145234001/Chevrolet_Cavalier_CS.png",
    "creator": "Connor"
}