{
    "rq": 88,
    "make": "Bugatti",
    "model": "EB110 SS",
    "modelYear": 1992,
    "country": "FR",
    "topSpeed": 217,
    "0to60": 3.3,
    "handling": 89,
    "driveType": "4WD",
    "tyreType": "Performance",
    "tags": [
        "Supercar",
        "Ultra Expensive",
        "Innovative",
        "Unique","OG"
    ],
    "isPrize": false,
    "weight": 1418,
    "gc": "Low",
    "seatCount": 2,
    "bodyStyle": "Coupe",
    "tcs": true,
    "abs": true,
    "enginePos": "Rear",
    "fuelType": "Petrol",
    "mra": 100,
    "ola": 84.84,
    "description": "The Italian Bugatti that became a top speed record holder at the time.",
    "card": "https://media.discordapp.net/attachments/819199720249360384/852765986611789855/image0.png",
    "333TopSpeed": 219,
    "3330to60": 3.1,
    "333Handling": 92,
    "666TopSpeed": 222,
    "6660to60": 3.0,
    "666Handling": 95,
    "996TopSpeed": 224,
    "9960to60": 2.8,
    "996Handling": 95,
    "969TopSpeed": 224,
    "9690to60": 3.0,
    "969Handling": 99,
    "699TopSpeed": 222,
    "6990to60": 2.8,
    "699Handling": 99,
    "racehud": "https://media.discordapp.net/attachments/995376525119586356/1017009284799811624/Bugatti_EB110_SS_1992_hud.png",
    "creator": "Spence"
}