{
    "rq": 83,
    "make": "Chevrolet",
    "model": "Corvette ZR1",
    "modelYear": 2009,
    "country": "US",
    "topSpeed": 205,
    "0to60": 3.4,
    "handling": 93,
    "driveType": "RWD",
    "tyreType": "Performance",
    "tags": ["Supercar","Silver Screen"],
    "isPrize": false,
    "weight": 1519,
    "gc": "Low",
    "seatCount": 2,
    "bodyStyle": "Coupe",
    "tcs": true,
    "abs": true,
    "enginePos": "Front",
    "fuelType": "Petrol",
    "mra": 82.93,
    "ola": 94.12,
    "description": "The corvette that didn't come here to play games.",
    "card": "https://media.discordapp.net/attachments/819199720249360384/996859110769311835/ChevroletCorvetteZR1.png",
    "333TopSpeed": 208,
    "3330to60": 3.2,
    "333Handling": 96,
    "666TopSpeed": 210,
    "6660to60": 3.1,
    "666Handling": 99,
    "996TopSpeed": 213,
    "9960to60": 2.9,
    "996Handling": 99,
    "969TopSpeed": 213,
    "9690to60": 3.1,
    "969Handling": 103,
    "699TopSpeed": 210,
    "6990to60": 2.9,
    "699Handling": 103,
    "racehud": "https://media.discordapp.net/attachments/995376525119586356/996861162119516240/ChevroletCorvetteZR1.png",
    "creator": "Spence"
}