{
    "rq": 97,
    "make": "Bugatti",
    "model": "Veyron 16.4 Super Sport",
    "modelYear": 2010,
    "country": "FR",
    "topSpeed": 263,
    "0to60": 2.5,
    "handling": 89,
    "driveType": "4WD",
    "tyreType": "Performance",
    "tags": ["Hypercar","Silver Screen","Ultra Expensive","OG"],
    "isPrize": false,
    "weight": 1970,
    "gc": "Low",
    "seatCount": 2,
    "bodyStyle": "Coupe",
    "tcs": true,
    "abs": true,
    "enginePos": "Middle",
    "fuelType": "Petrol",
    "mra": 100.4,
    "ola": 92,
    "description": "When 1000 horsepower isn't enough.",
    "card": "https://media.discordapp.net/attachments/819199720249360384/952192377324462120/VeyronSuperSport.png",
    "333TopSpeed": 265,
    "3330to60": 2.4,
    "333Handling": 92,
    "666TopSpeed": 267,
    "6660to60": 2.3,
    "666Handling": 95,
    "996TopSpeed": 269,
    "9960to60": 2.1,
    "996Handling": 95,
    "969TopSpeed": 269,
    "9690to60": 2.3,
    "969Handling": 99,
    "699TopSpeed": 267,
    "6990to60": 2.1,
    "699Handling": 99,
    "racehud": "https://media.discordapp.net/attachments/995376525119586356/996026432037855242/veyronss.png",
    "creator": "Bnuuy"
}