{
    "rq": 62,
    "make": "BMW",
    "model": "Z8",
    "modelYear": 2000,
    "country": "DE",
    "topSpeed": 155,
    "0to60": 4.5,
    "handling": 82,
    "driveType": "RWD",
    "tyreType": "Performance",
    "tags": ["Silver Screen","Sleeper"],
    "isPrize": false,
    "weight": 1584,
    "gc": "Low",
    "seatCount": 2,
    "bodyStyle": "Convertible",
    "tcs": true,
    "abs": true,
    "enginePos": "Front",
    "fuelType": "Petrol",
    "mra": 76.27,
    "ola": 71.11,
    "description": "A slower version of the Alpina, or did this come first?",
    "card": "https://media.discordapp.net/attachments/819199720249360384/819955747676880937/BMWZ8.png",
    "333TopSpeed": 158,
    "3330to60": 4.3,
    "333Handling": 85,
    "666TopSpeed": 161,
    "6660to60": 4.1,
    "666Handling": 87,
    "996TopSpeed": 165,
    "9960to60": 3.8,
    "996Handling": 87,
    "969TopSpeed": 165,
    "9690to60": 4.1,
    "969Handling": 91,
    "699TopSpeed": 162,
    "6990to60": 3.8,
    "699Handling": 91,
    "racehud": "https://media.discordapp.net/attachments/995376525119586356/995994788774035537/bmwz8.png",
    "creator": "Bnuuy"
}