{
    "rq": 80,
    "make": "Chevrolet",
    "model": "Camaro ZL1 1LE",
    "modelYear": 2018,
    "country": "US",
    "topSpeed": 190,
    "0to60": 3.6,
    "handling": 94,
    "driveType": "RWD",
    "tyreType": "Performance",
    "tags": ["Track Day","Muscle Car","OG"],
    "isPrize": true,
    "weight": 1733,
    "gc": "Low",
    "seatCount": 4,
    "bodyStyle": "Coupe",
    "tcs": true,
    "abs": true,
    "enginePos": "Front",
    "fuelType": "Petrol",
    "mra": 80,
    "ola": 91.67,
    "description": "The ultimate hardcore track muscle car from Chevrolet.",
    "card": "https://media.discordapp.net/attachments/819199720249360384/826263001966444544/image0.jpg",
    "333TopSpeed": 193,
    "3330to60": 3.4,
    "333Handling": 97,
    "666TopSpeed": 195,
    "6660to60": 3.2,
    "666Handling": 100,
    "996TopSpeed": 198,
    "9960to60": 3.1,
    "996Handling": 100,
    "969TopSpeed": 198,
    "9690to60": 3.2,
    "969Handling": 104,
    "699TopSpeed": 195,
    "6990to60": 3.1,
    "699Handling": 104,
    "racehud": "https://media.discordapp.net/attachments/995376525119586356/1008025388443783258/camaroZL1Rthing.png",
    "creator": "Spence"
}