{
    "rq": 47,
    "make": "Cadillac",
    "model": "XT4 Sport 2.0T AWD",
    "modelYear": 2018,
    "country": "US",
    "topSpeed": 132,
    "0to60": 7.6,
    "handling": 79,
    "driveType": "4WD",
    "tyreType": "Standard",
    "tags": [],
    "isPrize": false,
    "weight": 1805,
    "gc": "Medium",
    "seatCount": 5,
    "bodyStyle": "SUV",
    "tcs": true,
    "abs": true,
    "enginePos": "Front",
    "fuelType": "Petrol",
    "mra": 49.35,
    "ola": 71.05,
    "description": "Cadillac's smallest SUV.",
    "card": "https://media.discordapp.net/attachments/819199720249360384/838136673690714112/C.CadillacXT4Sport20TAWD.png",
    "333TopSpeed": 136,
    "3330to60": 7.2,
    "333Handling": 82,
    "666TopSpeed": 140,
    "6660to60": 6.8,
    "666Handling": 84,
    "996TopSpeed": 144,
    "9960to60": 6.5,
    "996Handling": 84,
    "969TopSpeed": 144,
    "9690to60": 6.8,
    "969Handling": 88,
    "699TopSpeed": 140,
    "6990to60": 6.5,
    "699Handling": 88,
    "racehud": "https://cdn.discordapp.com/attachments/1077293403668234340/1095106358124216361/c00241.png",
    "creator": "Connor"
}