{
    "rq": 52,
    "make": "Chevrolet",
    "model": "Cobalt Coupe SS Supercharged",
    "modelYear": 2006,
    "country": "US",
    "topSpeed": 144,
    "0to60": 6.1,
    "handling": 80,
    "driveType": "FWD",
    "tyreType": "Performance",
    "tags": ["Tuner","Street Racer"],
    "isPrize": false,


    "weight": 1362,
    "gc": "Medium",
    "seatCount": 4,
    "bodyStyle": "Coupe",
    "tcs": true,
    "abs": true,
    "enginePos": "Front",
    "fuelType": "Petrol",
    "mra": 67.03,
    "ola": 72.13,
    "description": "The meh coupe also had a unique supercharged setup.",
    "card": "https://media.discordapp.net/attachments/1077292374608326656/1106241830443552838/B.ChevyCobaltCSSSC.png",
    "racehud": "https://media.discordapp.net/attachments/1077293403668234340/1106244419570643066/cobaltsc.png",
    "creator": "Connor",

    "333TopSpeed": 148,
    "3330to60": 5.8,
    "333Handling": 83,

    "666TopSpeed": 151,
    "6660to60": 5.5, 
    "666Handling": 85,

    "996TopSpeed": 155,
    "9960to60": 5.2,
    "996Handling": 85,

    "969TopSpeed": 155,
    "9690to60": 5.5,
    "969Handling": 89,

    "699TopSpeed": 151,
    "6990to60": 5.2,
    "699Handling": 89
}