{
    "rq": 42,
    "make": "Chevrolet",
    "model": "Cruze LT RS Diesel Auto",
    "modelYear": 2018,
    "country": "US",
    "topSpeed": 123,
    "0to60": 8.4,
    "handling": 78,
    "driveType": "FWD",
    "tyreType": "Standard",
    "tags": [],
    "isPrize": false,
    "weight": 1456,
    "gc": "Medium",
    "seatCount": 5,
    "bodyStyle": "Hatchback",
    "tcs": true,
    "abs": true,
    "enginePos": "Front",
    "fuelType": "Diesel",
    "mra": 48.55,
    "ola": 54.76,
    "description": "Generic hatchback #2654356, except it's a diesel, and now a boring automatic.",
    "card": "https://media.discordapp.net/attachments/819199720249360384/829986685265641522/Chevrolet_Cruze_LT_RS_Diesel_Auto_18.png",
    "333TopSpeed": 127,
    "3330to60": 8,
    "333Handling": 81,
    "666TopSpeed": 131,
    "6660to60": 7.6,
    "666Handling": 83,
    "996TopSpeed": 136,
    "9960to60": 7.1,
    "996Handling": 83,
    "969TopSpeed": 136,
    "9690to60": 7.6,
    "969Handling": 87,
    "699TopSpeed": 131,
    "6990to60": 7.1,
    "699Handling": 87,
    "racehud": "https://cdn.discordapp.com/attachments/1077293403668234340/1095299809717522533/c00281.png",
    "creator": "Macan"
}