{
    "rq": 75,
    "make": "Cadillac",
    "model": "ATS-V Sedan",
    "modelYear": 2016,
    "country": "US",
    "topSpeed": 187,
    "0to60": 3.9,
    "handling": 91,
    "driveType": "RWD",
    "tyreType": "Performance",
    "tags": ["Super Sedan","Muscle Car"],
    "isPrize": false,
    "weight": 1775,
    "gc": "Low",
    "seatCount": 5,
    "bodyStyle": "Sedan",
    "tcs": true,
    "abs": true,
    "enginePos": "Front",
    "fuelType": "Petrol",
    "mra": 76.47,
    "ola": 82.05,
    "description": "Cadillac's first attempt at a sub CTS-V entry in the V-Series family. Rather than leaning towards GM's specialty in small-block V8s, they developed a twin-turbocharged V6 producing 464 horsepower to go after the F80-generation M3 of the time. This was the first full-fledged V product not powered by a V8 of any kind.",
    "card": "https://media.discordapp.net/attachments/819199720249360384/844629829331976232/ATS-V.png",
    "333TopSpeed": 190,
    "3330to60": 3.7,
    "333Handling": 94,
    "666TopSpeed": 193,
    "6660to60": 3.5,
    "666Handling": 97,
    "996TopSpeed": 195,
    "9960to60": 3.3,
    "996Handling": 97,
    "969TopSpeed": 195,
    "9690to60": 3.5,
    "969Handling": 101,
    "699TopSpeed": 193,
    "6990to60": 3.3,
    "699Handling": 101,
    "racehud": "https://media.discordapp.net/attachments/995376525119586356/996022085174448168/ATSV.png",
    "creator": "Bnuuy"
}