{
    "rq": 26,
    "make": "Chevrolet",
    "model": "Spark 1.2 LTZ",
    "modelYear": 2013,
    "country": "US",
    "topSpeed": 104,
    "0to60": 11.8,
    "handling": 72,
    "driveType": "FWD",
    "tyreType": "Standard",
    "tags": [],
    "isPrize": false,


    "weight": 1029,
    "gc": "Medium",
    "seatCount": 5,
    "bodyStyle": "Hatchback",
    "tcs": true,
    "abs": true,
    "enginePos": "Front",
    "fuelType": "Petrol",
    "mra": 33.61,
    "ola": 62.71,
    "description": "AAAAAAAAAAAAAAAAAAAAAAA.",
    "card": "https://media.discordapp.net/attachments/1077292374608326656/1115020020926394449/E.ChevySpark12LTZ.png",
    "racehud": "https://media.discordapp.net/attachments/1077293403668234340/1115024232435437698/SparkLTZ.png",
    "creator": "Connor",

    "333TopSpeed": 109,
    "3330to60": 11.2,
    "333Handling": 74,

    "666TopSpeed": 114,
    "6660to60": 10.6, 
    "666Handling": 77,

    "996TopSpeed": 119,
    "9960to60": 10.0,
    "996Handling": 77,

    "969TopSpeed": 119,
    "9690to60": 10.6,
    "969Handling": 80,

    "699TopSpeed": 114,
    "6990to60": 10.0,
    "699Handling": 80
}