{
    "rq": 42,
    "make": "Chevrolet",
    "model": "Malibu 1.5T LT",
    "modelYear": 2016,
    "country": "US",
    "topSpeed": 130,
    "0to60": 8,
    "handling": 77,
    "driveType": "FWD",
    "tyreType": "Standard",
    "tags": [],
    "isPrize": false,
    "weight": 1433,
    "gc": "Medium",
    "seatCount": 5,
    "bodyStyle": "Sedan",
    "tcs": true,
    "abs": true,
    "enginePos": "Front",
    "fuelType": "Petrol",
    "mra": 47.9,
    "ola": 72.5,
    "description": "Malibu in a Malibu.",
    "card": "https://media.discordapp.net/attachments/819199720249360384/825459168487800842/Malibu_1.5T_LT_16.png",
    "333TopSpeed": 134,
    "3330to60": 7.6,
    "333Handling": 80,
    "666TopSpeed": 138,
    "6660to60": 7.2,
    "666Handling": 82,
    "996TopSpeed": 142,
    "9960to60": 6.8,
    "996Handling": 82,
    "969TopSpeed": 142,
    "9690to60": 7.2,
    "969Handling": 85,
    "699TopSpeed": 138,
    "6990to60": 6.8,
    "699Handling": 85,
    "racehud": "https://cdn.discordapp.com/attachments/1077293403668234340/1095367436259299450/c00290.png",
    "creator": "Macan"
}