{
    "rq": 73,
    "make": "Chevrolet",
    "model": "Camaro Z/28",
    "modelYear": 2014,
    "country": "US",
    "topSpeed": 172,
    "0to60": 4.1,
    "handling": 92,
    "driveType": "RWD",
    "tyreType": "Performance",
    "tags": [
        "Muscle Car",
        "OG"
    ],
    "isPrize": false,
    "weight": 1732,
    "gc": "Low",
    "seatCount": 4,
    "bodyStyle": "Coupe",
    "tcs": true,
    "abs": true,
    "enginePos": "Front",
    "fuelType": "Petrol",
    "mra": 82,
    "ola": 82.93,
    "description": "",
    "card": "https://media.discordapp.net/attachments/819199720249360384/826462195713703946/camarooooooo78.png",
    "333TopSpeed": 175,
    "3330to60": 3.9,
    "333Handling": 95,
    "666TopSpeed": 178,
    "6660to60": 3.7,
    "666Handling": 98,
    "996TopSpeed": 181,
    "9960to60": 3.5,
    "996Handling": 98,
    "969TopSpeed": 181,
    "9690to60": 3.7,
    "969Handling": 102,
    "699TopSpeed": 178,
    "6990to60": 3.5,
    "699Handling": 102,
    "racehud": "https://media.discordapp.net/attachments/995376525119586356/1018116241304592434/Chevrolet_Camaro_Z28_2014.png",
    "creator": "DodgeDemon"
}