{
    "rq": 59,
    "make": "Chevrolet",
    "model": "Malibu 2.0T Premier",
    "modelYear": 2016,
    "country": "US",
    "topSpeed": 156,
    "0to60": 5.9,
    "handling": 79,
    "driveType": "FWD",
    "tyreType": "Standard",
    "tags": [],
    "isPrize": false,
    "weight": 1678,
    "gc": "Medium",
    "seatCount": 5,
    "bodyStyle": "Sedan",
    "tcs": true,
    "abs": true,
    "enginePos": "Front",
    "fuelType": "Petrol",
    "mra": 62.11,
    "ola": 79.5,
    "description": "Malibu in a Malibu, but faster.",
    "card": "https://media.discordapp.net/attachments/819199720249360384/824948451770368010/Malibu_2.0T_Premier_16.png",
    "333TopSpeed": 159,
    "3330to60": 5.6,
    "333Handling": 82,
    "666TopSpeed": 163,
    "6660to60": 5.3,
    "666Handling": 84,
    "996TopSpeed": 166,
    "9960to60": 5.0,
    "996Handling": 84,
    "969TopSpeed": 166,
    "9690to60": 5.3,
    "969Handling": 88,
    "699TopSpeed": 163,
    "6990to60": 5.0,
    "699Handling": 88,
    "racehud": "https://media.discordapp.net/attachments/995376525119586356/1020319814037807114/Chevrolet_Malibu_Premier.png",
    "creator": "Macan"
}