{
    "rq": 94,
    "make": "Bugatti",
    "model": "Veyron 16.4",
    "modelYear": 2005,
    "country": "FR",
    "topSpeed": 253,
    "0to60": 2.6,
    "handling": 87,
    "driveType": "4WD",
    "tyreType": "Performance",
    "tags": [
        "Hypercar",
        "Ultra Expensive",
        "Style Icon",
        "Silver Screen",
        "Innovative","OG"
    ],
    "isPrize": false,
    "weight": 1888,
    "gc": "Low",
    "seatCount": 2,
    "bodyStyle": "Coupe",
    "tcs": true,
    "abs": true,
    "enginePos": "Middle",
    "fuelType": "Petrol",
    "mra": 93.49,
    "ola": 91.14,
    "description": "The most well-known Bugatti, even though there are faster ones made.",
    "card": "https://media.discordapp.net/attachments/819199720249360384/824389509910233158/veryon164thingy.png",
    "333TopSpeed": 255,
    "3330to60": 2.5,
    "333Handling": 90,
    "666TopSpeed": 257,
    "6660to60": 2.3,
    "666Handling": 93,
    "996TopSpeed": 259,
    "9960to60": 2.2,
    "996Handling": 93,
    "969TopSpeed": 259,
    "9690to60": 2.3,
    "969Handling": 97,
    "699TopSpeed": 257,
    "6990to60": 2.2,
    "699Handling": 97,
    "racehud": "https://media.discordapp.net/attachments/995376525119586356/1017004775293857792/veyron16.4.png",
    "creator": "Havvy"
}