{
    "rq": 45,
    "make": "Chevrolet",
    "model": "Malibu RS",
    "modelYear": 2019,
    "country": "US",
    "topSpeed": 130,
    "0to60": 7.8,
    "handling": 79,
    "driveType": "FWD",
    "tyreType": "Standard",
    "tags": [
        "Servers Choice","OG"
    ],
    "isPrize": false,
    "weight": 1422,
    "gc": "Medium",
    "seatCount": 5,
    "bodyStyle": "Sedan",
    "tcs": true,
    "abs": true,
    "enginePos": "Front",
    "fuelType": "Petrol",
    "mra": 53.79,
    "ola": 76.92,
    "description": "",
    "card": "https://media.discordapp.net/attachments/819199720249360384/819382760493023232/chevrolet_malibu_rs.png",
    "333TopSpeed": 134,
    "3330to60": 7.4,
    "333Handling": 82,
    "666TopSpeed": 138,
    "6660to60": 7,
    "666Handling": 84,
    "996TopSpeed": 142,
    "9960to60": 6.6,
    "996Handling": 84,
    "969TopSpeed": 142,
    "9690to60": 7,
    "969Handling": 88,
    "699TopSpeed": 138,
    "6990to60": 6.6,
    "699Handling": 88,
    "racehud": "https://media.discordapp.net/attachments/995376525119586356/1003662971010023545/malibu_rs.jpg",
    "creator": "Keanny"
}