{
    "rq": 37,
    "make": "Buick",
    "model": "Riviera SuperCharged",
    "modelYear": 1995,
    "country": "US",
    "topSpeed": 110,
    "0to60": 7.5,
    "handling": 69,
    "driveType": "FWD",
    "tyreType": "Standard",
    "tags": [],
    "isPrize": false,
    "weight": 1735,
    "gc": "Medium",
    "seatCount": 4,
    "bodyStyle": "Sedan",
    "tcs": true,
    "abs": true,
    "enginePos": "Front",
    "fuelType": "Petrol",
    "mra": 63.56,
    "ola": 88.01,
    "description": "One of the last Buick gems.",
    "card": "https://media.discordapp.net/attachments/819199720249360384/821061232483106857/riviera.png",
    "333TopSpeed": 115,
    "3330to60": 7.1,
    "333Handling": 71,
    "666TopSpeed": 119,
    "6660to60": 6.8,
    "666Handling": 74,
    "996TopSpeed": 124,
    "9960to60": 6.4,
    "996Handling": 74,
    "969TopSpeed": 124,
    "9690to60": 6.8,
    "969Handling": 77,
    "699TopSpeed": 119,
    "6990to60": 6.4,
    "699Handling": 77,
    "racehud": "https://media.discordapp.net/attachments/995376525119586356/995981783881502800/riviera.png",
    "creator": "Bnuuy"
}