{
    "rq": 75,
    "make": "BMW",
    "model": "Z4 M40i",
    "modelYear": 2019,
    "country": "DE",
    "topSpeed": 165,
    "0to60": 3.8,
    "handling": 91,
    "driveType": "RWD",
    "tyreType": "Performance",
    "tags": ["OG"],
    "isPrize": false,
    "weight": 1562,
    "gc": "Low",
    "seatCount": 2,
    "bodyStyle": "Convertible",
    "tcs": true,
    "abs": true,
    "enginePos": "Front",
    "fuelType": "Petrol",
    "mra": 69.86,
    "ola": 81.05,
    "description": "A German Supra.y",
    "card": "https://media.discordapp.net/attachments/819199720249360384/819384128909606922/z4_m40i.png",
    "333TopSpeed": 168,
    "3330to60": 3.6,
    "333Handling": 94,
    "666TopSpeed": 171,
    "6660to60": 3.4,
    "666Handling": 97,
    "996TopSpeed": 174,
    "9960to60": 3.2,
    "996Handling": 97,
    "969TopSpeed": 174,
    "9690to60": 3.4,
    "969Handling": 101,
    "699TopSpeed": 171,
    "6990to60": 3.2,
    "699Handling": 101,
    "racehud": "https://media.discordapp.net/attachments/995376525119586356/1003657056974282772/z4_m40i.jpg",
    "creator": "Keanny"
}