{
    "rq": 103,
    "make": "Bugatti",
    "model": "Chiron Super Sport",
    "modelYear": 2022,
    "country": "FR",
    "topSpeed": 273,
    "0to60": 2.3,
    "handling": 93,
    "driveType": "4WD",
    "tyreType": "Performance",
    "tags": ["Hypercar","Ultra Expensive","Unique"],
    "isPrize": false,
    "weight": 1973,
    "gc": "Low",
    "seatCount": 2,
    "bodyStyle": "Coupe",
    "tcs": true,
    "abs": true,
    "enginePos": "Middle",
    "fuelType": "Petrol",
    "mra": 124.32,
    "ola": 90.43,
    "description": "The best made better.",
    "card": "https://media.discordapp.net/attachments/819199720249360384/951467691921768448/ChironSuperSport.png",
    "333TopSpeed": 275,
    "3330to60": 2.2,
    "333Handling": 96,
    "666TopSpeed": 277,
    "6660to60": 2.1,
    "666Handling": 99,
    "996TopSpeed": 279,
    "9960to60": 2.0,
    "996Handling": 99,
    "969TopSpeed": 279,
    "9690to60": 2.1,
    "969Handling": 103,
    "699TopSpeed": 277,
    "6990to60": 2.0,
    "699Handling": 103,
    "racehud": "https://media.discordapp.net/attachments/995376525119586356/995977363580006430/chironsupersport.png",
    "creator": "Bnuuy"
}