{
    "rq": 96,
    "make": "Chevrolet",
    "model": "S-10 Lingenfelter Pro Stock",
    "modelYear": 1999,
    "country": "US",
    "topSpeed": 213,
    "0to60": 1.1,
    "handling": 10,
    "driveType": "RWD",
    "tyreType": "Drag",
    "tags": [
        "Motorsport",
        "Unique", "Year of the Rabbit"
    ],
    "isPrize": true,
    "weight": 1043,
    "gc": "Low",
    "seatCount": 1,
    "bodyStyle": "Pickup",
    "tcs": false,
    "abs": false,
    "enginePos": "Front",
    "fuelType": "Petrol",
    "mra": 80.88,
    "ola": 76.36,
    "description": "Ok, who allowed this?",
    "card": "https://cdn.discordapp.com/attachments/1077292374608326656/1101949196505981011/S10Lingenfelter1999.png",
    "333TopSpeed": 215,
    "3330to60": 1.0,
    "333Handling": 10,
    "666TopSpeed": 218,
    "6660to60": 1.0,
    "666Handling": 11,
    "996TopSpeed": 220,
    "9960to60": 0.9,
    "996Handling": 11,
    "969TopSpeed": 220,
    "9690to60": 1.0,
    "969Handling": 11,
    "699TopSpeed": 218,
    "6990to60": 0.9,
    "699Handling": 11,
    "racehud": "https://cdn.discordapp.com/attachments/1077293403668234340/1101966043464867981/S10Prostock.png",
    "creator": "DodgeDemon"
}