{
    "rq": 58,
    "make": "BMW",
    "model": "X2 xDrive28i",
    "modelYear": 2018,
    "country": "DE",
    "topSpeed": 143,
    "0to60": 6.4,
    "handling": 81,
    "driveType": "4WD",
    "tyreType": "Standard",
    "tags": [
        "Servers Choice","OG"
    ],
    "isPrize": false,
    "weight": 1680,
    "gc": "Medium",
    "seatCount": 5,
    "bodyStyle": "SUV",
    "tcs": true,
    "abs": true,
    "enginePos": "Front",
    "fuelType": "Petrol",
    "mra": 57.66,
    "ola": 65.63,
    "description": "",
    "card": "https://media.discordapp.net/attachments/819199720249360384/824626535134265374/x2thigny.png",
    "333TopSpeed": 147,
    "3330to60": 6.1,
    "333Handling": 84,
    "666TopSpeed": 150,
    "6660to60": 5.8,
    "666Handling": 86,
    "996TopSpeed": 154,
    "9960to60": 5.4,
    "996Handling": 86,
    "969TopSpeed": 154,
    "9690to60": 5.8,
    "969Handling": 90,
    "699TopSpeed": 150,
    "6990to60": 5.4,
    "699Handling": 90,
    "racehud": "https://media.discordapp.net/attachments/995376525119586356/1020320451953700885/BMW_X2_xDrive28i.png",
    "creator": "Macan"
}