{
    "rq": 76,
    "make": "BMW",
    "model": "X5 M",
    "modelYear": 2009,
    "country": "DE",
    "topSpeed": 155,
    "0to60": 4.3,
    "handling": 81,
    "driveType": "4WD",
    "tyreType": "Performance",
    "tags": [],
    "isPrize": false,
    "weight": 2380,
    "gc": "High",
    "seatCount": 5,
    "bodyStyle": "SUV",
    "tcs": true,
    "abs": true,
    "enginePos": "Front",
    "fuelType": "Petrol",
    "mra": 70.49,
    "ola": 74.42,
    "description": "",
    "card": "https://media.discordapp.net/attachments/819199720249360384/821449318555713616/image0.png",
    "333TopSpeed": 158,
    "3330to60": 4.1,
    "333Handling": 84,
    "666TopSpeed": 162,
    "6660to60": 3.9,
    "666Handling": 86,
    "996TopSpeed": 165,
    "9960to60": 3.7,
    "996Handling": 86,
    "969TopSpeed": 165,
    "9690to60": 3.9,
    "969Handling": 90,
    "699TopSpeed": 162,
    "6990to60": 3.7,
    "699Handling": 90,
    "racehud": "https://media.discordapp.net/attachments/995376525119586356/1017060810050248774/BMW_X5_M.png",
    "creator": "Spence"
}