{
    "rq": 44,
    "make": "Chevrolet",
    "model": "Cruze LT RS Diesel Manual",
    "modelYear": 2018,
    "country": "US",
    "topSpeed": 123,
    "0to60": 8.2,
    "handling": 81,
    "driveType": "FWD",
    "tyreType": "Standard",
    "tags": [],
    "isPrize": false,
    "weight": 1408,
    "gc": "Medium",
    "seatCount": 5,
    "bodyStyle": "Hatchback",
    "tcs": true,
    "abs": true,
    "enginePos": "Front",
    "fuelType": "Diesel",
    "mra": 47.7,
    "ola": 60.24,
    "description": "Generic hatchback #2654356, except it's a diesel?",
    "card": "https://media.discordapp.net/attachments/819199720249360384/829983895302832148/Chevrolet_Cruze_LT_RS_Diesel_Manual_18.png",
    "333TopSpeed": 127,
    "3330to60": 7.8,
    "333Handling": 84,
    "666TopSpeed": 131,
    "6660to60": 7.4,
    "666Handling": 86,
    "996TopSpeed": 136,
    "9960to60": 7,
    "996Handling": 86,
    "969TopSpeed": 136,
    "9690to60": 7.4,
    "969Handling": 90,
    "699TopSpeed": 131,
    "6990to60": 7,
    "699Handling": 90,
    "racehud": "https://cdn.discordapp.com/attachments/1077293403668234340/1095362136932352050/c00282.png",
    "creator": "Macan"
}