{
    "rq": 32,
    "make": "Buick",
    "model": "Reatta",
    "modelYear": 1988,
    "country": "US",
    "topSpeed": 124,
    "0to60": 9.1,
    "handling": 71,
    "driveType": "FWD",
    "tyreType": "Standard",
    "tags": [],
    "isPrize": false,
    "weight": 1533,
    "gc": "Medium",
    "seatCount": 2,
    "bodyStyle": "Convertible",
    "tcs": false,
    "abs": true,
    "enginePos": "Front",
    "fuelType": "Petrol",
    "mra": 37.6,
    "ola": 61.54,
    "description": "",
    "card": "https://media.discordapp.net/attachments/819199720249360384/824628153120063488/Reatta.png",
    "333TopSpeed": 126,
    "3330to60": 8.6,
    "333Handling": 73,
    "666TopSpeed": 131,
    "6660to60": 8.2,
    "666Handling": 76,
    "996TopSpeed": 135,
    "9960to60": 7.7,
    "996Handling": 76,
    "969TopSpeed": 135,
    "9690to60": 8.2,
    "969Handling": 79,
    "699TopSpeed": 131,
    "6990to60": 7.7,
    "699Handling": 79,
    "racehud": "https://cdn.discordapp.com/attachments/1077293403668234340/1095105108959838348/c00231.png",
    "creator": "Havvy"
}