{
    "rq": 60,
    "make": "Cadillac",
    "model": "CT4-V",
    "modelYear": 2020,
    "country": "US",
    "topSpeed": 155,
    "0to60": 5.5,
    "handling": 85,
    "driveType": "RWD",
    "tyreType": "Performance",
    "tags": [],
    "isPrize": false,
    "weight": 1634,
    "gc": "Medium",
    "seatCount": 5,
    "bodyStyle": "Sedan",
    "tcs": true,
    "abs": true,
    "enginePos": "Front",
    "fuelType": "Petrol",
    "mra": 51.89,
    "ola": 65.45,
    "description": "\"aBSOluTE tRAsh CUz nO pOWeR!!!!!!!\"",
    "card": "https://media.discordapp.net/attachments/819199720249360384/819962265369051136/ct4.png",
    "333TopSpeed": 158,
    "3330to60": 5.2,
    "333Handling": 88,
    "666TopSpeed": 162,
    "6660to60": 5.0,
    "666Handling": 91,
    "996TopSpeed": 165,
    "9960to60": 4.7,
    "996Handling": 91,
    "969TopSpeed": 165,
    "9690to60": 5.0,
    "969Handling": 94,
    "699TopSpeed": 162,
    "6990to60": 4.7,
    "699Handling": 94,
    "racehud": "https://media.discordapp.net/attachments/995376525119586356/996025099700416602/ct4v.png",
    "creator": "Bnuuy"
}