{
    "rq": 61,
    "make": "Brabus",
    "model": "E V12",
    "modelYear": 2004,
    "country": "DE",
    "topSpeed": 217,
    "0to60": 4.3,
    "handling": 74,
    "driveType": "RWD",
    "tyreType": "Performance",
    "tags": [
        "Super Sedan",
        "Sleeper"
    ],
    "isPrize": true,
    "weight": 1835,
    "gc": "Low",
    "seatCount": 5,
    "bodyStyle": "Sedan",
    "tcs": true,
    "abs": true,
    "enginePos": "Front",
    "fuelType": "Petrol",
    "mra": 93.48,
    "ola": 97.67,
    "description": "Brabus going brrr... probably should mention it was once the world's fastest street legal sedan.",
    "card": "https://media.discordapp.net/attachments/819199720249360384/828972747316265001/unknown.png",
    "333TopSpeed": 219,
    "3330to60": 4.1,
    "333Handling": 76,
    "666TopSpeed": 222,
    "6660to60": 3.9,
    "666Handling": 79,
    "996TopSpeed": 224,
    "9960to60": 3.7,
    "996Handling": 79,
    "969TopSpeed": 224,
    "9690to60": 3.9,
    "969Handling": 82,
    "699TopSpeed": 222,
    "6990to60": 3.7,
    "699Handling": 82,
    "racehud": "https://media.discordapp.net/attachments/995376525119586356/1017396526730977361/Brabus_E_V12_2004.png",
    "creator": "Havvy"
}