{
    "rq": 115,
    "make": "Bugatti",
    "model": "Bolide Concept",
    "modelYear": 2020,
    "country": "FR",
    "topSpeed": 317,
    "0to60": 2.1,
    "handling": 101,
    "driveType": "4WD",
    "tyreType": "Slick",
    "tags": ["Unique","Track Day","Concept","Ultra Expensive","Eargasm"],
    "isPrize": true,
    "weight": 1240,
    "gc": "Low",
    "seatCount": 2,
    "bodyStyle": "Coupe",
    "tcs": true,
    "abs": true,
    "enginePos": "Middle",
    "fuelType": "Petrol",
    "mra": 150,
    "ola": 85.71,
    "description": "The ultimate Track weapon powered by a W16..",
    "card": "https://media.discordapp.net/attachments/819199720249360384/958780802139824149/bolideconcept.png",
    "333TopSpeed": 319,
    "3330to60": 2.0,
    "333Handling": 104,
    "666TopSpeed": 320,
    "6660to60": 1.9,
    "666Handling": 108,
    "996TopSpeed": 322,
    "9960to60": 1.8,
    "996Handling": 108,
    "969TopSpeed": 322,
    "9690to60": 1.9,
    "969Handling": 112,
    "699TopSpeed": 320,
    "6990to60": 1.8,
    "699Handling": 112,
    "racehud": "https://media.discordapp.net/attachments/995376525119586356/995804006578393108/bolideconcept.png",
    "creator": "Bnuuy"
}