{
    "rq": 77,
    "make": "Chevrolet",
    "model": "Corvette Z06",
    "modelYear": 2006,
    "country": "US",
    "topSpeed": 199,
    "0to60": 3.7,
    "handling": 89,
    "driveType": "RWD",
    "tyreType": "Performance",
    "tags": [
        "Supercar"
    ],
    "isPrize": false,
    "weight": 1537,
    "gc": "Low",
    "seatCount": 2,
    "bodyStyle": "Coupe",
    "tcs": true,
    "abs": true,
    "enginePos": "Front",
    "fuelType": "Petrol",
    "mra": 84.52,
    "ola": 91,
    "description": "With 505 Ponies under the hood, the golden age of the corvette.",
    "card": "https://media.discordapp.net/attachments/819199720249360384/822048606013882378/ChevroletCorvetteZ06.png",
    "333TopSpeed": 202,
    "3330to60": 3.5,
    "333Handling": 92,
    "666TopSpeed": 204,
    "6660to60": 3.3,
    "666Handling": 95,
    "996TopSpeed": 207,
    "9960to60": 3.1,
    "996Handling": 95,
    "969TopSpeed": 207,
    "9690to60": 3.3,
    "969Handling": 99,
    "699TopSpeed": 204,
    "6990to60": 3.1,
    "699Handling": 99,
    "racehud": "https://media.discordapp.net/attachments/995376525119586356/1017055603383865344/Chevrolet_Corvette_Z06_2006.png",
    "creator": "Havvy"
}