{
    "rq": 18,
    "make": "Cadillac",
    "model": "Cimarron",
    "modelYear": 1982,
    "country": "US",
    "topSpeed": 92,
    "0to60": 14.4,
    "handling": 66,
    "driveType": "FWD",
    "tyreType": "Standard",
    "tags": [],
    "isPrize": false,
    "weight": 1193,
    "gc": "Medium",
    "seatCount": 5,
    "bodyStyle": "Sedan",
    "tcs": false,
    "abs": false,
    "enginePos": "Front",
    "fuelType": "Petrol",
    "mra": 19,
    "ola": 62.73,
    "description": "When Cadillac tried to make a European luxury car.",
    "card": "https://media.discordapp.net/attachments/819199720249360384/819389941795651604/cinammon.png",
    "333TopSpeed": 98,
    "3330to60": 13.7,
    "333Handling": 68,
    "666TopSpeed": 103,
    "6660to60": 13,
    "666Handling": 70,
    "996TopSpeed": 109,
    "9960to60": 12.2,
    "996Handling": 70,
    "969TopSpeed": 109,
    "9690to60": 13,
    "969Handling": 73,
    "699TopSpeed": 103,
    "6990to60": 12.2,
    "699Handling": 73,
    "racehud": "https://media.discordapp.net/attachments/995376525119586356/1003309469721165864/cimarron.jpg",
    "creator": "Keanny"
}