{
    "rq": 46,
    "make": "Chevrolet",
    "model": "Corvette Sport Coupe",
    "modelYear": 1988,
    "country": "US",
    "topSpeed": 154,
    "0to60": 5.6,
    "handling": 78,
    "driveType": "RWD",
    "tyreType": "Performance",
    "tags": ["Silver Screen"],
    "isPrize": false,
    "weight": 1467,
    "gc": "Low",
    "seatCount": 4,
    "bodyStyle": "Coupe",
    "tcs": false,
    "abs": true,
    "enginePos": "Front",
    "fuelType": "Petrol",
    "mra": 52.34,
    "ola": 82.76,
    "description": "Who doesn’t love the 80s?.",
    "card": "https://media.discordapp.net/attachments/819199720249360384/821801806995783680/cate-test.png",
    "333TopSpeed": 157,
    "3330to60": 5.3,
    "333Handling": 81,
    "666TopSpeed": 161,
    "6660to60": 5.0,
    "666Handling": 83,
    "996TopSpeed": 164,
    "9960to60": 4.8,
    "996Handling": 83,
    "969TopSpeed": 164,
    "9690to60": 5.0,
    "969Handling": 87,
    "699TopSpeed": 161,
    "6990to60": 4.8,
    "699Handling": 87,
    "racehud": "https://media.discordapp.net/attachments/995376525119586356/1004762557623574578/Chevrolet-Corvette-Sport-Coupe.png",
    "creator": "Johnny"
}