{
    "rq": 70,
    "make": "Chevrolet",
    "model": "SS",
    "modelYear": 2014,
    "country": "US",
    "topSpeed": 160,
    "0to60": 4.6,
    "handling": 86,
    "driveType": "RWD",
    "tyreType": "Performance",
    "tags": ["Super Sedan", "Muscle Car"],
    "isPrize": false,


    "weight": 1797,
    "gc": "Medium",
    "seatCount": 5,
    "bodyStyle": "Sedan",
    "tcs": true,
    "abs": true,
    "enginePos": "Front",
    "fuelType": "Petrol",
    "mra": 76.66,
    "ola": 82.60,
    "description": "Successor to the G8, the SS was also a rebadged Commodore this time V8 only.",
    "card": "https://media.discordapp.net/attachments/1077292374608326656/1108122433992536084/A.ChevySS.png",
    "racehud": "https://media.discordapp.net/attachments/1077293403668234340/1108122944745521283/ss.png",
    "creator": "Connor",

    "333TopSpeed": 163,
    "3330to60": 4.4,
    "333Handling": 89,

    "666TopSpeed": 167,
    "6660to60": 4.1, 
    "666Handling": 92,

    "996TopSpeed": 170,
    "9960to60": 3.9,
    "996Handling": 92,

    "969TopSpeed": 170,
    "9690to60": 4.1,
    "969Handling": 95,

    "699TopSpeed": 167,
    "6990to60": 3.9,
    "699Handling": 95
}