{
    "rq": 10,
    "make": ["Buick","Opel","Isuzu"],
    "model": "Opel by Isuzu",
    "modelYear": 1976,
    "country": "US",
    "topSpeed": 98,
    "0to60": 13.2,
    "handling": 63,
    "driveType": "RWD",
    "tyreType": "Standard",
    "tags": ["Oddity"],
    "isPrize": false,
    "weight": 975,
    "gc": "Low",
    "seatCount": 4,
    "bodyStyle": "Coupe",
    "tcs": false,
    "abs": false,
    "enginePos": "Front",
    "fuelType": "Petrol",
    "mra": 12,
    "ola": 62.12,
    "description": "Identity crisis intensifies.",
    "card": "https://media.discordapp.net/attachments/819199720249360384/996809959595593778/BuickOpelbyIsuzu.png",
    "333TopSpeed": 103,
    "3330to60": 12.5,
    "333Handling": 65,
    "666TopSpeed": 109,
    "6660to60": 11.9,
    "666Handling": 67,
    "996TopSpeed": 114,
    "9960to60": 11.2,
    "996Handling": 67,
    "969TopSpeed": 114,
    "9690to60": 11.9,
    "969Handling": 70,
    "699TopSpeed": 109,
    "6990to60": 11.2,
    "699Handling": 70,
    "racehud": "https://media.discordapp.net/attachments/995376525119586356/996810566502993920/BuickOpelbyIsuzu.png",
    "creator": "Spence"
}