{
    "rq": 21,
    "make": "Chevrolet",
    "model": "Spark 1.0 LT",
    "modelYear": 2009,
    "country": "US",
    "topSpeed": 97,
    "0to60": 14.5,
    "handling": 71,
    "driveType": "FWD",
    "tyreType": "Standard",
    "tags": [],
    "isPrize": false,


    "weight": 864,
    "gc": "Medium",
    "seatCount": 5,
    "bodyStyle": "Hatchback",
    "tcs": true,
    "abs": true,
    "enginePos": "Front",
    "fuelType": "Petrol",
    "mra": 18.97,
    "ola": 59.31,
    "description": "Spark plugs.",
    "card": "https://media.discordapp.net/attachments/1077292374608326656/1115019935849136258/E.ChevySpark10LS.png",
    "racehud": "https://cdn.discordapp.net/attachments/1077293403668234340/1115024167214010448/Spark10.png",
    "creator": "Connor",

    "333TopSpeed": 102,
    "3330to60": 13.8,
    "333Handling": 73,

    "666TopSpeed": 108,
    "6660to60": 13.1, 
    "666Handling": 76,

    "996TopSpeed": 113,
    "9960to60": 12.3,
    "996Handling": 76,

    "969TopSpeed": 113,
    "9690to60": 13.1,
    "969Handling": 79,

    "699TopSpeed": 108,
    "6990to60": 12.3,
    "699Handling": 79
}