{
    "rq": 58,
    "make": "Caterham",
    "model": "Seven HPC",
    "modelYear": 1990,
    "country": "GB",
    "topSpeed": 120,
    "0to60": 5.2,
    "handling": 91,
    "driveType": "RWD",
    "tyreType": "Performance",
    "tags": [
        "Servers Choice",
        "Track Day","OG"
    ],
    "isPrize": false,
    "weight": 638,
    "gc": "Low",
    "seatCount": 2,
    "bodyStyle": "Open Air",
    "tcs": false,
    "abs": false,
    "enginePos": "Front",
    "fuelType": "Petrol",
    "mra": 44.59,
    "ola": 76.62,
    "description": "MotorSport Magazine called it a 'recreational grin machine for the Good Lord'.",
    "card": "https://media.discordapp.net/attachments/819199720249360384/826701130070884372/image0.png",
    "333TopSpeed": 124,
    "3330to60": 4.9,
    "333Handling": 94,
    "666TopSpeed": 129,
    "6660to60": 4.7,
    "666Handling": 97,
    "996TopSpeed": 133,
    "9960to60": 4.4,
    "996Handling": 97,
    "969TopSpeed": 133,
    "9690to60": 4.7,
    "969Handling": 101,
    "699TopSpeed": 129,
    "6990to60": 4.4,
    "699Handling": 101,
    "racehud": "https://media.discordapp.net/attachments/995376525119586356/1017730358030127114/Cate_Seven_HPC.png",
    "creator": "Havvy"
}