{
    "rq": 16,
    "make": "Chevrolet",
    "model": "Camaro Z/28",
    "modelYear": 1977,
    "country": "US",
    "topSpeed": 105,
    "0to60": 8.6,
    "handling": 67,
    "driveType": "RWD",
    "tyreType": "Performance",
    "tags": ["Muscle Car","Silver Screen"],
    "isPrize": false,
    "weight": 1528,
    "gc": "Low",
    "seatCount": 5,
    "bodyStyle": "Coupe",
    "tcs": false,
    "abs": false,
    "enginePos": "Front",
    "fuelType": "Petrol",
    "mra": 50,
    "ola": 72.09,
    "description": "None.",
    "card": "https://media.discordapp.net/attachments/819199720249360384/821716494357364786/cate-test.png",
    "333TopSpeed": 120,
    "3330to60": 8.2,
    "333Handling": 69,
    "666TopSpeed": 115,
    "6660to60": 7.7,
    "666Handling": 71,
    "996TopSpeed": 120,
    "9960to60": 7.3,
    "996Handling": 71,
    "969TopSpeed": 120,
    "9690to60": 7.7,
    "969Handling": 74,
    "699TopSpeed": 115,
    "6990to60": 7.3,
    "699Handling": 74,
    "racehud": "https://media.discordapp.net/attachments/995376525119586356/1004761907242205254/Chevrolet-Camaro-Z-28-77.png",
    "creator": "Johnny"
}