{
    "rq": 57,
    "make": "Cadillac",
    "model": "Escalade ESV Platinum Sport",
    "modelYear": 2021,
    "country": "US",
    "topSpeed": 120,
    "0to60": 6.0,
    "handling": 64,
    "driveType": "4WD",
    "tyreType": "All-Surface",
    "tags": [],
    "isPrize": false,
    "weight": 2844,
    "gc": "High",
    "seatCount": 7,
    "bodyStyle": "SUV",
    "tcs": true,
    "abs": true,
    "enginePos": "Front",
    "fuelType": "Petrol",
    "mra": 62.11,
    "ola": 76.67,
    "description": "Not as gangster anymore, is it.",
    "card": "https://media.discordapp.net/attachments/819199720249360384/828140031968542730/2021_Cadillac_Escalade_ESV_Big_PP.png",
    "333TopSpeed": 124,
    "3330to60": 5.7,
    "333Handling": 66,
    "666TopSpeed": 129,
    "6660to60": 5.4,
    "666Handling": 68,
    "996TopSpeed": 133,
    "9960to60": 5.1,
    "996Handling": 68,
    "969TopSpeed": 133,
    "9690to60": 5.4,
    "969Handling": 71,
    "699TopSpeed": 129,
    "6990to60": 5.1,
    "699Handling": 71,
    "racehud": "https://media.discordapp.net/attachments/995376525119586356/1020323330684891188/Cadillac_Escalade_ESV_Platinum.png",
    "creator": "DodgeDemon"
}