{
    "rq": 64,
    "make": "BMW",
    "model": "X7 xDrive40i",
    "modelYear": 2019,
    "country": "DE",
    "topSpeed": 151,
    "0to60": 6.0,
    "handling": 73,
    "driveType": "4WD",
    "tyreType": "All-Surface",
    "tags": ["The Tyrol Tour"],
    "isPrize": false,
    
    "weight": 2381,
    "gc": "High",
    "seatCount": 7,
    "bodyStyle": "SUV",
    "tcs": true,
    "abs": true,
    "enginePos": "Front",
    "fuelType": "Petrol",
    "mra": 65.57,
    "ola": 73.58,
    "description": "Entry-level petrol variant with off-road capabilities as you can see on the card.",
    "card": "https://media.discordapp.net/attachments/819199720249360384/1047270164011438171/bmw_x7_xdrive40i.png",
    "racehud": "https://media.discordapp.net/attachments/995376525119586356/1049066810907050144/bmw_x7_xdrive40i_hud.png",
    "creator": "Bnuuy",

"333TopSpeed": 154,
"3330to60": 5.7,
"333Handling": 75,

"666TopSpeed": 158,
"6660to60": 5.4,
"666Handling": 78,

"699TopSpeed": 158,
"6990to60": 5.1,
"699Handling": 81,

"969TopSpeed": 161,
"9690to60": 5.4,
"969Handling": 81,

"996TopSpeed": 161,
"9960to60": 5.1,
"996Handling": 78
}