{
    "rq": 48,
    "make": "Chevrolet",
    "model": "Corvette 427 Stingray",
    "modelYear": 1967,
    "country": "US",
    "topSpeed": 142,
    "0to60": 4.7,
    "handling": 67,
    "driveType": "RWD",
    "tyreType": "Performance",
    "tags": ["Style Icon","Muscle Car","Silver Screen"],
    "isPrize": false,
    "weight": 1423,
    "gc": "Low",
    "seatCount": 2,
    "bodyStyle": "Coupe",
    "tcs": false,
    "abs": false,
    "enginePos": "Front",
    "fuelType": "Petrol",
    "mra": 61.8,
    "ola": 85.11,
    "description": "Fifty years ago this car was the king of General Motors.",
    "card": "https://media.discordapp.net/attachments/819199720249360384/820621658079232000/cate-test.png",
    "333TopSpeed": 146,
    "3330to60": 4.5,
    "333Handling": 69,
    "666TopSpeed": 149,
    "6660to60": 4.2,
    "666Handling": 71,
    "996TopSpeed": 153,
    "9960to60": 4.0,
    "996Handling": 71,
    "969TopSpeed": 153,
    "9690to60": 4.2,
    "969Handling": 74,
    "699TopSpeed": 149,
    "6990to60": 4.0,
    "699Handling": 74,
    "racehud": "https://media.discordapp.net/attachments/995376525119586356/1004762181998481439/Chevrolet-Corvette-427-Stingray.png",
    "creator": "Johnny"
}