{
    "rq": 53,
    "make": "Chevrolet",
    "model": "Colorado ZR2 V6",
    "modelYear": 2017,
    "country": "US",
    "topSpeed": 100,
    "0to60": 7.1,
    "handling": 63,
    "driveType": "4WD",
    "tyreType": "Off-Road",
    "tags": [
        "OG",
        "Servers Choice"
    ],
    "isPrize": false,
    "weight": 2234,
    "gc": "High",
    "seatCount": 5,
    "bodyStyle": "Pickup",
    "tcs": true,
    "abs": true,
    "enginePos": "Front",
    "fuelType": "Petrol",
    "mra": 45.22,
    "ola": 73.24,
    "description": "The Colorado for real men.",
    "card": "https://media.discordapp.net/attachments/819199720249360384/819382840386912266/colorado_zr2_v6.png",
    "333TopSpeed": 105,
    "3330to60": 6.7,
    "333Handling": 65,
    "666TopSpeed": 110,
    "6660to60": 6.4,
    "666Handling": 67,
    "996TopSpeed": 116,
    "9960to60": 6,
    "996Handling": 67,
    "969TopSpeed": 116,
    "9690to60": 6.4,
    "969Handling": 70,
    "699TopSpeed": 110,
    "6990to60": 6,
    "699Handling": 70,
    "racehud": "https://media.discordapp.net/attachments/995376525119586356/1003662210956013638/colorado_zr2.jpg",
    "creator": "Keanny"
}