{
    "rq": 55,
    "make": "Buick",
    "model": "Regal GNX",
    "modelYear": 1987,
    "country": "US",
    "topSpeed": 124,
    "0to60": 4.8,
    "handling": 72,
    "driveType": "RWD",
    "tyreType": "Performance",
    "tags": [
        "Muscle Car",
        "Servers Choice",
        "Style Icon", "Year of the Rabbit","OG"
    ],
    "isPrize": true,
    "weight": 1470,
    "gc": "Medium",
    "seatCount": 5,
    "bodyStyle": "Coupe",
    "tcs": false,
    "abs": false,
    "enginePos": "Front",
    "fuelType": "Petrol",
    "mra": 59.08,
    "ola": 88,
    "description": "Lord Vader, your car is ready.",
    "card": "https://media.discordapp.net/attachments/819199720249360384/819383080258633798/gnx.png",
    "333TopSpeed": 128,
    "3330to60": 4.6,
    "333Handling": 74,
    "666TopSpeed": 132,
    "6660to60": 4.3,
    "666Handling": 77,
    "996TopSpeed": 137,
    "9960to60": 4.1,
    "996Handling": 77,
    "969TopSpeed": 137,
    "9690to60": 4.3,
    "969Handling": 80,
    "699TopSpeed": 132,
    "6990to60": 4.1,
    "699Handling": 80,
    "racehud": "https://media.discordapp.net/attachments/995376525119586356/1003653767398432768/gnx.jpg",
    "creator": "Keanny"
}