{
    "rq": 78,
    "make": "Caterham",
    "model": "Seven CSR 260",
    "modelYear": 2005,
    "country": "GB",
    "topSpeed": 155,
    "0to60": 3.6,
    "handling": 91,
    "driveType": "RWD",
    "tyreType": "Performance",
    "tags": [
        "Track Day","OG"
    ],
    "isPrize": false,
    "weight": 575,
    "gc": "Low",
    "seatCount": 2,
    "bodyStyle": "Open Air",
    "tcs": false,
    "abs": false,
    "enginePos": "Front",
    "fuelType": "Petrol",
    "mra": 65.45,
    "ola": 72.22,
    "description": "The most pimped up Caterham for its time.",
    "card": "https://media.discordapp.net/attachments/819199720249360384/826217562143850496/catecsr260.png",
    "333TopSpeed": 158,
    "3330to60": 3.4,
    "333Handling": 94,
    "666TopSpeed": 162,
    "6660to60": 3.2,
    "666Handling": 97,
    "996TopSpeed": 165,
    "9960to60": 3.1,
    "996Handling": 97,
    "969TopSpeed": 165,
    "9690to60": 3.2,
    "969Handling": 101,
    "699TopSpeed": 162,
    "6990to60": 3.1,
    "699Handling": 101,
    "racehud": "https://media.discordapp.net/attachments/995376525119586356/1016344916420464732/Cate_Seven_CSR_260.png",
    "creator": "DodgeDemon"
}