{
    "rq": 89,
    "make": "Caterham",
    "model": "Seven 620R",
    "modelYear": 2013,
    "country": "GB",
    "topSpeed": 155,
    "0to60": 2.7,
    "handling": 95,
    "driveType": "RWD",
    "tyreType": "Performance",
    "tags": ["Track Day","The Royal Collection"],
    "isPrize": false,
    "weight": 545,
    "gc": "Low",
    "seatCount": 2,
    "bodyStyle": "Open Air",
    "tcs": false,
    "abs": false,
    "enginePos": "Front",
    "fuelType": "Petrol",
    "mra": 71.05,
    "ola": 98.73,
    "description": "Cate.",
    "card": "https://media.discordapp.net/attachments/819199720249360384/848201538564390912/620Rbut89.png",
    "333TopSpeed": 158,
    "3330to60": 2.6,
    "333Handling": 98,
    "666TopSpeed": 162,
    "6660to60": 2.4,
    "666Handling": 101,
    "996TopSpeed": 165,
    "9960to60": 2.3,
    "996Handling": 101,
    "969TopSpeed": 165,
    "9690to60": 2.4,
    "969Handling": 105,
    "699TopSpeed": 162,
    "6990to60": 2.3,
    "699Handling": 105,
    "racehud": "https://media.discordapp.net/attachments/995376525119586356/995980695065350184/cate620R.png",
    "creator": "Bnuuy"
}