{
    "rq": 58,
    "make": "Chevrolet",
    "model": "Camaro SS",
    "modelYear": 2010,
    "country": "US",
    "topSpeed": 155,
    "0to60": 4.7,
    "handling": 81,
    "driveType": "RWD",
    "tyreType": "Performance",
    "tags": [
        "Muscle Car",
        "Silver Screen","OG"
    ],
    "isPrize": false,
    "weight": 1746,
    "gc": "Low",
    "seatCount": 4,
    "bodyStyle": "Coupe",
    "tcs": true,
    "abs": true,
    "enginePos": "Front",
    "fuelType": "Petrol",
    "mra": 79.28,
    "ola": 82.98,
    "description": "'Hey look, it's red Bumblebee!'.",
    "card": "https://media.discordapp.net/attachments/819199720249360384/820742726156156968/ChevroletCamaroSS.png",
    "333TopSpeed": 158,
    "3330to60": 4.5,
    "333Handling": 84,
    "666TopSpeed": 162,
    "6660to60": 4.2,
    "666Handling": 86,
    "996TopSpeed": 165,
    "9960to60": 4.0,
    "996Handling": 86,
    "969TopSpeed": 165,
    "9690to60": 4.2,
    "969Handling": 90,
    "699TopSpeed": 162,
    "6990to60": 4.0,
    "699Handling": 90,
    "racehud": "https://media.discordapp.net/attachments/995376525119586356/1017742492688470056/Chevrolet_Camaro_SS_2010.png",
    "creator": "Havvy"
}