{
    "rq": 57,
    "make": "Chevrolet",
    "model": "Cobalt Coupe SS Turbo",
    "modelYear": 2008,
    "country": "US",
    "topSpeed": 146,
    "0to60": 5.6,
    "handling": 81,
    "driveType": "FWD",
    "tyreType": "Performance",
    "tags": ["Tuner","Street Racer"],
    "isPrize": false,


    "weight": 1351,
    "gc": "Medium",
    "seatCount": 4,
    "bodyStyle": "Coupe",
    "tcs": true,
    "abs": true,
    "enginePos": "Front",
    "fuelType": "Petrol",
    "mra": 71.79,
    "ola": 82.14,
    "description": "And in 08 supercharged was replaced with a turbo and that made it one of the best cheap performance cars in the US.",
    "card": "https://media.discordapp.net/attachments/1077292374608326656/1106241894738051082/B.ChevyCobaltCSST.png",
    "racehud": "https://media.discordapp.net/attachments/1077293403668234340/1106244478349619200/cobaltst.png",
    "creator": "Connor",

    "333TopSpeed": 150,
    "3330to60": 5.3,
    "333Handling": 84,

    "666TopSpeed": 153,
    "6660to60": 5.0, 
    "666Handling": 86,

    "996TopSpeed": 157,
    "9960to60": 4.8,
    "996Handling": 86,

    "969TopSpeed": 157,
    "9690to60": 5.0,
    "969Handling": 90,

    "699TopSpeed": 153,
    "6990to60": 4.8,
    "699Handling": 90
}