{
    "rq": 37,
    "make": "Chevrolet",
    "model": "Tahoe High Country Duramax",
    "modelYear": 2021,
    "country": "US",
    "topSpeed": 112,
    "0to60": 7.8,
    "handling": 48,
    "driveType": "4WD",
    "tyreType": "All-Surface",
    "tags": [],
    "isPrize": false,
    "weight": 2767,
    "gc": "High",
    "seatCount": 7,
    "bodyStyle": "SUV",
    "tcs": true,
    "abs": true,
    "enginePos": "Front",
    "fuelType": "Diesel",
    "mra": 48.15,
    "ola": 57.47,
    "description": "GM's Duramax Diesel meets Chevy's redesigned Tahoe.",
    "card": "https://media.discordapp.net/attachments/819199720249360384/824681793533116426/2021_Chevy_Tahoe_Duramax.png",
    "333TopSpeed": 117,
    "3330to60": 7.4,
    "333Handling": 50,
    "666TopSpeed": 121,
    "6660to60": 7,
    "666Handling": 51,
    "996TopSpeed": 126,
    "9960to60": 6.6,
    "996Handling": 51,
    "969TopSpeed": 126,
    "9690to60": 7,
    "969Handling": 53,
    "699TopSpeed": 121,
    "6990to60": 6.6,
    "699Handling": 53,
    "racehud": "https://cdn.discordapp.com/attachments/1077293403668234340/1095371228216299630/c00303.png",
    "creator": "DodgeDemon"
}