{
    "rq": 82,
    "make": "Ferrari",
    "model": "430 Scuderia",
    "modelYear": 2009,
    "country": "IT",
    "topSpeed": 199,
    "0to60": 3.3,
    "handling": 90,
    "driveType": "RWD",
    "tyreType": "Performance",
    "tags": [
        "Supercar"
    ],
    "isPrize": false,
    "weight": 1429,
    "gc": "Low",
    "seatCount": 2,
    "bodyStyle": "Coupe",
    "tcs": true,
    "abs": true,
    "enginePos": "Middle",
    "fuelType": "Petrol",
    "mra": 82.5,
    "ola": 84.85,
    "description": "Ferrari's F430 goes on a track day.",
    "card": "https://media.discordapp.net/attachments/819199720249360384/821107595074076672/S.Ferrari430Scuderia.png",
    "333TopSpeed": 202,
    "3330to60": 3.1,
    "333Handling": 93,
    "666TopSpeed": 204,
    "6660to60": 3.0,
    "666Handling": 96,
    "996TopSpeed": 207,
    "9960to60": 2.8,
    "996Handling": 96,
    "969TopSpeed": 207,
    "9690to60": 3.0,
    "969Handling": 100,
    "699TopSpeed": 204,
    "6990to60": 2.8,
    "699Handling": 100,
    "racehud": "https://media.discordapp.net/attachments/995376525119586356/1017033385073455204/Ferrari_430_Scuderia.png",
    "creator": "Connor"
}