{
    "rq": 32,
    "make": "Citroen",
    "model": "SM 2.7",
    "modelYear": 1970,
    "country": "FR",
    "topSpeed": 135,
    "0to60": 8.7,
    "handling": 64,
    "driveType": "FWD",
    "tyreType": "Standard",
    "tags": [
        "Oddity",
        "Silver Screen","OG"
    ],
    "isPrize": false,
    "weight": 1450,
    "gc": "Medium",
    "seatCount": 5,
    "bodyStyle": "Coupe",
    "tcs": false,
    "abs": false,
    "enginePos": "Front",
    "fuelType": "Petrol",
    "mra": 56.13,
    "ola": 75.86,
    "description": "A Citroen sportscar that is one of the best 'ears' in the world.",
    "card": "https://media.discordapp.net/attachments/819199720249360384/819904205141704724/SMV6.png",
    "333TopSpeed": 139,
    "3330to60": 8.3,
    "333Handling": 66,
    "666TopSpeed": 143,
    "6660to60": 7.8,
    "666Handling": 68,
    "996TopSpeed": 147,
    "9960to60": 7.4,
    "996Handling": 68,
    "969TopSpeed": 147,
    "9690to60": 7.8,
    "969Handling": 71,
    "699TopSpeed": 143,
    "6990to60": 7.4,
    "699Handling": 71,
    "racehud": "https://media.discordapp.net/attachments/995376525119586356/1043860199720628344/SM.png",
    "creator": "Andu"
}
