{
    "rq": 39,
    "make": "Chrysler",
    "model": "Pacifica Pinnacle AWD",
    "modelYear": 2021,
    "country": "US",
    "topSpeed": 111,
    "0to60": 8.1,
    "handling": 71,
    "driveType": "4WD",
    "tyreType": "Standard",
    "tags": [],
    "isPrize": false,
    "weight": 2262,
    "gc": "Medium",
    "seatCount": 7,
    "bodyStyle": "Commercial",
    "tcs": true,
    "abs": true,
    "enginePos": "Front",
    "fuelType": "Petrol",
    "mra": 77.88,
    "ola": 69.14,
    "description": "",
    "card": "https://media.discordapp.net/attachments/819199720249360384/827286192630005841/Pacifica_Pinnacle_AWD_21.png",
    "333TopSpeed": 116,
    "3330to60": 7.7,
    "333Handling": 73,
    "666TopSpeed": 120,
    "6660to60": 7.3,
    "666Handling": 76,
    "996TopSpeed": 125,
    "9960to60": 6.9,
    "996Handling": 76,
    "969TopSpeed": 125,
    "9690to60": 7.3,
    "969Handling": 79,
    "699TopSpeed": 120,
    "6990to60": 6.9,
    "699Handling": 79,
    "racehud": "https://media.discordapp.net/attachments/995376525119586356/1020346442507878551/Chrysler_Pacifica_Pinnacle_AWD.png",
    "creator": "Macan"
}