{
    "rq": 83,
    "make": "Ferrari",
    "model": "Enzo",
    "modelYear": 2002,
    "country": "IT",
    "topSpeed": 213,
    "0to60": 3.3,
    "handling": 90,
    "driveType": "RWD",
    "tyreType": "Performance",
    "tags": ["Supercar","Ultra Expensive"],
    "isPrize": false,
    "weight": 1480,
    "gc": "Low",
    "seatCount": 2,
    "bodyStyle": "Coupe",
    "tcs": true,
    "abs": true,
    "enginePos": "Rear",
    "fuelType": "Petrol",
    "mra": 94.29,
    "ola": 90.91,
    "description": "Ferrari's final rear mid-engined, naturally aspirated hypercar, the Ferrari Enzo is one of the brand's best ever.",
    "card": "https://media.discordapp.net/attachments/819199720249360384/838136235188289546/ENZO.png",
    "333TopSpeed": 215,
    "3330to60": 3.1,
    "333Handling": 93,
    "666TopSpeed": 218,
    "6660to60": 3.0,
    "666Handling": 96,
    "996TopSpeed": 220,
    "9960to60": 2.8,
    "996Handling": 96,
    "969TopSpeed": 220,
    "9690to60": 3.0,
    "969Handling": 100,
    "699TopSpeed": 218,
    "6990to60": 2.8,
    "699Handling": 100,
    "racehud": "https://media.discordapp.net/attachments/995376525119586356/995993656102240326/enzo.png",
    "creator": "Bnuuy"
}