{
    "rq": 50,
    "make": "Citroen",
    "model": "Xantia Activa V6",
    "modelYear": 1994,
    "country": "FR",
    "topSpeed": 143,
    "0to60": 7.7,
    "handling": 85,
    "driveType": "FWD",
    "tyreType": "Standard",
    "tags": ["OG"],
    "isPrize": false,
    "weight": 1468,
    "gc": "Medium",
    "seatCount": 5,
    "bodyStyle": "Sedan",
    "tcs": false,
    "abs": true,
    "enginePos": "Front",
    "fuelType": "Petrol",
    "mra": 78.57,
    "ola": 85.71,
    "description": "Your best bet for dodging an oncoming moose while driving at high speeds on Swedish roads.",
    "card": "https://media.discordapp.net/attachments/819199720249360384/824739046239895572/Xantia.png",
    "333TopSpeed": 147,
    "3330to60": 7.3,
    "333Handling": 88,
    "666TopSpeed": 150,
    "6660to60": 6.9,
    "666Handling": 91,
    "996TopSpeed": 154,
    "9960to60": 6.5,
    "996Handling": 91,
    "969TopSpeed": 154,
    "9690to60": 6.9,
    "969Handling": 94,
    "699TopSpeed": 150,
    "6990to60": 6.5,
    "699Handling": 94,
    "racehud": "https://cdn.discordapp.com/attachments/1077293403668234340/1095004506749677588/Citroen_Xantia_V6.png",
    "creator": "Havvy"
}