{
    "rq": 71,
    "make": "Ferrari",
    "model": "360 Challenge Stradale",
    "modelYear": 2003,
    "country": "IT",
    "topSpeed": 186,
    "0to60": 4.1,
    "handling": 87,
    "driveType": "RWD",
    "tyreType": "Performance",
    "tags": [
        "Track Day"
    ],
    "isPrize": false,
    "weight": 1280,
    "gc": "Low",
    "seatCount": 2,
    "bodyStyle": "Coupe",
    "tcs": true,
    "abs": true,
    "enginePos": "Middle",
    "fuelType": "Petrol",
    "mra": 68.33,
    "ola": 80.49,
    "description": "The most track-focused 360 that can be driven on the open road.",
    "card": "https://media.discordapp.net/attachments/819199720249360384/846679197870456852/image0.png",
    "333TopSpeed": 189,
    "3330to60": 3.9,
    "333Handling": 90,
    "666TopSpeed": 192,
    "6660to60": 3.7,
    "666Handling": 93,
    "996TopSpeed": 194,
    "9960to60": 3.5,
    "996Handling": 93,
    "969TopSpeed": 194,
    "9690to60": 3.7,
    "969Handling": 97,
    "699TopSpeed": 192,
    "6990to60": 3.5,
    "699Handling": 97,
    "racehud": "https://media.discordapp.net/attachments/995376525119586356/1017039129239887923/Ferrari_360_Challenge_Stradale.png",
    "creator": "Spence"
}