{
    "rq": 55,
    "make": "Dodge",
    "model": "Challenger SRT8",
    "modelYear": 2009,
    "country": "US",
    "topSpeed": 172,
    "0to60": 4.8,
    "handling": 78,
    "driveType": "RWD",
    "tyreType": "Performance",
    "tags": [
        "Muscle Car"
    ],
    "isPrize": false,
    "weight": 1904,
    "gc": "Low",
    "seatCount": 5,
    "bodyStyle": "Coupe",
    "tcs": true,
    "abs": true,
    "enginePos": "Front",
    "fuelType": "Petrol",
    "mra": 75,
    "ola": 87.5,
    "description": "With a striking red color and a boxy shape, it stands out from the other cars.",
    "card": "https://media.discordapp.net/attachments/819199720249360384/826430492567273492/SRT8.png",
    "333TopSpeed": 175,
    "3330to60": 4.6,
    "333Handling": 81,
    "666TopSpeed": 178,
    "6660to60": 4.3,
    "666Handling": 83,
    "996TopSpeed": 181,
    "9960to60": 4.1,
    "996Handling": 83,
    "969TopSpeed": 181,
    "9690to60": 4.3,
    "969Handling": 87,
    "699TopSpeed": 178,
    "6990to60": 4.1,
    "699Handling": 87,
    "racehud": "https://media.discordapp.net/attachments/995376525119586356/1020052208445837342/Dodge_Challenger_SRT8_2009.png",
    "creator": "Spence"
}