{
    "rq": 73,
    "make": "Dodge",
    "model": "Charger SRT Hellcat Widebody",
    "modelYear": 2020,
    "country": "US",
    "topSpeed": 196,
    "0to60": 3.7,
    "handling": 86,
    "driveType": "RWD",
    "tyreType": "Performance",
    "tags": [
        "Muscle Car",
        "Super Sedan",
        "Silver Screen"
    ],
    "isPrize": false,
    "weight": 2080,
    "gc": "Low",
    "seatCount": 4,
    "bodyStyle": "Sedan",
    "tcs": true,
    "abs": true,
    "enginePos": "Front",
    "fuelType": "Petrol",
    "mra": 88.1,
    "ola": 97.3,
    "description": "The W I D E B O I.",
    "card": "https://media.discordapp.net/attachments/819199720249360384/821954038714728478/2020_Dodge_Charger_SRT_Thicc_Cate.png",
    "333TopSpeed": 199,
    "3330to60": 3.5,
    "333Handling": 89,
    "666TopSpeed": 201,
    "6660to60": 3.3,
    "666Handling": 92,
    "996TopSpeed": 204,
    "9960to60": 3.1,
    "996Handling": 92,
    "969TopSpeed": 204,
    "9690to60": 3.3,
    "969Handling": 95,
    "699TopSpeed": 201,
    "6990to60": 3.1,
    "699Handling": 95,
    "racehud": "https://media.discordapp.net/attachments/995376525119586356/1018115520853188659/Dodge_Charger_SRT_Hellcat_Widebody.png",
    "creator": "DodgeDemon"
}