{
    "rq": 87,
    "make": "Enea Casoni",
    "model": "OnlyOne P8",
    "modelYear": 2018,
    "country": "IT",
    "topSpeed": 211,
    "0to60": 3.1,
    "handling": 91,
    "driveType": "RWD",
    "tyreType": "Performance",
    "tags": ["Unique","Ultra Expensive","Track Day","Concept"],
    "isPrize": true,
    "weight": 1200,
    "gc": "Low",
    "seatCount": 2,
    "bodyStyle": "Coupe",
    "tcs": true,
    "abs": true,
    "enginePos": "Middle",
    "fuelType": "Petrol",
    "mra": 93.94,
    "ola": 83.87,
    "description": "As its name suggests, OnlyOne exists.",
    "card": "https://media.discordapp.net/attachments/819199720249360384/851226698733453312/EneaCasoniRacecarfortheroad.png",
    "333TopSpeed": 213,
    "3330to60": 2.9,
    "333Handling": 94,
    "666TopSpeed": 216,
    "6660to60": 2.8,
    "666Handling": 97,
    "996TopSpeed": 218,
    "9960to60": 2.6,
    "996Handling": 97,
    "969TopSpeed": 218,
    "9690to60": 2.8,
    "969Handling": 101,
    "699TopSpeed": 216,
    "6990to60": 2.6,
    "699Handling": 101,
    "racehud": "https://media.discordapp.net/attachments/995376525119586356/995993203889143818/eneacasoni.png",
    "creator": "Bnuuy"
}