{
    "rq": 64,
    "make": [
        "Comptech",
        "Acura"
    ],
    "model": "NSX-T",
    "modelYear": 1999,
    "country": "US",
    "topSpeed": 191,
    "0to60": 4.7,
    "handling": 86,
    "driveType": "RWD",
    "tyreType": "Performance",
    "tags": [
        "Street Racer",
        "Unique", "Year of the Rabbit"
    ],
    "isPrize": true,
    "weight": 1497,
    "gc": "Low",
    "seatCount": 2,
    "bodyStyle": "Convertible",
    "tcs": true,
    "abs": true,
    "enginePos": "Middle",
    "fuelType": "Petrol",
    "mra": 75.81,
    "ola": 89.36,
    "description": "An Acura NSX-T that is a widebodied, supercharged and elevated in terms of spirit.",
    "card": "https://media.discordapp.net/attachments/819199720249360384/848060086382886942/comptech_nsx-t.png",
    "333TopSpeed": 194,
    "3330to60": 4.5,
    "333Handling": 89,
    "666TopSpeed": 196,
    "6660to60": 4.2,
    "666Handling": 92,
    "996TopSpeed": 199,
    "9960to60": 4,
    "996Handling": 92,
    "969TopSpeed": 199,
    "9690to60": 4.2,
    "969Handling": 95,
    "699TopSpeed": 196,
    "6990to60": 4,
    "699Handling": 95,
    "racehud": "https://media.discordapp.net/attachments/995376525119586356/1003163834518880266/comptech_nsx-t.jpg",
    "creator": "Keanny"
}