{  
    "rq": 86,
    "make": "Ferrari",
    "model": "512 S",
    "modelYear": 1970,
    "country": "IT",
    "topSpeed": 211,
    "0to60": 3.1,
    "handling": 92,
    "driveType": "RWD",
    "tyreType": "Slick",
    "tags": ["Unique","Ultra Expensive","Motorsport"],
    "isPrize": false,
    "weight": 868,
    "gc": "Low",
    "seatCount": 1,
    "bodyStyle": "Convertible",
    "tcs": false,
    "abs": false,
    "enginePos": "Rear",
    "fuelType": "Petrol",
    "mra": 106.9,
    "ola": 96.21,
    "description": "Realizzata in soli tre mesi dall Ã©quipe guidata da Mauro Forghieri, montava il motore V12 da quasi 5 litri completamente in lega leggera con quattro valvole per cilindro.",
    "card": "https://cdn.discordapp.com/attachments/1074666970546438184/1074668989642448966/512_s_FOR_CD.png",
    "333TopSpeed": 213,
    "3330to60": 2.9,
    "333Handling": 95,
    "666TopSpeed": 216,
    "6660to60": 2.8,
    "666Handling": 98,
    "996TopSpeed": 218,
    "9960to60": 2.6,
    "996Handling": 98,
    "969TopSpeed": 218,
    "9690to60": 2.8,
    "969Handling": 102,
    "699TopSpeed": 216,
    "6990to60": 2.6,
    "699Handling": 102,
    "racehud": "https://cdn.discordapp.com/attachments/1077293403668234340/1099803821728878653/512_s.png",
    "creator": "Lemon"
}