{
    "rq": 42,
    "make": "Chevrolet",
    "model": "Trailblazer RS AWD",
    "modelYear": 2021,
    "country": "US",
    "topSpeed": 130,
    "0to60": 9.4,
    "handling": 75,
    "driveType": "4WD",
    "tyreType": "Standard",
    "tags": ["OG","Oceanic View"],
    "isPrize": false,
    "weight": 1507,
    "gc": "High",
    "seatCount": 5,
    "bodyStyle": "SUV",
    "tcs": true,
    "abs": true,
    "enginePos": "Front",
    "fuelType": "Petrol",
    "mra": 41.78,
    "ola": 78.72,
    "description": "There once was an ugly SUV, he was so ugly that the game's database died. The end.",
    "card": "https://media.discordapp.net/attachments/819199720249360384/826520581981601812/Trailb.png",
    "333TopSpeed": 134,
    "3330to60": 8.9,
    "333Handling": 77,
    "666TopSpeed": 138,
    "6660to60": 8.5,
    "666Handling": 80,
    "996TopSpeed": 142,
    "9960to60": 8,
    "996Handling": 80,
    "969TopSpeed": 142,
    "9690to60": 8.5,
    "969Handling": 83,
    "699TopSpeed": 138,
    "6990to60": 8,
    "699Handling": 83,
    "racehud": "https://cdn.discordapp.com/attachments/1077293403668234340/1095372714866393249/c00305.png",
    "creator": "Macan"
}