{
    "rq": 32,
    "make": "De Tomaso",
    "model": "Pantera L",
    "modelYear": 1973,
    "country": "IT",
    "topSpeed": 149,
    "0to60": 6.8,
    "handling": 73,
    "driveType": "RWD",
    "tyreType": "Performance",
    "tags": [],
    "isPrize": false,
    "weight": 1454,
    "gc": "Low",
    "seatCount": 2,
    "bodyStyle": "Coupe",
    "tcs": false,
    "abs": false,
    "enginePos": "Middle",
    "fuelType": "Petrol",
    "mra": 75.11,
    "ola": 78.93,
    "description": "A marriage made in heaven between an Italian body and an American engine.",
    "card": "https://media.discordapp.net/attachments/819199720249360384/848059914525474848/de_tomasoo_pantera_l.png",
    "333TopSpeed": 152,
    "3330to60": 6.5,
    "333Handling": 75,
    "666TopSpeed": 156,
    "6660to60": 6.1,
    "666Handling": 78,
    "996TopSpeed": 159,
    "9960to60": 5.8,
    "996Handling": 78,
    "969TopSpeed": 159,
    "9690to60": 6.1,
    "969Handling": 81,
    "699TopSpeed": 156,
    "6990to60": 5.8,
    "699Handling": 81,
    "racehud": "https://media.discordapp.net/attachments/995376525119586356/1003165628493987921/pantera_l.jpg",
    "creator": "Keanny"
}