{
    "rq": 34,
    "make": "Chevrolet",
    "model": "Suburban High Country Duramax",
    "modelYear": 2021,
    "country": "US",
    "topSpeed": 112,
    "0to60": 8.5,
    "handling": 50,
    "driveType": "4WD",
    "tyreType": "All-Surface",
    "tags": [],
    "isPrize": false,
    "weight": 2825,
    "gc": "High",
    "seatCount": 7,
    "bodyStyle": "SUV",
    "tcs": true,
    "abs": true,
    "enginePos": "Front",
    "fuelType": "Diesel",
    "mra": 50,
    "ola": 66.66,
    "description": "Peak Karen vibes.",
    "card": "https://media.discordapp.net/attachments/819199720249360384/825415860897185822/suburbanthjinnigu.png",
    "333TopSpeed": 117,
    "3330to60": 8.1,
    "333Handling": 52,
    "666TopSpeed": 121,
    "6660to60": 7.7,
    "666Handling": 53,
    "996TopSpeed": 126,
    "9960to60": 7.2,
    "996Handling": 53,
    "969TopSpeed": 126,
    "9690to60": 7.7,
    "969Handling": 56,
    "699TopSpeed": 121,
    "6990to60": 7.2,
    "699Handling": 56,
    "racehud": "https://cdn.discordapp.com/attachments/1077293403668234340/1095370483106582588/c00302.png",
    "creator": "DodgeDemon"
}