{
    "rq": 18,
    "make": "Citroen",
    "model": "C1 1.4 HDi 55 Style",
    "modelYear": 2005,
    "country": "FR",
    "topSpeed": 96,
    "0to60": 15.4,
    "handling": 69,
    "driveType": "FWD",
    "tyreType": "Standard",
    "tags": [],
    "isPrize": false,
    "weight": 921,
    "gc": "Medium",
    "seatCount": 4,
    "bodyStyle": "Hatchback",
    "tcs": true,
    "abs": true,
    "enginePos": "Front",
    "fuelType": "Diesel",
    "mra": 25.83,
    "ola": 64.98,
    "description": "A city car that emits a lot of black smoke.",
    "card": "https://media.discordapp.net/attachments/819199720249360384/865584620626771968/citroen_c1_diesel_boi.png",
    "333TopSpeed": 101,
    "3330to60": 14.6,
    "333Handling": 71,
    "666TopSpeed": 107,
    "6660to60": 13.9,
    "666Handling": 74,
    "996TopSpeed": 112,
    "9960to60": 13.1,
    "996Handling": 74,
    "969TopSpeed": 112,
    "9690to60": 13.9,
    "969Handling": 77,
    "699TopSpeed": 107,
    "6990to60": 13.1,
    "699Handling": 77,
    "racehud": "https://media.discordapp.net/attachments/995376525119586356/1003166512925900810/c1_diesel.jpg",
    "creator": "Keanny"
}