{
    "rq": 35,
    "make": "Dodge",
    "model": "Intrepid R/T",
    "modelYear": 2000,
    "country": "US",
    "topSpeed": 139,
    "0to60": 7.8,
    "handling": 73,
    "driveType": "FWD",
    "tyreType": "Performance",
    "tags": [
        "Sleeper"
    ],
    "isPrize": false,
    "weight": 1616,
    "gc": "Medium",
    "seatCount": 5,
    "bodyStyle": "Sedan",
    "tcs": true,
    "abs": true,
    "enginePos": "Front",
    "fuelType": "Petrol",
    "mra": 77.2,
    "ola": 71.79,
    "description": "Supposedly sporty, yet still rather unassuming.",
    "card": "https://media.discordapp.net/attachments/819199720249360384/851581415367639090/intrepid.png",
    "333TopSpeed": 143,
    "3330to60": 7.4,
    "333Handling": 75,
    "666TopSpeed": 146,
    "6660to60": 7,
    "666Handling": 78,
    "996TopSpeed": 150,
    "9960to60": 6.6,
    "996Handling": 78,
    "969TopSpeed": 150,
    "9690to60": 7,
    "969Handling": 81,
    "699TopSpeed": 146,
    "6990to60": 6.6,
    "699Handling": 81,
    "racehud": "https://cdn.discordapp.com/attachments/1077293403668234340/1095379275303096511/c00364.png",
    "creator": "McNuggets"
}