{
    "rq": 58,
    "make": "David Brown",
    "model": "Speedback GT",
    "modelYear": 2014,
    "country": "GB",
    "topSpeed": 155,
    "0to60": 4.6,
    "handling": 80,
    "driveType": "RWD",
    "tyreType": "Performance",
    "tags": ["Grand Tourer","Unique","RestoMod"],
    "isPrize": false,
    "weight": 1920,
    "gc": "Low",
    "seatCount": 4,
    "bodyStyle": "Coupe",
    "tcs": true,
    "abs": true,
    "enginePos": "Front",
    "fuelType": "Petrol",
    "mra": 73.77,
    "ola": 84.44,
    "description": "None.",
    "card": "https://media.discordapp.net/attachments/819199720249360384/855205971264405524/SpeedbackGT.png",
    "333TopSpeed": 158,
    "3330to60": 4.4,
    "333Handling": 83,
    "666TopSpeed": 162,
    "6660to60": 4.1,
    "666Handling": 85,
    "996TopSpeed": 165,
    "9960to60": 3.9,
    "996Handling": 85,
    "969TopSpeed": 165,
    "9690to60": 4.1,
    "969Handling": 89,
    "699TopSpeed": 162,
    "6990to60": 3.9,
    "699Handling": 89,
    "racehud": "https://media.discordapp.net/attachments/995376525119586356/996028000590102558/speedbackgt.png",
    "creator": "Bnuuy"
}