{
    "rq": 44,
    "make": "Ferrari",
    "model": "250 GTO",
    "modelYear": 1962,
    "country": "IT",
    "topSpeed": 174,
    "0to60": 6.0,
    "handling": 74,
    "driveType": "RWD",
    "tyreType": "Performance",
    "tags": ["Motorsport","Ultra Expensive","Unique","Style Icon","Sleeper","Silver Screen"],
    "isPrize": true,
    "weight": 1047,
    "gc": "Low",
    "seatCount": 2,
    "bodyStyle": "Coupe",
    "tcs": false,
    "abs": false,
    "enginePos": "Front",
    "fuelType": "Petrol",
    "mra": 90.91,
    "ola": 86.67,
    "description": "It was born in a tumultuous chapter in Ferrari history and never even won Le Mans. So how did the 250 GTO become a $70 million collectible?",
    "card": "https://media.discordapp.net/attachments/819199720249360384/959824901341073438/ferrari_250_gto_62_for_cd.png",
    "333TopSpeed": 177,
    "3330to60": 5.7,
    "333Handling": 76,
    "666TopSpeed": 180,
    "6660to60": 5.4,
    "666Handling": 79,
    "996TopSpeed": 183,
    "9960to60": 5.1,
    "996Handling": 79,
    "969TopSpeed": 183,
    "9690to60": 5.4,
    "969Handling": 82,
    "699TopSpeed": 180,
    "6990to60": 5.1,
    "699Handling": 82,
    "racehud": "https://media.discordapp.net/attachments/995376525119586356/1001032982351581184/IMG_20220402_083227.png",
    "creator": "Lemon"
}