{
    "rq": 75,
    "make": "Dodge",
    "model": "Charger Scat Pack Widebody",
    "modelYear": 2020,
    "country": "US",
    "topSpeed": 175,
    "0to60": 4.3,
    "handling": 88,
    "driveType": "RWD",
    "tyreType": "Performance",
    "tags": [
        "Muscle Car"
    ],
    "isPrize": false,
    "weight": 1991,
    "gc": "Medium",
    "seatCount": 4,
    "bodyStyle": "Sedan",
    "tcs": true,
    "abs": true,
    "enginePos": "Front",
    "fuelType": "Petrol",
    "mra": 77.59,
    "ola": 80,
    "description": "Not quite a Hellcat.",
    "card": "https://media.discordapp.net/attachments/819199720249360384/826026534736494612/SCATBody.png",
    "333TopSpeed": 178,
    "3330to60": 4.1,
    "333Handling": 91,
    "666TopSpeed": 181,
    "6660to60": 3.9,
    "666Handling": 94,
    "996TopSpeed": 184,
    "9960to60": 3.7,
    "996Handling": 94,
    "969TopSpeed": 184,
    "9690to60": 3.9,
    "969Handling": 98,
    "699TopSpeed": 181,
    "6990to60": 3.7,
    "699Handling": 98,
    "racehud": "https://media.discordapp.net/attachments/995376525119586356/1017524550906421258/Dodge_Charger_Scat_Pack_Widebody.png",
    "creator": "DodgeDemon"
}