{
    "rq": 81,
    "make": "Dodge",
    "model": "Viper ACR",
    "modelYear": 2016,
    "country": "US",
    "topSpeed": 177,
    "0to60": 3.4,
    "handling": 94,
    "driveType": "RWD",
    "tyreType": "Performance",
    "tags": [
        "OG",
        "Track Day",
        "Supercar"
    ],
    "isPrize": false,
    "weight": 1530,
    "gc": "Low",
    "seatCount": 2,
    "bodyStyle": "Coupe",
    "tcs": true,
    "abs": true,
    "enginePos": "Front",
    "fuelType": "Petrol",
    "mra": 84.65,
    "ola": 98.89,
    "description": "A venomous snake that is constantly trying to bite you back.",
    "card": "https://media.discordapp.net/attachments/819199720249360384/834401664362348554/dodge_viper_acr.png",
    "333TopSpeed": 180,
    "3330to60": 3.2,
    "333Handling": 97,
    "666TopSpeed": 183,
    "6660to60": 3.1,
    "666Handling": 100,
    "996TopSpeed": 186,
    "9960to60": 2.9,
    "996Handling": 100,
    "969TopSpeed": 186,
    "9690to60": 3.1,
    "969Handling": 104,
    "699TopSpeed": 183,
    "6990to60": 2.9,
    "699Handling": 104,
    "racehud": "https://media.discordapp.net/attachments/995376525119586356/1003270091330293760/viper_acr.jpg",
    "creator": "Keanny"
}