{
    "rq": 89,
    "make": "Ferrari",
    "model": "599XX",
    "modelYear": 2009,
    "country": "IT",
    "topSpeed": 196,
    "0to60": 2.9,
    "handling": 96,
    "driveType": "RWD",
    "tyreType": "Slick",
    "tags": ["Track Day", "Unique", "Ultra Expensive"],
    "isPrize": false,
    "weight": 1345,
    "gc": "Low",
    "seatCount": 2,
    "bodyStyle": "Coupe",
    "tcs": true,
    "abs": true,
    "enginePos": "Front",
    "fuelType": "Petrol",
    "mra": 103.57,
    "ola": 88.88,
    "description": "The Track-Day Focused 599 which cant be raced without having ferrari at the track.",
    "card": "https://media.discordapp.net/attachments/819199720249360384/834774602440900668/599XX.png",
    "333TopSpeed": 199,
    "3330to60": 2.8,
    "333Handling": 99,
    "666TopSpeed": 201,
    "6660to60": 2.6,
    "666Handling": 102,
    "996TopSpeed": 204,
    "9960to60": 2.5,
    "996Handling": 102,
    "969TopSpeed": 204,
    "9690to60": 2.6,
    "969Handling": 107,
    "699TopSpeed": 201,
    "6990to60": 2.5,
    "699Handling": 107,
    "racehud": "https://media.discordapp.net/attachments/995376525119586356/995688622852411473/599XX.png",
    "creator": "Bnuuy"
}