{
    "rq": 72,
    "make": "Dodge",
    "model": "Challenger SRT Hellcat",
    "modelYear": 2015,
    "country": "US",
    "topSpeed": 199,
    "0to60": 3.7,
    "handling": 83,
    "driveType": "RWD",
    "tyreType": "Performance",
    "tags": [
        "Muscle Car",
        "OG",
        "Silver Screen",
        "Style Icon"
    ],
    "isPrize": false,
    "weight": 1887,
    "gc": "Low",
    "seatCount": 5,
    "bodyStyle": "Coupe",
    "tcs": true,
    "abs": true,
    "enginePos": "Front",
    "fuelType": "Petrol",
    "mra": 90.24,
    "ola": 97.3,
    "description": "The most true American muscle car of the modern times, if we don't count the Accord.",
    "card": "https://media.discordapp.net/attachments/819199720249360384/833278513972903936/dodge_challenger_srt_hellcat.png",
    "333TopSpeed": 202,
    "3330to60": 3.5,
    "333Handling": 86,
    "666TopSpeed": 204,
    "6660to60": 3.3,
    "666Handling": 88,
    "996TopSpeed": 207,
    "9960to60": 3.1,
    "996Handling": 88,
    "969TopSpeed": 207,
    "9690to60": 3.3,
    "969Handling": 92,
    "699TopSpeed": 204,
    "6990to60": 3.1,
    "699Handling": 92,
    "racehud": "https://media.discordapp.net/attachments/995376525119586356/1003271059576991764/challenger_hellcat.jpg",
    "creator": "Keanny"
}