{
    "rq": 25,
    "make": "Daewoo",
    "model": "Lanos SX",
    "modelYear": 1997,
    "country": "KR",
    "topSpeed": 114,
    "0to60": 11.4,
    "handling": 68,
    "driveType": "FWD",
    "tyreType": "Standard",
    "tags": [
        "Rest of The World"
    ],
    "isPrize": false,
    "weight": 1021,
    "gc": "Medium",
    "seatCount": 5,
    "bodyStyle": "Hatchback",
    "tcs": false,
    "abs": true,
    "enginePos": "Front",
    "fuelType": "Petrol",
    "mra": 44.42,
    "ola": 59.91,
    "description": "The second coming of a car that is running and going. Card by Andu",
    "card": "https://media.discordapp.net/attachments/819199720249360384/821332521395552266/DaewooLanossex.png",
    "333TopSpeed": 119,
    "3330to60": 10.8,
    "333Handling": 70,
    "666TopSpeed": 123,
    "6660to60": 10.3,
    "666Handling": 72,
    "996TopSpeed": 128,
    "9960to60": 9.7,
    "996Handling": 72,
    "969TopSpeed": 128,
    "9690to60": 10.3,
    "969Handling": 75,
    "699TopSpeed": 123,
    "6990to60": 9.7,
    "699Handling": 75,
    "racehud": "https://media.discordapp.net/attachments/995376525119586356/1050913929200676874/Lanos.png",
    "creator": "Andu"
}
