{
    "rq": 83,
    "make": [
        "delta4x4",
        "Tesla"
    ],
    "model": "Model 3 Dual Motor Long Range Off-Road Pack",
    "modelYear": 2020,
    "country": "DE",
    "topSpeed": 145,
    "0to60": 4.2,
    "handling": 80,
    "driveType": "4WD",
    "tyreType": "All-Surface",
    "tags": [
        "Eco-Friendly",
        "Tuner"
    ],
    "isPrize": false,
    "weight": 1855,
    "gc": "Medium",
    "seatCount": 5,
    "bodyStyle": "Sedan",
    "tcs": true,
    "abs": true,
    "enginePos": "Mixed",
    "fuelType": "Electric",
    "mra": 77.86,
    "ola": 88.19,
    "description": "A customer wanted to cope better with Norwegian terrain in his Tesla. So delta4x4 built this.",
    "card": "https://media.discordapp.net/attachments/819199720249360384/858544163141582848/delta4x4_model_3.png",
    "333TopSpeed": 149,
    "3330to60": 4,
    "333Handling": 83,
    "666TopSpeed": 152,
    "6660to60": 3.8,
    "666Handling": 85,
    "996TopSpeed": 151,
    "9960to60": 3.6,
    "996Handling": 85,
    "969TopSpeed": 156,
    "9690to60": 3.8,
    "969Handling": 89,
    "699TopSpeed": 152,
    "6990to60": 3.6,
    "699Handling": 89,
    "racehud": "https://media.discordapp.net/attachments/995376525119586356/1002953471403757718/delta4x4.jpg",
    "creator": "Keanny"
}