{
    "rq": 49,
    "make": "Dodge",
    "model": "Challenger R/T",
    "modelYear": 2009,
    "country": "US",
    "topSpeed": 140,
    "0to60": 5.6,
    "handling": 73,
    "driveType": "RWD",
    "tyreType": "Performance",
    "tags": [
        "Muscle Car"
    ],
    "isPrize": false,
    "weight": 1860,
    "gc": "Medium",
    "seatCount": 5,
    "bodyStyle": "Coupe",
    "tcs": true,
    "abs": true,
    "enginePos": "Front",
    "fuelType": "Petrol",
    "mra": 69.14,
    "ola": 78.57,
    "description": "The mid-trim boxy boi.",
    "card": "https://media.discordapp.net/attachments/819199720249360384/825824835791487086/ChallRT.png",
    "333TopSpeed": 144,
    "3330to60": 5.3,
    "333Handling": 75,
    "666TopSpeed": 147,
    "6660to60": 5.0,
    "666Handling": 78,
    "996TopSpeed": 151,
    "9960to60": 4.8,
    "996Handling": 78,
    "969TopSpeed": 151,
    "9690to60": 5.0,
    "969Handling": 81,
    "699TopSpeed": 147,
    "6990to60": 4.8,
    "699Handling": 81,
    "racehud": "https://media.discordapp.net/attachments/995376525119586356/1017028699398361188/Dodge_Challenger_RT_2009.png",
    "creator": "Spence"
}