{
    "rq": 22,
    "make": "Ferrari",
    "model": "166MM Barchetta",
    "modelYear": 1948,
    "country": "IT",
    "topSpeed": 137,
    "0to60": 8.4,
    "handling": 67,
    "driveType": "RWD",
    "tyreType": "Performance",
    "tags": ["Motorsport","Unique","Ultra Expensive"],
    "isPrize": false,
    "weight": 650,
    "gc": "Low",
    "seatCount": 2,
    "bodyStyle": "Open Air",
    "tcs": false,
    "abs": false,
    "enginePos": "Front",
    "fuelType": "Petrol",
    "mra": 68.85,
    "ola": 83.33,
    "description": "The car that established Ferrari as an international racing icon.",
    "card": "https://media.discordapp.net/attachments/819199720249360384/855065409056407552/rari166mmbarcshiter.png",
    "333TopSpeed": 141,
    "3330to60": 8.0,
    "333Handling": 69,
    "666TopSpeed": 145,
    "6660to60": 7.6,
    "666Handling": 71,
    "996TopSpeed": 148,
    "9960to60": 7.1,
    "996Handling": 71,
    "969TopSpeed": 148,
    "9690to60": 7.6,
    "969Handling": 74,
    "699TopSpeed": 145,
    "6990to60": 7.1,
    "699Handling": 74,
    "racehud": "https://media.discordapp.net/attachments/995376525119586356/997535304607092796/166mmrari.png",
    "creator": "Bnuuy"
}