{
    "rq": 37,
    "make": "Chrysler",
    "model": "Pacifica eHybrid Platinum",
    "modelYear": 2017,
    "country": "US",
    "topSpeed": 104,
    "0to60": 7.4,
    "handling": 71,
    "driveType": "FWD",
    "tyreType": "Standard",
    "tags": [
        "Eco-Friendly"
    ],
    "isPrize": false,
    "weight": 2290,
    "gc": "Medium",
    "seatCount": 7,
    "bodyStyle": "Commercial",
    "tcs": true,
    "abs": true,
    "enginePos": "Mixed",
    "fuelType": "Hybrid",
    "mra": 66.67,
    "ola": 86.49,
    "description": "Pacifica! Add eco-friendliness.",
    "card": "https://media.discordapp.net/attachments/819199720249360384/838216314735558726/Pacifica_eHybrid_Platinum_17.png",
    "333TopSpeed": 109,
    "3330to60": 7,
    "333Handling": 73,
    "666TopSpeed": 114,
    "6660to60": 6.7,
    "666Handling": 76,
    "996TopSpeed": 119,
    "9960to60": 6.3,
    "996Handling": 76,
    "969TopSpeed": 119,
    "9690to60": 6.7,
    "969Handling": 79,
    "699TopSpeed": 114,
    "6990to60": 6.3,
    "699Handling": 79,
    "racehud": "https://cdn.discordapp.com/attachments/1077293403668234340/1095375785700888706/c00313.png",
    "creator": "Macan"
}