{
    "rq": 74,
    "make": "Ferrari",
    "model": "California",
    "modelYear": 2009,
    "country": "IT",
    "topSpeed": 193,
    "0to60": 3.7,
    "handling": 86,
    "driveType": "RWD",
    "tyreType": "Performance",
    "tags": [
        "Grand Tourer"
    ],
    "isPrize": false,
    "weight": 1780,
    "gc": "Low",
    "seatCount": 4,
    "bodyStyle": "Convertible",
    "tcs": true,
    "abs": true,
    "enginePos": "Front",
    "fuelType": "Petrol",
    "mra": 74.42,
    "ola": 75,
    "description": "We are not allowed to tell stats- oh wait we already have.",
    "card": "https://media.discordapp.net/attachments/819199720249360384/821162211099279360/FerrariCalifornia.png",
    "333TopSpeed": 196,
    "3330to60": 3.5,
    "333Handling": 89,
    "666TopSpeed": 198,
    "6660to60": 3.3,
    "666Handling": 92,
    "996TopSpeed": 201,
    "9960to60": 3.1,
    "996Handling": 92,
    "969TopSpeed": 201,
    "9690to60": 3.3,
    "969Handling": 95,
    "699TopSpeed": 198,
    "6990to60": 3.1,
    "699Handling": 95,
    "racehud": "https://media.discordapp.net/attachments/995376525119586356/1018174699894755388/Ferrari_California.png",
    "creator": "Havvy"
}