{
    "rq": 49,
    "make": "Donkervoort",
    "model": "D8-150 Audi",
    "modelYear": 1999,
    "country": "NL",
    "topSpeed": 126,
    "0to60": 5.5,
    "handling": 78,
    "driveType": "RWD",
    "tyreType": "Performance",
    "tags": ["Track Day", "Rest of The World", "Year of the Rabbit"],
    "isPrize": false,

    "weight": 630,
    "gc": "Low",
    "seatCount": 2,
    "bodyStyle": "Open Air",
    "tcs": false,
    "abs": false,
    "enginePos": "Front",
    "fuelType": "Petrol",
    "mra": 82.09,
    "ola": 69.09,
    "description": "",
    "card": "https://media.discordapp.net/attachments/819199720249360384/857962915255418950/Donkervoort_D8_150.png",

    "333TopSpeed": 130,
    "3330to60": 5.2,
    "333Handling": 81,

    "666TopSpeed": 134,
    "6660to60": 5.0,
    "666Handling": 83,

    "996TopSpeed": 138,
    "9960to60": 4.7,
    "996Handling": 83,

    "969TopSpeed": 138,
    "9690to60": 5.0,
    "969Handling": 87,

    "699TopSpeed": 134,
    "6990to60": 4.7,
    "699Handling": 87,
    
    "racehud": "https://media.discordapp.net/attachments/995376525119586356/1017028755174215751/Donkervoort_D8_Audi.png",
    "creator": "AK1"
}