{
    "rq": 64,
    "make": "Ferrari",
    "model": "F355 Berlinetta",
    "modelYear": 1995,
    "country": "IT",
    "topSpeed": 179,
    "0to60": 4.6,
    "handling": 86,
    "driveType": "RWD",
    "tyreType": "Performance",
    "tags": [
        "Supercar"
    ],
    "isPrize": false,
    "weight": 1482,
    "gc": "Low",
    "seatCount": 2,
    "bodyStyle": "Coupe",
    "tcs": false,
    "abs": true,
    "enginePos": "Middle",
    "fuelType": "Petrol",
    "mra": 69.69,
    "ola": 84.06,
    "description": "The driver's rari with an engine reliability so bad that it caught on fire.",
    "card": "https://media.discordapp.net/attachments/819199720249360384/845895303570915338/image0.jpg",
    "333TopSpeed": 182,
    "3330to60": 4.4,
    "333Handling": 89,
    "666TopSpeed": 185,
    "6660to60": 4.1,
    "666Handling": 92,
    "996TopSpeed": 188,
    "9960to60": 3.9,
    "996Handling": 92,
    "969TopSpeed": 188,
    "9690to60": 4.1,
    "969Handling": 95,
    "699TopSpeed": 185,
    "6990to60": 3.9,
    "699Handling": 95,
    "racehud": "https://media.discordapp.net/attachments/995376525119586356/1016825007978057798/f355.png",
    "creator": "Spence"
}