{
    "rq": 51,
    "make": "De Tomaso",
    "model": "Pantera GT5",
    "modelYear": 1980,
    "country": "IT",
    "topSpeed": 154,
    "0to60": 5.4,
    "handling": 80,
    "driveType": "RWD",
    "tyreType": "Performance",
    "tags": [
        "Style Icon","OG"
    ],
    "isPrize": true,
    "weight": 1417,
    "gc": "Low",
    "seatCount": 2,
    "bodyStyle": "Coupe",
    "tcs": false,
    "abs": false,
    "enginePos": "Middle",
    "fuelType": "Petrol",
    "mra": 73.29,
    "ola": 74.77,
    "description": "W I D E   P A N T E R A.",
    "card": "https://media.discordapp.net/attachments/819199720249360384/827026378548969482/de_tomaso_pantera_gt5.png",
    "333TopSpeed": 157,
    "3330to60": 5.1,
    "333Handling": 83,
    "666TopSpeed": 161,
    "6660to60": 4.9,
    "666Handling": 85,
    "996TopSpeed": 164,
    "9960to60": 4.6,
    "996Handling": 85,
    "969TopSpeed": 164,
    "9690to60": 4.9,
    "969Handling": 89,
    "699TopSpeed": 161,
    "6990to60": 4.6,
    "699Handling": 89,
    "racehud": "https://media.discordapp.net/attachments/995376525119586356/1003275836515962920/pantera_gt5.jpg",
    "creator": "Keanny"
}