{
    "rq": 72,
    "make": "Ferrari",
    "model": "F40",
    "modelYear": 1989,
    "country": "IT",
    "topSpeed": 197,
    "0to60": 4.3,
    "handling": 89,
    "driveType": "RWD",
    "tyreType": "Performance",
    "tags": [
        "Style Icon",
        "Supercar",
        "Innovative"
    ],
    "isPrize": true,
    "weight": 1369,
    "gc": "Low",
    "seatCount": 2,
    "bodyStyle": "Coupe",
    "tcs": false,
    "abs": false,
    "enginePos": "Middle",
    "fuelType": "Petrol",
    "mra": 107.5,
    "ola": 90.48,
    "description": "Built to beat the 959, the last car Enzo Ferrari launched personally and one of the nicest Ferrari's ever made.",
    "card": "https://media.discordapp.net/attachments/819199720249360384/822214196007141386/cate-test.png",
    "333TopSpeed": 200,
    "3330to60": 4.1,
    "333Handling": 92,
    "666TopSpeed": 202,
    "6660to60": 3.9,
    "666Handling": 95,
    "996TopSpeed": 205,
    "9960to60": 3.7,
    "996Handling": 95,
    "969TopSpeed": 205,
    "9690to60": 3.9,
    "969Handling": 99,
    "699TopSpeed": 202,
    "6990to60": 3.7,
    "699Handling": 99,
    "racehud": "https://media.discordapp.net/attachments/995376525119586356/1004764682466377728/Ferrari-F40.png",
    "creator": "Johnny"
}