{
    "rq": 70,
    "make": "Dodge",
    "model": "Viper GTS",
    "modelYear": 1996,
    "country": "US",
    "topSpeed": 181,
    "0to60": 4.2,
    "handling": 88,
    "driveType": "RWD",
    "tyreType": "Performance",
    "tags": [
        "Supercar",
        "Style Icon"
    ],
    "isPrize": false,
    "weight": 1531,
    "gc": "Low",
    "seatCount": 2,
    "bodyStyle": "Coupe",
    "tcs": false,
    "abs": false,
    "enginePos": "Front",
    "fuelType": "Petrol",
    "mra": 90.32,
    "ola": 80.95,
    "description": "A tamer Viper in comparison to the 1992 Viper with the introduction of a double bubble hardtop.",
    "card": "https://media.discordapp.net/attachments/819199720249360384/841174513194500106/image0.jpg",
    "333TopSpeed": 184,
    "3330to60": 4.0,
    "333Handling": 91,
    "666TopSpeed": 187,
    "6660to60": 3.8,
    "666Handling": 94,
    "969TopSpeed": 190,
    "9690to60": 3.8,
    "969Handling": 98,
    "996TopSpeed": 190,
    "9960to60": 3.6,
    "996Handling": 94,
    "699TopSpeed": 187,
    "6990to60": 3.6,
    "699Handling": 98,
    "racehud": "https://media.discordapp.net/attachments/995376525119586356/1018262135534530702/Dodge_Viper_GTS_1996.png",
    "creator": "Spence"
}