{
    "rq": 13,
    "make": "Chevrolet",
    "model": "Vega GT",
    "modelYear": 1975,
    "country": "US",
    "topSpeed": 90,
    "0to60": 15.7,
    "handling": 67,
    "driveType": "RWD",
    "tyreType": "Standard",
    "tags": ["Year of the Rabbit"],
    "isPrize": false,
    "weight": 1030,
    "gc": "Medium",
    "seatCount": 4,
    "bodyStyle": "Coupe",
    "tcs": false,
    "abs": false,
    "enginePos": "Front",
    "fuelType": "Petrol",
    "mra": 10,
    "ola": 72.61,
    "description": "One of the worst GM cars.",
    "card": "https://media.discordapp.net/attachments/819199720249360384/865597705493282846/F.ChevyVegaGT.png",
    "333TopSpeed": 96,
    "3330to60": 14.9,
    "333Handling": 69,
    "666TopSpeed": 102,
    "6660to60": 14.1,
    "666Handling": 71,
    "996TopSpeed": 107,
    "9960to60": 13.3,
    "996Handling": 71,
    "969TopSpeed": 107,
    "9690to60": 14.1,
    "969Handling": 74,
    "699TopSpeed": 102,
    "6990to60": 13.3,
    "699Handling": 74,
    "racehud": "https://media.discordapp.net/attachments/995376525119586356/1035865896385773609/vega.jpg",
    "creator": "Connor"
}