{
    "rq": 70,
    "make": "Cizeta",
    "model": "Moroder V16T Prototype",
    "modelYear": 1989,
    "country": "IT",
    "topSpeed": 204,
    "0to60": 4.1,
    "handling": 86,
    "driveType": "RWD",
    "tyreType": "Performance",
    "tags": [
        "Innovative",
        "Supercar",
        "Unique"
    ],
    "isPrize": true,
    "weight": 1700,
    "gc": "Low",
    "seatCount": 2,
    "bodyStyle": "Coupe",
    "tcs": false,
    "abs": false,
    "enginePos": "Front",
    "fuelType": "Petrol",
    "mra": 77.36,
    "ola": 85.43,
    "description": "Bold in terms of performance, design, and mechanism. A supercar packing all the dreams of a mature driver, completed with double popups because yes.",
    "card": "https://media.discordapp.net/attachments/819199720249360384/825827272455094302/Cizeta_Morouder_V16T_goes_brrr.png",
    "333TopSpeed": 207,
    "3330to60": 3.9,
    "333Handling": 89,
    "666TopSpeed": 209,
    "6660to60": 3.7,
    "666Handling": 92,
    "996TopSpeed": 212,
    "9960to60": 3.5,
    "996Handling": 92,
    "969TopSpeed": 212,
    "9690to60": 3.7,
    "969Handling": 95,
    "699TopSpeed": 209,
    "6990to60": 3.5,
    "699Handling": 95,
    "racehud": "https://media.discordapp.net/attachments/995376525119586356/1018169571963842601/Cizeta_Moroder_V16T.png",
    "creator": "Based"
}