{
    "rq": 26,
    "make": "De Tomaso",
    "model": "Mangusta",
    "modelYear": 1967,
    "country": "IT",
    "topSpeed": 155,
    "0to60": 7.4,
    "handling": 70,
    "driveType": "RWD",
    "tyreType": "Performance",
    "tags": [],
    "isPrize": false,
    "weight": 1300,
    "gc": "Low",
    "seatCount": 2,
    "bodyStyle": "Coupe",
    "tcs": false,
    "abs": false,
    "enginePos": "Middle",
    "fuelType": "Petrol",
    "mra": 45.96,
    "ola": 78.38,
    "description": "A rare import in the USA.",
    "card": "https://media.discordapp.net/attachments/819199720249360384/826420138986176563/detomato.png",
    "333TopSpeed": 158,
    "3330to60": 7.0,
    "333Handling": 72,
    "666TopSpeed": 162,
    "6660to60": 6.7,
    "666Handling": 75,
    "996TopSpeed": 165,
    "9960to60": 6.3,
    "996Handling": 75,
    "969TopSpeed": 165,
    "9690to60": 6.7,
    "969Handling": 78,
    "699TopSpeed": 162,
    "6990to60": 6.3,
    "699Handling": 78,
    "racehud": "https://media.discordapp.net/attachments/995376525119586356/1051413622569574430/De_Tomaso_Mangusta.png",
    "creator": "DodgeDemon"
}