{
    "rq": 79,
    "make": "Dodge",
    "model": "Viper SRT10 Competition Coupe",
    "modelYear": 2003,
    "country": "US",
    "topSpeed": 173,
    "0to60": 3.4,
    "handling": 94,
    "driveType": "RWD",
    "tyreType": "Slick",
    "tags": [
        "Motorsport"
    ],
    "isPrize": false,
    "weight": 1402,
    "gc": "Low",
    "seatCount": 1,
    "bodyStyle": "Coupe",
    "tcs": false,
    "abs": false,
    "enginePos": "Front",
    "fuelType": "Petrol",
    "mra": 85,
    "ola": 94.12,
    "description": "The next best thing to being airborne.",
    "card": "https://media.discordapp.net/attachments/819199720249360384/838469377808400424/Dodge-Viper-SRT10-Competition-Coupe-V2.png",
    "333TopSpeed": 176,
    "3330to60": 3.2,
    "333Handling": 97,
    "666TopSpeed": 179,
    "6660to60": 3.1,
    "666Handling": 100,
    "996TopSpeed": 182,
    "9960to60": 2.9,
    "996Handling": 100,
    "969TopSpeed": 182,
    "9690to60": 3.1,
    "969Handling": 104,
    "699TopSpeed": 179,
    "6990to60": 2.9,
    "699Handling": 104,
    "racehud": "https://media.discordapp.net/attachments/995376525119586356/1004764325082304592/Dodge-Viper-SRT10-Competition-Coupe.png",
    "creator": "Johnny"
}