{
    "rq": 94,
    "make": "Ferrari",
    "model": "599XX Evoluzione",
    "modelYear": 2012,
    "country": "IT",
    "topSpeed": 231,
    "0to60": 2.8,
    "handling": 98,
    "driveType": "RWD",
    "tyreType": "Slick",
    "tags": ["Track Day","Ultra Expensive","Unique"],
    "isPrize": true,
    "weight": 1365,
    "gc": "Low",
    "seatCount": 2,
    "bodyStyle": "Coupe",
    "tcs": true,
    "abs": true,
    "enginePos": "Front",
    "fuelType": "Petrol",
    "mra": 103.7,
    "ola": 80,
    "description": "The ultimate Ferrari Track-Day 599, want to own one? thats 2.3million euros please.",
    "card": "https://media.discordapp.net/attachments/819199720249360384/834774686105600010/599xxevo.png",
    "333TopSpeed": 233,
    "3330to60": 2.7,
    "333Handling": 101,
    "666TopSpeed": 236,
    "6660to60": 2.5,
    "666Handling": 104,
    "996TopSpeed": 238,
    "9960to60": 2.4,
    "996Handling": 104,
    "969TopSpeed": 238,
    "9690to60": 2.5,
    "969Handling": 109,
    "699TopSpeed": 236,
    "6990to60": 2.4,
    "699Handling": 109,
    "racehud": "https://media.discordapp.net/attachments/995376525119586356/995994185310150686/599xxxevo.png",
    "creator": "Bnuuy"
}