{
    "rq": 78,
    "make": "Devon",
    "model": "GTX",
    "modelYear": 2009,
    "country": "US",
    "topSpeed": 200,
    "0to60": 3.3,
    "handling": 87,
    "driveType": "RWD",
    "tyreType": "Performance",
    "tags": [
        "Supercar",
        "Unique"
    ],
    "isPrize": true,
    "weight": 1570,
    "gc": "Low",
    "seatCount": 2,
    "bodyStyle": "Coupe",
    "tcs": false,
    "abs": true,
    "enginePos": "Front",
    "fuelType": "Petrol",
    "mra": 73.33,
    "ola": 96.97,
    "description": "A Failure of a car.",
    "card": "https://media.discordapp.net/attachments/819199720249360384/850291368541552640/image0.jpg",
    "333TopSpeed": 203,
    "3330to60": 3.1,
    "333Handling": 90,
    "666TopSpeed": 205,
    "6660to60": 3.0,
    "666Handling": 93,
    "996TopSpeed": 208,
    "9960to60": 2.8,
    "996Handling": 93,
    "969TopSpeed": 208,
    "9690to60": 3.0,
    "969Handling": 97,
    "699TopSpeed": 205,
    "6990to60": 2.8,
    "699Handling": 97,
    "racehud": "https://media.discordapp.net/attachments/995376525119586356/1000903845129502801/devongtx.png",
    "creator": "AGE"
}