{
    "rq": 26,
    "make": [
        "Datsun",
        "Nissan"
    ],
    "model": "240Z",
    "modelYear": 1969,
    "country": "JP",
    "topSpeed": 120,
    "0to60": 8.6,
    "handling": 69,
    "driveType": "RWD",
    "tyreType": "Performance",
    "tags": [
        "Servers Choice",
        "Style Icon",
        "Innovative",
        "Street Racer",
        "Silver Screen","OG"
    ],
    "isPrize": false,
    "weight": 1068,
    "gc": "Medium",
    "seatCount": 2,
    "bodyStyle": "Coupe",
    "tcs": false,
    "abs": false,
    "enginePos": "Front",
    "fuelType": "Petrol",
    "mra": 52.12,
    "ola": 67.71,
    "description": "The original Z.",
    "card": "https://media.discordapp.net/attachments/819199720249360384/832837953264287804/datsun_240z.png",
    "333TopSpeed": 124,
    "3330to60": 8.2,
    "333Handling": 71,
    "666TopSpeed": 129,
    "6660to60": 7.7,
    "666Handling": 74,
    "996TopSpeed": 133,
    "9960to60": 7.3,
    "996Handling": 74,
    "969TopSpeed": 133,
    "9690to60": 7.7,
    "969Handling": 77,
    "699TopSpeed": 129,
    "6990to60": 7.3,
    "699Handling": 77,
    "racehud": "https://media.discordapp.net/attachments/995376525119586356/1003262461752914022/240z.jpg",
    "creator": "Keanny"
}