{
    "rq": 83,
    "make": "Ferrari",
    "model": "458 Italia",
    "modelYear": 2010,
    "country": "IT",
    "topSpeed": 205,
    "0to60": 3.2,
    "handling": 90,
    "driveType": "RWD",
    "tyreType": "Performance",
    "tags": ["Supercar","Style Icon","Silver Screen"],
    "isPrize": false,
    "weight": 1485,
    "gc": "Low",
    "seatCount": 2,
    "bodyStyle": "Coupe",
    "tcs": true,
    "abs": true,
    "enginePos": "Middle",
    "fuelType": "Petrol",
    "mra": 88.89,
    "ola": 93.75,
    "description": "Pretty looks and daily practicality.",
    "card": "https://media.discordapp.net/attachments/819199720249360384/838136154733412413/458Italia.png",
    "333TopSpeed": 208,
    "3330to60": 3.0,
    "333Handling": 93,
    "666TopSpeed": 210,
    "6660to60": 2.9,
    "666Handling": 96,
    "996TopSpeed": 213,
    "9960to60": 2.7,
    "996Handling": 96,
    "969TopSpeed": 213,
    "9690to60": 2.9,
    "969Handling": 100,
    "699TopSpeed": 210,
    "6990to60": 2.7,
    "699Handling": 100,
    "racehud": "https://media.discordapp.net/attachments/995376525119586356/995993485280825364/458italia.png",
    "creator": "Bnuuy"
}