{
    "rq": 48,
    "make": [
        "Comptech",
        "Acura"
    ],
    "model": "CL Type-S",
    "modelYear": 2003,
    "country": "US",
    "topSpeed": 146,
    "0to60": 5.7,
    "handling": 80,
    "driveType": "FWD",
    "tyreType": "Performance",
    "tags": [
        "Tuner",
        "Street Racer",
        "Sleeper"
    ],
    "isPrize": false,
    "weight": 1578,
    "gc": "Low",
    "seatCount": 2,
    "bodyStyle": "Coupe",
    "tcs": true,
    "abs": true,
    "enginePos": "Front",
    "fuelType": "Petrol",
    "mra": 76,
    "ola": 88.43,
    "description": "What happens when you throw an additional 100 horsepower at a CL via a supercharger? An Acura that could've dispatched muscle cars of the time.",
    "card": "https://media.discordapp.net/attachments/819199720249360384/820437730605400124/comptech_cl.png",
    "333TopSpeed": 150,
    "3330to60": 5.4,
    "333Handling": 83,
    "666TopSpeed": 153,
    "6660to60": 5.1,
    "666Handling": 85,
    "996TopSpeed": 157,
    "9960to60": 4.8,
    "996Handling": 85,
    "969TopSpeed": 157,
    "9690to60": 5.1,
    "969Handling": 89,
    "699TopSpeed": 153,
    "6990to60": 4.8,
    "699Handling": 89,
    "racehud": "https://media.discordapp.net/attachments/995376525119586356/1017159305453117490/Comptech_CL.png",
    "creator": "McNuggets"
}