{
    "rq": 86,
    "make": "Ferrari",
    "model": "812 Superfast",
    "modelYear": 2019,
    "country": "IT",
    "topSpeed": 212,
    "0to60": 3.0,
    "handling": 91,
    "driveType": "RWD",
    "tyreType": "Performance",
    "tags": ["Supercar","Grand Tourer"],
    "isPrize": false,
    "weight": 1705,
    "gc": "Low",
    "seatCount": 2,
    "bodyStyle": "Coupe",
    "tcs": true,
    "abs": true,
    "enginePos": "Front",
    "fuelType": "Petrol",
    "mra": 100,
    "ola": 100,
    "description": "Not as fast as a Bugatti or a Koenigsegg but it still lives up to its name.",
    "card": "https://media.discordapp.net/attachments/819199720249360384/852895448016224356/S.Ferrari812Superfast.png",
    "333TopSpeed": 214,
    "3330to60": 2.9,
    "333Handling": 94,
    "666TopSpeed": 217,
    "6660to60": 2.7,
    "666Handling": 97,
    "996TopSpeed": 219,
    "9960to60": 2.6,
    "996Handling": 97,
    "969TopSpeed": 219,
    "9690to60": 2.7,
    "969Handling": 101,
    "699TopSpeed": 217,
    "6990to60": 2.6,
    "699Handling": 101,
    "racehud": "https://media.discordapp.net/attachments/995376525119586356/995763124407898192/ferrari812.png",
    "creator": "Connor"
}