{
    "rq": 36,
    "make": "Chrysler",
    "model": "200 Limited FWD",
    "modelYear": 2015,
    "country": "US",
    "topSpeed": 118,
    "0to60": 8.5,
    "handling": 73,
    "driveType": "FWD",
    "tyreType": "Standard",
    "tags": [],
    "isPrize": false,
    "weight": 1575,
    "gc": "Medium",
    "seatCount": 5,
    "bodyStyle": "Sedan",
    "tcs": true,
    "abs": true,
    "enginePos": "Front",
    "fuelType": "Petrol",
    "mra": 51.83,
    "ola": 88.66,
    "description": "Card by Macan.",
    "card": "https://media.discordapp.net/attachments/819199720249360384/824672841793404928/200Lim.png",
    "333TopSpeed": 122,
    "3330to60": 8.1,
    "333Handling": 75,
    "666TopSpeed": 127,
    "6660to60": 7.7,
    "666Handling": 78,
    "996TopSpeed": 131,
    "9960to60": 7.2,
    "996Handling": 78,
    "969TopSpeed": 131,
    "9690to60": 7.7,
    "969Handling": 81,
    "699TopSpeed": 127,
    "6990to60": 7.2,
    "699Handling": 81,
    "racehud": "https://media.discordapp.net/attachments/995376525119586356/1043869480335446118/200Lim.png",
    "creator": "Andu"
}
