{
    "rq": 35,
    "make": "Citroen",
    "model": "XM 3.0 V6",
    "modelYear": 1989,
    "country": "FR",
    "topSpeed": 134,
    "0to60": 9.3,
    "handling": 72,
    "driveType": "FWD",
    "tyreType": "Standard",
    "tags": [],
    "isPrize": false,
    "weight": 1505,
    "gc": "Medium",
    "seatCount": 5,
    "bodyStyle": "Hatchback",
    "tcs": true,
    "abs": true,
    "enginePos": "Front",
    "fuelType": "Petrol",
    "mra": 64.88,
    "ola": 71.22,
    "description": "Citroen ready for the 90s. Card by Andu",
    "card": "https://media.discordapp.net/attachments/819199720249360384/819903513396117504/XMV6.png",
    "333TopSpeed": 138,
    "3330to60": 8.8,
    "333Handling": 74,
    "666TopSpeed": 142,
    "6660to60": 8.4,
    "666Handling": 77,
    "996TopSpeed": 146,
    "9960to60": 7.9,
    "996Handling": 77,
    "969TopSpeed": 146,
    "9690to60": 8.4,
    "969Handling": 80,
    "699TopSpeed": 142,
    "6990to60": 7.9,
    "699Handling": 80,
    "racehud": "https://media.discordapp.net/attachments/995376525119586356/1050984941443350608/XM.png",
    "creator": "Andu"
}
