{
    "rq": 62,
    "make": ["Cobb Tuning", "Ford"],
    "model": "Focus ST",
    "modelYear": 2013,
    "country": "US",
    "topSpeed": 155,
    "0to60": 5.5,
    "handling": 87,
    "driveType": "FWD",
    "tyreType": "Performance",
    "tags": [
        "Hot Hatch",
        "Tuner"
    ],
    "isPrize": false,
    "weight": 1460,
    "gc": "Medium",
    "seatCount": 5,
    "bodyStyle": "Hatchback",
    "tcs": true,
    "abs": true,
    "enginePos": "Front",
    "fuelType": "Petrol",
    "mra": 66.27,
    "ola": 98.06,
    "description": "bb car bb car bb car bb car bb car.",
    "card": "https://media.discordapp.net/attachments/819199720249360384/819390409901342790/cobb_tuning_focus.png",
    "333TopSpeed": 158,
    "3330to60": 5.2,
    "333Handling": 90,
    "666TopSpeed": 162,
    "6660to60": 5,
    "666Handling": 93,
    "996TopSpeed": 165,
    "9960to60": 4.7,
    "996Handling": 93,
    "969TopSpeed": 165,
    "9690to60": 5,
    "969Handling": 97,
    "699TopSpeed": 162,
    "6990to60": 4.7,
    "699Handling": 97,
    "racehud": "https://media.discordapp.net/attachments/995376525119586356/1003309156079501382/cobb_focus.jpg",
    "creator": "Keanny"
}