{
    "rq": 58,
    "make": "Dodge",
    "model": "Charger SRT8",
    "modelYear": 2012,
    "country": "US",
    "topSpeed": 175,
    "0to60": 4.5,
    "handling": 78,
    "driveType": "RWD",
    "tyreType": "Performance",
    "tags": [
        "Muscle Car",
        "Super Sedan",
        "Silver Screen"
    ],
    "isPrize": false,
    "weight": 1990,
    "gc": "Low",
    "seatCount": 5,
    "bodyStyle": "Sedan",
    "tcs": true,
    "abs": true,
    "enginePos": "Front",
    "fuelType": "Petrol",
    "mra": 68.18,
    "ola": 84.44,
    "description": "The sports sedan that wanted to be (and actually became) a muscle car.",
    "card": "https://media.discordapp.net/attachments/819199720249360384/849311980329500762/Dodge_Charger_SRT_8_2012.png",
    "333TopSpeed": 178,
    "3330to60": 4.3,
    "333Handling": 81,
    "666TopSpeed": 181,
    "6660to60": 4.1,
    "666Handling": 83,
    "996TopSpeed": 184,
    "9960to60": 3.8,
    "996Handling": 83,
    "969TopSpeed": 184,
    "9690to60": 4.1,
    "969Handling": 87,
    "699TopSpeed": 181,
    "6990to60": 3.8,
    "699Handling": 87,
    "racehud": "https://cdn.discordapp.com/attachments/1077293403668234340/1095036930539933777/Dodge_Charger_SRT8.png",
    "creator": "AK1"
}