{
    "rq": 53,
    "make": "Chrysler",
    "model": "200S AWD",
    "modelYear": 2015,
    "country": "US",
    "topSpeed": 121,
    "0to60": 6.2,
    "handling": 73,
    "driveType": "4WD",
    "tyreType": "Standard",
    "tags": [],
    "isPrize": false,
    "weight": 1729,
    "gc": "Medium",
    "seatCount": 5,
    "bodyStyle": "Sedan",
    "tcs": true,
    "abs": true,
    "enginePos": "Front",
    "fuelType": "Petrol",
    "mra": 67.39,
    "ola": 78,
    "description": "",
    "card": "https://media.discordapp.net/attachments/819199720249360384/826370682149011466/200S_AWD_15.png",
    "333TopSpeed": 125,
    "3330to60": 5.9,
    "333Handling": 75,
    "666TopSpeed": 130,
    "6660to60": 5.6,
    "666Handling": 78,
    "996TopSpeed": 134,
    "9960to60": 5.3,
    "996Handling": 78,
    "969TopSpeed": 134,
    "9690to60": 5.6,
    "969Handling": 81,
    "699TopSpeed": 130,
    "6990to60": 5.3,
    "699Handling": 81,
    "racehud": "https://media.discordapp.net/attachments/995376525119586356/1020011875255197706/Chrysler_200S_AWD.png",
    "creator": "Macan"
}