{
    "rq": 51,
    "make": "De Tomaso",
    "model": "Pantera GT5-S",
    "modelYear": 1984,
    "country": "IT",
    "topSpeed": 165,
    "0to60": 5.4,
    "handling": 80,
    "driveType": "RWD",
    "tyreType": "Performance",
    "tags": [],
    "isPrize": false,
    "weight": 1460,
    "gc": "Low",
    "seatCount": 2,
    "bodyStyle": "Coupe",
    "tcs": false,
    "abs": false,
    "enginePos": "Middle",
    "fuelType": "Petrol",
    "mra": 70.13,
    "ola": 85.19,
    "description": "The widebody kit on the GT5 has blended in to the body for the GT5-S. Both cars are pretty much identical otherwise.",
    "card": "https://media.discordapp.net/attachments/819199720249360384/848059846842122280/de_tomaso_pantera_gt5-s.png",
    "333TopSpeed": 168,
    "3330to60": 5.1,
    "333Handling": 83,
    "666TopSpeed": 171,
    "6660to60": 4.9,
    "666Handling": 85,
    "996TopSpeed": 174,
    "9960to60": 4.6,
    "996Handling": 85,
    "969TopSpeed": 174,
    "9690to60": 4.9,
    "969Handling": 89,
    "699TopSpeed": 171,
    "6990to60": 4.6,
    "699Handling": 89,
    "racehud": "https://media.discordapp.net/attachments/995376525119586356/1003165696114556938/pantera_gt5-s.jpg",
    "creator": "Keanny"
}