{
    "rq": 24,
    "make": "Citroen",
    "model": "C1 1.0i Style",
    "modelYear": 2009,
    "country": "FR",
    "topSpeed": 98,
    "0to60": 12.9,
    "handling": 72,
    "driveType": "FWD",
    "tyreType": "Standard",
    "tags": [],
    "isPrize": false,
    "weight": 848,
    "gc": "Medium",
    "seatCount": 4,
    "bodyStyle": "Hatchback",
    "tcs": true,
    "abs": true,
    "enginePos": "Front",
    "fuelType": "Petrol",
    "mra": 28.6,
    "ola": 62.38,
    "description": "Cute lil French city car.",
    "card": "https://media.discordapp.net/attachments/819199720249360384/865584660143013898/citroen_c1_style.png",
    "333TopSpeed": 103,
    "3330to60": 12.3,
    "333Handling": 74,
    "666TopSpeed": 109,
    "6660to60": 11.6,
    "666Handling": 77,
    "996TopSpeed": 114,
    "9960to60": 11,
    "996Handling": 77,
    "969TopSpeed": 114,
    "9690to60": 11.6,
    "969Handling": 80,
    "699TopSpeed": 109,
    "6990to60": 11,
    "699Handling": 80,
    "racehud": "https://media.discordapp.net/attachments/995376525119586356/1003166485730050080/c1_style.jpg",
    "creator": "Keanny"
}