{
    "rq": 60,
    "make": "Dodge",
    "model": "Challenger SRT8 392",
    "modelYear": 2011,
    "country": "US",
    "topSpeed": 175,
    "0to60": 4.5,
    "handling": 81,
    "driveType": "RWD",
    "tyreType": "Performance",
    "tags": [
        "Muscle Car", "Year of the Rabbit"
    ],
    "isPrize": false,
    "weight": 1891,
    "gc": "Low",
    "seatCount": 2,
    "bodyStyle": "Coupe",
    "tcs": true,
    "abs": true,
    "enginePos": "Front",
    "fuelType": "Petrol",
    "mra": 73.17,
    "ola": 91.11,
    "description": "SRT8 by with mo powa baby.",
    "card": "https://media.discordapp.net/attachments/819199720249360384/844629578026975282/image0.png",
    "333TopSpeed": 178,
    "3330to60": 4.3,
    "333Handling": 84,
    "666TopSpeed": 181,
    "6660to60": 4.1,
    "666Handling": 86,
    "996TopSpeed": 184,
    "9960to60": 3.8,
    "996Handling": 86,
    "969TopSpeed": 184,
    "9690to60": 4.1,
    "969Handling": 90,
    "699TopSpeed": 181,
    "6990to60": 3.8,
    "699Handling": 90,
    "racehud": "https://cdn.discordapp.com/attachments/1077293403668234340/1095060587769245898/Dodge_Challenger_SRT8_392.png",
    "creator": "Spence"
}