{
    "rq": 31,
    "make": "Chrysler",
    "model": "Conquest TSi",
    "modelYear": 1986,
    "country": "US",
    "topSpeed": 127,
    "0to60": 7.8,
    "handling": 72,
    "driveType": "RWD",
    "tyreType": "Performance",
    "tags": [],
    "isPrize": false,
    "weight": 1378,
    "gc": "Medium",
    "seatCount": 4,
    "bodyStyle": "Coupe",
    "tcs": false,
    "abs": true,
    "enginePos": "Front",
    "fuelType": "Petrol",
    "mra": 55.32,
    "ola": 74.36,
    "description": "The Conquest, which is definitely not a rebadged Japanese sports car (sarcasm alert), was America's answer to the rise of Japanese sports cars, and it would beat the (insert Japanese text) out of them.",
    "card": "https://media.discordapp.net/attachments/819199720249360384/856532840311947294/chrysler_conquest_tsi.png",
    "333TopSpeed": 131,
    "3330to60": 7.4,
    "333Handling": 74,
    "666TopSpeed": 135,
    "6660to60": 7,
    "666Handling": 77,
    "996TopSpeed": 139,
    "9960to60": 6.6,
    "996Handling": 77,
    "969TopSpeed": 139,
    "9690to60": 7,
    "969Handling": 80,
    "699TopSpeed": 135,
    "6990to60": 6.6,
    "699Handling": 80,
    "racehud": "https://media.discordapp.net/attachments/995376525119586356/1003164602370113576/chrysler_conquest.jpg",
    "creator": "Keanny"
}