{
    "rq": 59,
    "make": "Dodge",
    "model": "Challenger Concept",
    "modelYear": 2006,
    "country": "US",
    "topSpeed": 174,
    "0to60": 4.5,
    "handling": 79,
    "driveType": "RWD",
    "tyreType": "Performance",
    "tags": ["Concept","Muscle Car","Unique"],
    "isPrize": false,
    "weight": 1850,
    "gc": "Low",
    "seatCount": 4,
    "bodyStyle": "Coupe",
    "tcs": true,
    "abs": true,
    "enginePos": "Front",
    "fuelType": "Petrol",
    "mra": 75,
    "ola": 97.78,
    "description": "Challenge the Challenger",
    "card": "https://media.discordapp.net/attachments/819199720249360384/850408949248688168/challengerconceptthingy.png",
    "333TopSpeed": 177,
    "3330to60": 4.3,
    "333Handling": 82,
    "666TopSpeed": 180,
    "6660to60": 4.1,
    "666Handling": 84,
    "996TopSpeed": 183,
    "9960to60": 3.8,
    "996Handling": 84,
    "969TopSpeed": 183,
    "9690to60": 4.1,
    "969Handling": 88,
    "699TopSpeed": 180,
    "6990to60": 3.8,
    "699Handling": 88,
    "racehud": "https://media.discordapp.net/attachments/995376525119586356/995821237030891550/challengerconcept.png",
    "creator": "Bnuuy"
}