{
    "rq": 78,
    "make": "Dodge",
    "model": "SRT Viper",
    "modelYear": 2013,
    "country": "US",
    "topSpeed": 206,
    "0to60": 3.7,
    "handling": 91,
    "driveType": "RWD",
    "tyreType": "Performance",
    "tags": [
        "Supercar",
        "Style Icon","OG"
    ],
    "isPrize": false,
    "weight": 1490,
    "gc": "Low",
    "seatCount": 2,
    "bodyStyle": "Coupe",
    "tcs": true,
    "abs": true,
    "enginePos": "Front",
    "fuelType": "Petrol",
    "mra": 85.05,
    "ola": 108.84,
    "description": "The latest generation Viper sold under the SRT name.",
    "card": "https://media.discordapp.net/attachments/819199720249360384/834395834186989598/srt_viper.png",
    "333TopSpeed": 209,
    "3330to60": 3.5,
    "333Handling": 94,
    "666TopSpeed": 211,
    "6660to60": 3.3,
    "666Handling": 97,
    "996TopSpeed": 214,
    "9960to60": 3.1,
    "996Handling": 97,
    "969TopSpeed": 214,
    "9690to60": 3.3,
    "969Handling": 101,
    "699TopSpeed": 211,
    "6990to60": 3.1,
    "699Handling": 101,
    "racehud": "https://media.discordapp.net/attachments/995376525119586356/1003270125178322964/srt_viper.jpg",
    "creator": "Keanny"
}