{
    "rq": 22,
    "make": "Citroen",
    "model": "DS 23 Pallas",
    "modelYear": 1974,
    "country": "FR",
    "topSpeed": 111,
    "0to60": 10.9,
    "handling": 64,
    "driveType": "FWD",
    "tyreType": "Standard",
    "tags": ["Innovative","Style Icon"],
    "isPrize": false,
    "weight": 1330,
    "gc": "Medium",
    "seatCount": 4,
    "bodyStyle": "Sedan",
    "tcs": false,
    "abs": false,
    "enginePos": "Front",
    "fuelType": "Petrol",
    "mra": 36.33,
    "ola": 66.06,
    "description": "This is regarded as one of the most influential cates ever made.",
    "card": "https://media.discordapp.net/attachments/819199720249360384/852280553813049374/image0.png",
    "333TopSpeed": 116,
    "3330to60": 10.4,
    "333Handling": 66,
    "666TopSpeed": 120,
    "6660to60": 9.8,
    "666Handling": 68,
    "996TopSpeed": 125,
    "9960to60": 9.3,
    "996Handling": 68,
    "969TopSpeed": 125,
    "9690to60": 9.8,
    "969Handling": 71,
    "699TopSpeed": 120,
    "6990to60": 9.3,
    "699Handling": 71,
    "racehud": "https://media.discordapp.net/attachments/995376525119586356/997867128541696061/CitroenDS23Pallas.png",
    "creator": "Spence"
}