{
    "rq": 83,
    "make": "Ferrari",
    "model": "599 GTB Fiorano",
    "modelYear": 2006,
    "country": "IT",
    "topSpeed": 205,
    "0to60": 3.3,
    "handling": 91,
    "driveType": "RWD",
    "tyreType": "Performance",
    "tags": ["Supercar"],
    "isPrize": false,
    "weight": 1700,
    "gc": "Low",
    "seatCount": 2,
    "bodyStyle": "Coupe",
    "tcs": true,
    "abs": true,
    "enginePos": "Front",
    "fuelType": "Petrol",
    "mra": 86.84,
    "ola": 72.73,
    "description": "One of the Fastest Ferrari's For its time, trading blows with the Enzo.",
    "card": "https://media.discordapp.net/attachments/819199720249360384/834774523818672188/599GTBFiorano.png",
    "333TopSpeed": 208,
    "3330to60": 3.1,
    "333Handling": 94,
    "666TopSpeed": 210,
    "6660to60": 3.0,
    "666Handling": 97,
    "996TopSpeed": 213,
    "9960to60": 2.8,
    "996Handling": 97,
    "969TopSpeed": 213,
    "9690to60": 3.0,
    "969Handling": 101,
    "699TopSpeed": 210,
    "6990to60": 2.8,
    "699Handling": 101,
    "racehud": "https://media.discordapp.net/attachments/995376525119586356/995994533907144714/599GTB.png",
    "creator": "Bnuuy"
}