{
    "rq": 48,
    "make": "Dodge",
    "model": "Challenger GT AWD",
    "modelYear": 2017,
    "country": "US",
    "topSpeed": 131,
    "0to60": 6.3,
    "handling": 77,
    "driveType": "4WD",
    "tyreType": "Performance",
    "tags": [
        "Muscle Car"
    ],
    "isPrize": false,
    "weight": 1861,
    "gc": "Medium",
    "seatCount": 5,
    "bodyStyle": "Coupe",
    "tcs": true,
    "abs": true,
    "enginePos": "Front",
    "fuelType": "Petrol",
    "mra": 63,
    "ola": 82.54,
    "description": "",
    "card": "https://media.discordapp.net/attachments/819199720249360384/848322455286186014/challenger.png",
    "333TopSpeed": 135,
    "3330to60": 6.0,
    "333Handling": 80,
    "666TopSpeed": 139,
    "6660to60": 5.7,
    "666Handling": 82,
    "996TopSpeed": 143,
    "9960to60": 5.4,
    "996Handling": 82,
    "969TopSpeed": 143,
    "9690to60": 5.7,
    "969Handling": 85,
    "699TopSpeed": 139,
    "6990to60": 5.4,
    "699Handling": 85,
    "racehud": "https://media.discordapp.net/attachments/995376525119586356/1017159339896746155/Dodge_Challenger_GT_AWD.png",
    "creator": "McNuggets"
}