{
    "rq": 41,
    "make": "Chrysler",
    "model": "Valiant Charger R/T E49",
    "modelYear": 1972,
    "country": "AU",
    "topSpeed": 139,
    "0to60": 6.1,
    "handling": 67,
    "driveType": "RWD",
    "tyreType": "Performance",
    "tags": [
        "Rest of The World",
        "Muscle Car"
    ],
    "isPrize": false,
    "weight": 1375,
    "gc": "Medium",
    "seatCount": 4,
    "bodyStyle": "Coupe",
    "tcs": false,
    "abs": false,
    "enginePos": "Front",
    "fuelType": "Petrol",
    "mra": 76.35,
    "ola": 91.8,
    "description": "None.",
    "card": "https://media.discordapp.net/attachments/819199720249360384/822153741464895548/cate-test.png",
    "333TopSpeed": 143,
    "3330to60": 5.8,
    "333Handling": 69,
    "666TopSpeed": 146,
    "6660to60": 5.5,
    "666Handling": 71,
    "996TopSpeed": 150,
    "9960to60": 5.2,
    "996Handling": 71,
    "969TopSpeed": 150,
    "9690to60": 5.5,
    "969Handling": 74,
    "699TopSpeed": 146,
    "6990to60": 5.2,
    "699Handling": 74,
    "racehud": "https://media.discordapp.net/attachments/995376525119586356/1004763594052874420/Chrysler-Valiant-Charger-RT-E49.png",
    "creator": "Johnny"
}