{
    "rq": 44,
    "make": "Dodge",
    "model": "Charger R/T 440",
    "modelYear": 1969,
    "country": "US",
    "topSpeed": 131,
    "0to60": 5.7,
    "handling": 67,
    "driveType": "RWD",
    "tyreType": "Performance",
    "tags": [
        "Muscle Car",
        "Silver Screen",
        "Style Icon",
        "Servers Choice","OG"
    ],
    "isPrize": false,
    "weight": 1639,
    "gc": "Medium",
    "seatCount": 5,
    "bodyStyle": "Coupe",
    "tcs": false,
    "abs": false,
    "enginePos": "Front",
    "fuelType": "Petrol",
    "mra": 64.77,
    "ola": 73.68,
    "description": "The ultra-popular model of the 1st generation Charger, powered by a 440 ci Magnum V8.",
    "card": "https://media.discordapp.net/attachments/819199720249360384/825824887532683334/Charger.png",
    "333TopSpeed": 135,
    "3330to60": 5.4,
    "333Handling": 69,
    "666TopSpeed": 139,
    "6660to60": 5.1,
    "666Handling": 71,
    "996TopSpeed": 143,
    "9960to60": 4.8,
    "996Handling": 71,
    "969TopSpeed": 143,
    "9690to60": 5.1,
    "969Handling": 74,
    "699TopSpeed": 139,
    "6990to60": 4.8,
    "699Handling": 74,
    "racehud": "https://cdn.discordapp.com/attachments/1077293403668234340/1095378323351281834/c00355.png",
    "creator": "DodgeDemon"
}