{
    "rq": 92,
    "make": "Ferrari",
    "model": "FXX",
    "modelYear": 2005,
    "country": "IT",
    "topSpeed": 214,
    "0to60": 2.8,
    "handling": 96,
    "driveType": "RWD",
    "tyreType": "Slick",
    "tags": ["Ultra Expensive","Unique","Track Day"],
    "isPrize": false,
    "weight": 1155,
    "gc": "Low",
    "seatCount": 2,
    "bodyStyle": "Coupe",
    "tcs": true,
    "abs": true,
    "enginePos": "Rear",
    "fuelType": "Petrol",
    "mra": 100,
    "ola": 85.77,
    "description": "None.",
    "card": "https://media.discordapp.net/attachments/819199720249360384/856545200934486046/FXX05.png",
    "333TopSpeed": 216,
    "3330to60": 2.7,
    "333Handling": 99,
    "666TopSpeed": 219,
    "6660to60": 2.5,
    "666Handling": 102,
    "996TopSpeed": 221,
    "9960to60": 2.4,
    "996Handling": 102,
    "969TopSpeed": 221,
    "9690to60": 2.5,
    "969Handling": 107,
    "699TopSpeed": 219,
    "6990to60": 2.4,
    "699Handling": 107,
    "racehud": "https://media.discordapp.net/attachments/995376525119586356/995995030093316116/fxx.png",
    "creator": "Bnuuy"
}