{
    "rq": 91,
    "make": "Dodge",
    "model": "Challenger SRT Demon",
    "modelYear": 2018,
    "country": "US",
    "topSpeed": 203,
    "0to60": 2.3,
    "handling": 90,
    "driveType": "RWD",
    "tyreType": "Performance",
    "tags": [
        "Muscle Car",
        "Silver Screen",
        "Supercar","OG"
    ],
    "isPrize": false,
    "weight": 1941,
    "gc": "Low",
    "seatCount": 2,
    "bodyStyle": "Coupe",
    "tcs": true,
    "abs": true,
    "enginePos": "Front",
    "fuelType": "Petrol",
    "mra": 82.14,
    "ola": 86.96,
    "description": "*(proceeds to wheelie off the production line)*",
    "card": "https://media.discordapp.net/attachments/819199720249360384/819422978386296832/2018_Dodge_Challenger_SRT_Demon.png",
    "333TopSpeed": 206,
    "3330to60": 2.2,
    "333Handling": 93,
    "666TopSpeed": 208,
    "6660to60": 2.1,
    "666Handling": 96,
    "996TopSpeed": 211,
    "9960to60": 2.0,
    "996Handling": 96,
    "969TopSpeed": 211,
    "9690to60": 2.1,
    "969Handling": 100,
    "699TopSpeed": 208,
    "6990to60": 2.0,
    "699Handling": 100,
    "racehud": "https://media.discordapp.net/attachments/995376525119586356/1017878645651546132/Dodge_Challenger_SRT_Demon.png",
    "creator": "DodgeDemon"
}