{
    "rq": 92,
    "make": "Ferrari",
    "model": "488 Pista",
    "modelYear": 2018,
    "country": "IT",
    "topSpeed": 211,
    "0to60": 2.7,
    "handling": 93,
    "driveType": "RWD",
    "tyreType": "Performance",
    "tags": [
        "Supercar",
        "Track Day"
    ],
    "isPrize": false,
    "weight": 1500,
    "gc": "Low",
    "seatCount": 2,
    "bodyStyle": "Coupe",
    "tcs": true,
    "abs": true,
    "enginePos": "Middle",
    "fuelType": "Petrol",
    "mra": 108,
    "ola": 88.89,
    "description": "Ferrari's ultimate supercar.",
    "card": "https://media.discordapp.net/attachments/819199720249360384/824683546618101770/pista.png",
    "333TopSpeed": 213,
    "3330to60": 2.6,
    "333Handling": 96,
    "666TopSpeed": 216,
    "6660to60": 2.4,
    "666Handling": 99,
    "996TopSpeed": 218,
    "9960to60": 2.3,
    "996Handling": 99,
    "969TopSpeed": 218,
    "9690to60": 2.4,
    "969Handling": 103,
    "699TopSpeed": 216,
    "6990to60": 2.3,
    "699Handling": 103,
    "racehud": "https://media.discordapp.net/attachments/995376525119586356/1017877851355230340/Ferrari_488_Pista.png",
    "creator": "DodgeDemon"
}