{
    "rq": 83,
    "make": [
        "Drive eO",
        "Tesla"
    ],
    "model": "PP02",
    "modelYear": 2014,
    "country": "LV",
    "topSpeed": 147,
    "0to60": 2.9,
    "handling": 91,
    "driveType": "RWD",
    "tyreType": "Performance",
    "tags": [
        "Eco-Friendly",
        "Motorsport", "Rest of The World"
    ],
    "isPrize": false,
    "weight": 1060,
    "gc": "Low",
    "seatCount": 1,
    "bodyStyle": "Convertible",
    "tcs": true,
    "abs": true,
    "enginePos": "Middle",
    "fuelType": "Electric",
    "mra": 60.42,
    "ola": 96.55,
    "description": "Tesla makes its first appearance in the international motorsport spotlight in 2014, when a Latvian racing team brought a race-prepped Tesla Roadster to the 4-kilometer mountain. Despite outputting 360kW, Janis Horelikis was only able to pilot the car up to fifth place in a time of 12:57.536 while a Honda Fit EV came first.",
    "card": "https://media.discordapp.net/attachments/819199720249360384/848059389264527360/drive_eo_pp02.png",
    "333TopSpeed": 151,
    "3330to60": 2.8,
    "333Handling": 94,
    "666TopSpeed": 154,
    "6660to60": 2.6,
    "666Handling": 97,
    "996TopSpeed": 158,
    "9960to60": 2.5,
    "996Handling": 97,
    "969TopSpeed": 158,
    "9690to60": 2.6,
    "969Handling": 101,
    "699TopSpeed": 154,
    "6990to60": 2.5,
    "699Handling": 101,
    "racehud": "https://media.discordapp.net/attachments/995376525119586356/1002951946963009566/drive_eo.jpg",
    "creator": "Keanny"
}