{
    "rq": 45,
    "make": "De Tomaso",
    "model": "Pantera GTS",
    "modelYear": 1972,
    "country": "IT",
    "topSpeed": 167,
    "0to60": 5.8,
    "handling": 77,
    "driveType": "RWD",
    "tyreType": "Performance",
    "tags": [
        "Motorsport"
    ],
    "isPrize": false,
    "weight": 1382,
    "gc": "Low",
    "seatCount": 2,
    "bodyStyle": "Coupe",
    "tcs": false,
    "abs": false,
    "enginePos": "Middle",
    "fuelType": "Petrol",
    "mra": 71.6,
    "ola": 89.06,
    "description": "Built for Group 3 racing, the GTS looks sportier than ever and packs a bigger punch.",
    "card": "https://media.discordapp.net/attachments/819199720249360384/848059883605458964/de_tomaso_pantera_gts.png",
    "333TopSpeed": 170,
    "3330to60": 5.5,
    "333Handling": 80,
    "666TopSpeed": 173,
    "6660to60": 5.2,
    "666Handling": 82,
    "996TopSpeed": 176,
    "9960to60": 4.9,
    "996Handling": 82,
    "969TopSpeed": 176,
    "9690to60": 5.2,
    "969Handling": 85,
    "699TopSpeed": 173,
    "6990to60": 4.9,
    "699Handling": 85,
    "racehud": "https://media.discordapp.net/attachments/995376525119586356/1003165661507354634/pantera_gts.jpg",
    "creator": "Keanny"
}