{
    "rq": 49,
    "make": "Dodge",
    "model": "Avenger Heat 3.6 V6",
    "modelYear": 2011,
    "country": "US",
    "topSpeed": 119,
    "0to60": 6.3,
    "handling": 74,
    "driveType": "FWD",
    "tyreType": "Standard",
    "tags": ["Year of the Rabbit"],
    "isPrize": false,
    "weight": 1626,
    "gc": "Medium",
    "seatCount": 5,
    "bodyStyle": "Sedan",
    "tcs": true,
    "abs": true,
    "enginePos": "Front",
    "fuelType": "Petrol",
    "mra": 51,
    "ola": 82.54,
    "description": "Everyone's least favorite rental car gets a V6 that sounds like a GT-R's when straight piped.",
    "card": "https://media.discordapp.net/attachments/819199720249360384/840384404450705408/avenger.png",
    "333TopSpeed": 123,
    "3330to60": 6.0,
    "333Handling": 76,
    "666TopSpeed": 128,
    "6660to60": 5.7,
    "666Handling": 79,
    "996TopSpeed": 132,
    "9960to60": 5.4,
    "996Handling": 79,
    "969TopSpeed": 132,
    "9690to60": 5.7,
    "969Handling": 82,
    "699TopSpeed": 128,
    "6990to60": 5.4,
    "699Handling": 82,
    "racehud": "https://media.discordapp.net/attachments/995376525119586356/1017028525762543646/Dodge_Avenger_Heat.png",
    "creator": "McNuggets"
}