{
    "rq": 85,
    "make": "Ferrari",
    "model": "599 GTO",
    "modelYear": 2010,
    "country": "IT",
    "topSpeed": 208,
    "0to60": 3.2,
    "handling": 92,
    "driveType": "RWD",
    "tyreType": "Performance",
    "tags": ["Supercar"],
    "isPrize": false,
    "weight": 1605,
    "gc": "Low",
    "seatCount": 2,
    "bodyStyle": "Coupe",
    "tcs": true,
    "abs": true,
    "enginePos": "Front",
    "fuelType": "Petrol",
    "mra": 94.12,
    "ola": 78.88,
    "description": "The Italians went crazy and tuned up the already superfast 599.",
    "card": "https://media.discordapp.net/attachments/819199720249360384/834774560632733757/599GTO.png",
    "333TopSpeed": 211,
    "3330to60": 3.0,
    "333Handling": 95,
    "666TopSpeed": 213,
    "6660to60": 2.9,
    "666Handling": 98,
    "996TopSpeed": 216,
    "9960to60": 2.7,
    "996Handling": 98,
    "969TopSpeed": 216,
    "9690to60": 2.9,
    "969Handling": 102,
    "699TopSpeed": 213,
    "6990to60": 2.7,
    "699Handling": 102,
    "racehud": "https://media.discordapp.net/attachments/995376525119586356/996023894047723611/rari599GTO.png",
    "creator": "Bnuuy"
}