{
    "rq": 48,
    "make": "Dodge",
    "model": "Nitro R/T 4x4",
    "modelYear": 2007,
    "country": "US",
    "topSpeed": 114,
    "0to60": 6.9,
    "handling": 59,
    "driveType": "4WD",
    "tyreType": "All-Surface",
    "tags": [
        "Servers Choice","OG"
    ],
    "isPrize": false,
    "weight": 1888,
    "gc": "High",
    "seatCount": 5,
    "bodyStyle": "SUV",
    "tcs": true,
    "abs": true,
    "enginePos": "Front",
    "fuelType": "Petrol",
    "mra": 53.49,
    "ola": 78.26,
    "description": "A tamed Jeep renowned for having shit handling.",
    "card": "https://media.discordapp.net/attachments/819199720249360384/819383596820594739/nitro.png",
    "333TopSpeed": 119,
    "3330to60": 6.6,
    "333Handling": 61,
    "666TopSpeed": 123,
    "6660to60": 6.2,
    "666Handling": 63,
    "996TopSpeed": 128,
    "9960to60": 5.9,
    "996Handling": 63,
    "969TopSpeed": 128,
    "9690to60": 6.2,
    "969Handling": 65,
    "699TopSpeed": 123,
    "6990to60": 5.9,
    "699Handling": 65,
    "racehud": "https://media.discordapp.net/attachments/995376525119586356/1003653430960717995/nitro.jpg",
    "creator": "Keanny"
}