{
    "rq": 65,
    "make": "Ferrari",
    "model": "360 Modena",
    "modelYear": 1999,
    "country": "IT",
    "topSpeed": 181,
    "0to60": 4.3,
    "handling": 82,
    "driveType": "RWD",
    "tyreType": "Performance",
    "tags": ["Supercar","Silver Screen", "Year of the Rabbit"],
    "isPrize": false,
    "weight": 1493,
    "gc": "Low",
    "seatCount": 2,
    "bodyStyle": "Coupe",
    "tcs": true,
    "abs": true,
    "enginePos": "Middle",
    "fuelType": "Petrol",
    "mra": 72.38,
    "ola": 87.86,
    "description": "A cleansheet for ferrari to style future cars on.",
    "card": "https://media.discordapp.net/attachments/819199720249360384/823515804418572329/Ferrari360Modena.png",
    "333TopSpeed": 184,
    "3330to60": 4.1,
    "333Handling": 85,
    "666TopSpeed": 187,
    "6660to60": 3.9,
    "666Handling": 87,
    "996TopSpeed": 190,
    "9960to60": 3.7,
    "996Handling": 87,
    "969TopSpeed": 190,
    "9690to60": 3.9,
    "969Handling": 91,
    "699TopSpeed": 187,
    "6990to60": 3.7,
    "699Handling": 91,
    "racehud": "https://media.discordapp.net/attachments/995376525119586356/1018087377278873651/Ferrari_360_Modena.png",
    "creator": "Havvy"
}