{
    "rq": 27,
    "make": "Dacia",
    "model": "Sandero 1.6 MPI",
    "modelYear": 2008,
    "country": "RO",
    "topSpeed": 108,
    "0to60": 11.0,
    "handling": 73,
    "driveType": "FWD",
    "tyreType": "Standard",
    "tags": [
        "Rest of The World"
    ],
    "isPrize": false,
    "weight": 1036,
    "gc": "Medium",
    "seatCount": 5,
    "bodyStyle": "Hatchback",
    "tcs": true,
    "abs": true,
    "enginePos": "Front",
    "fuelType": "Petrol",
    "mra": 13.12,
    "ola": 70.9,
    "description": "GOOD NEWS!",
    "card": "https://media.discordapp.net/attachments/819199720249360384/837480006389202955/image0.jpg",
    "333TopSpeed": 113,
    "3330to60": 10.5,
    "333Handling": 75,
    "666TopSpeed": 118,
    "6660to60": 9.9,
    "666Handling": 78,
    "996TopSpeed": 122,
    "9960to60": 9.4,
    "996Handling": 78,
    "969TopSpeed": 122,
    "9690to60": 9.9,
    "969Handling": 81,
    "699TopSpeed": 118,
    "6990to60": 9.4,
    "699Handling": 81,
    "racehud": "https://media.discordapp.net/attachments/995376525119586356/1023530923221856276/Dacia_Sandero_MPI.png",
    "creator": "Spence"
}