{
    "rq": 55,
    "make": ["Dodge", "Ram"],
    "model": "Ram SRT-10 Quad Cab",
    "modelYear": 2004,
    "country": "US",
    "topSpeed": 147,
    "0to60": 5.1,
    "handling": 75,
    "driveType": "RWD",
    "tyreType": "Performance",
    "tags": ["Sleeper", "Muscle Car"],
    "isPrize": false,
	
    "weight": 2472,
    "gc": "Medium",
    "seatCount": 6,
    "bodyStyle": "Pickup",
    "tcs": false,
    "abs": true,
    "enginePos": "Front",
    "fuelType": "Petrol",
    "mra": 71.63,
    "ola": 81.82,
    "description": "Viper in the front and five friends along for the ride, what could possibly go wrong?",
    "card": "https://media.discordapp.net/attachments/1077292374608326656/1085600578354290708/Ram_SRT-10_Quad_Cab_2004.png",
	"racehud": "https://media.discordapp.net/attachments/1077293403668234340/1085608042667720834/Ram_SRT-10_Quad_Cab_2004_Hud.png",
    "creator": "DodgeDemon",

"333TopSpeed": 151,
"3330to60": 4.8,
"333Handling": 77,

"666TopSpeed": 154,
"6660to60": 4.6,
"666Handling": 80,

"699TopSpeed": 154,
"6990to60": 4.3,
"699Handling": 83,

"969TopSpeed": 158,
"9690to60": 4.6,
"969Handling": 83,

"996TopSpeed": 158,
"9960to60": 4.3,
"996Handling": 80
}