{
    "rq": 39,
    "make": "De Tomaso",
    "model": "Pantera",
    "modelYear": 1971,
    "country": "IT",
    "topSpeed": 159,
    "0to60": 6.2,
    "handling": 75,
    "driveType": "RWD",
    "tyreType": "Performance",
    "tags": [],
    "isPrize": false,
    "weight": 1413,
    "gc": "Low",
    "seatCount": 2,
    "bodyStyle": "Coupe",
    "tcs": false,
    "abs": false,
    "enginePos": "Middle",
    "fuelType": "Petrol",
    "mra": 68.13,
    "ola": 74.19,
    "description": "[MY EYES!](https://www.youtube.com/watch?v=ADkLBtSGKMo)",
    "card": "https://media.discordapp.net/attachments/819199720249360384/848059940115578981/de_tomasoo_pantera.png",
    "333TopSpeed": 162,
    "3330to60": 5.9,
    "333Handling": 77,
    "666TopSpeed": 166,
    "6660to60": 5.6,
    "666Handling": 80,
    "996TopSpeed": 169,
    "9960to60": 5.3,
    "996Handling": 80,
    "969TopSpeed": 169,
    "9690to60": 5.6,
    "969Handling": 83,
    "699TopSpeed": 166,
    "6990to60": 5.3,
    "699Handling": 83,
    "racehud": "https://media.discordapp.net/attachments/995376525119586356/1003165607199506522/pantera.jpg",
    "creator": "Keanny"
}