{
    "rq": 13,
    "make": "Ferrari",
    "model": "125 Sport",
    "modelYear": 1947,
    "country": "IT",
    "topSpeed": 130,
    "0to60": 10.6,
    "handling": 64,
    "driveType": "RWD",
    "tyreType": "Performance",
    "tags": ["Motorsport","Unique","Ultra Expensive","Eargasm","Street Racer"],
    "isPrize": false,
    "weight": 650,
    "gc": "Low",
    "seatCount": 2,
    "bodyStyle": "Open Air",
    "tcs": false,
    "abs": false,
    "enginePos": "Front",
    "fuelType": "Petrol",
    "mra": 47.96,
    "ola": 60.38,
    "description": "There actually is no 125 Sport left, only a Replica.",
    "card": "https://media.discordapp.net/attachments/819199720249360384/855065344565968916/rari125sport47.png",
    "333TopSpeed": 134,
    "3330to60": 10.1,
    "333Handling": 66,
    "666TopSpeed": 138,
    "6660to60": 9.5,
    "666Handling": 68,
    "996TopSpeed": 142,
    "9960to60": 9.0,
    "996Handling": 68,
    "969TopSpeed": 142,
    "9690to60": 9.5,
    "969Handling": 71,
    "699TopSpeed": 138,
    "6990to60": 9.0,
    "699Handling": 71,
    "racehud": "https://media.discordapp.net/attachments/995376525119586356/997534944257650778/rari125sport.png",
    "creator": "Bnuuy"
}