{
    "rq": 18,
    "make": "DMC",
    "model": "DeLorean",
    "modelYear": 1981,
    "country": "US",
    "topSpeed": 109,
    "0to60": 10.5,
    "handling": 69,
    "driveType": "RWD",
    "tyreType": "Performance",
    "tags": [
        "Silver Screen",
        "Style Icon",
        "Oddity","OG"
    ],
    "isPrize": true,
    "weight": 1288,
    "gc": "Medium",
    "seatCount": 2,
    "bodyStyle": "Coupe",
    "tcs": false,
    "abs": false,
    "enginePos": "Rear",
    "fuelType": "Petrol",
    "mra": 35.59,
    "ola": 68.57,
    "description": "1.21 gigawatts and 88mph required to time travel.",
    "card": "https://media.discordapp.net/attachments/819199720249360384/826018070953852938/Delorean.png",
    "333TopSpeed": 114,
    "3330to60": 10.0,
    "333Handling": 71,
    "666TopSpeed": 119,
    "6660to60": 9.5,
    "666Handling": 74,
    "996TopSpeed": 123,
    "9960to60": 8.9,
    "996Handling": 74,
    "969TopSpeed": 123,
    "9690to60": 9.5,
    "969Handling": 77,
    "699TopSpeed": 119,
    "6990to60": 8.9,
    "699Handling": 77,
    "racehud": "https://media.discordapp.net/attachments/995376525119586356/1017173411073622066/DMC_DeLorean.png",
    "creator": "Olimato"
}