{
    "rq": 72,
    "make": "Dodge",
    "model": "Charger SRT Hellcat",
    "modelYear": 2015,
    "country": "US",
    "topSpeed": 204,
    "0to60": 3.8,
    "handling": 85,
    "driveType": "RWD",
    "tyreType": "Performance",
    "tags": [
        "Muscle Car",
        "Servers Choice",
        "Super Sedan","OG"
    ],
    "isPrize": false,
    "weight": 2080,
    "gc": "Low",
    "seatCount": 5,
    "bodyStyle": "Sedan",
    "tcs": true,
    "abs": true,
    "enginePos": "Front",
    "fuelType": "Petrol",
    "mra": 95,
    "ola": 94.74,
    "description": "The ultimate muscle sedan of the modern era.",
    "card": "https://media.discordapp.net/attachments/819199720249360384/821953597625204746/2015_Dodge_Charger_SRT_Hellcat.png",
    "333TopSpeed": 207,
    "3330to60": 3.6,
    "333Handling": 88,
    "666TopSpeed": 209,
    "6660to60": 3.4,
    "666Handling": 91,
    "996TopSpeed": 212,
    "9960to60": 3.2,
    "996Handling": 91,
    "969TopSpeed": 212,
    "9690to60": 3.4,
    "969Handling": 94,
    "699TopSpeed": 209,
    "6990to60": 3.2,
    "699Handling": 94,
    "racehud": "https://media.discordapp.net/attachments/995376525119586356/1017178323132096613/Dodge_Charger_SRT_Hellcat.png",
    "creator": "DodgeDemon"
}