{
    "rq": 56,
    "make": "Chrysler",
    "model": "Crossfire SRT-6 Coupe",
    "modelYear": 2004,
    "country": "US",
    "topSpeed": 156,
    "0to60": 5.0,
    "handling": 81,
    "driveType": "RWD",
    "tyreType": "Performance",
    "tags": [],
    "isPrize": false,
    "weight": 1469,
    "gc": "Low",
    "seatCount": 2,
    "bodyStyle": "Coupe",
    "tcs": true,
    "abs": true,
    "enginePos": "Front",
    "fuelType": "Petrol",
    "mra": 67.57,
    "ola": 80,
    "description": "Worst.",
    "card": "https://media.discordapp.net/attachments/819199720249360384/819955516423667732/Crossfire.png",
    "333TopSpeed": 159,
    "3330to60": 4.8,
    "333Handling": 84,
    "666TopSpeed": 163,
    "6660to60": 4.5,
    "666Handling": 86,
    "996TopSpeed": 166,
    "9960to60": 4.3,
    "996Handling": 86,
    "969TopSpeed": 166,
    "9690to60": 4.5,
    "969Handling": 90,
    "699TopSpeed": 163,
    "6990to60": 4.3,
    "699Handling": 90,
    "racehud": "https://media.discordapp.net/attachments/995376525119586356/997642613924573224/worst.png",
    "creator": "Bnuuy"
}