{
    "rq": 75,
    "make": "Dodge",
    "model": "Charger SRT Hellcat Redeye",
    "modelYear": 2021,
    "country": "US",
    "topSpeed": 203,
    "0to60": 3.6,
    "handling": 86,
    "driveType": "RWD",
    "tyreType": "Performance",
    "tags": [
        "Muscle Car",
        "Super Sedan"
    ],
    "isPrize": false,
    "weight": 2111,
    "gc": "Low",
    "seatCount": 4,
    "bodyStyle": "Sedan",
    "tcs": true,
    "abs": true,
    "enginePos": "Front",
    "fuelType": "Petrol",
    "mra": 89.87,
    "ola": 101.41,
    "description": "Ah yes, America's chase for more power knows no limits.",
    "card": "https://media.discordapp.net/attachments/819199720249360384/821954484015726592/2021_Dodge_Charger_SRT_Hellcate_Redeye.png",
    "333TopSpeed": 206,
    "3330to60": 3.4,
    "333Handling": 89,
    "666TopSpeed": 208,
    "6660to60": 3.2,
    "666Handling": 92,
    "996TopSpeed": 211,
    "9960to60": 3.1,
    "996Handling": 92,
    "969TopSpeed": 211,
    "9690to60": 3.2,
    "969Handling": 95,
    "699TopSpeed": 208,
    "6990to60": 3.1,
    "699Handling": 95,
    "racehud": "https://media.discordapp.net/attachments/995376525119586356/1017523705129218141/Dodge_Charger_SRT_Hellcat_Redeye.png",
    "creator": "DodgeDemon"
}