{
    "rq": 51,
    "make": "Chevrolet",
    "model": "Tahoe Z71",
    "modelYear": 2021,
    "country": "US",
    "topSpeed": 115,
    "0to60": 7.5,
    "handling": 61,
    "driveType": "4WD",
    "tyreType": "Off-Road",
    "tags": [],
    "isPrize": false,
    "weight": 2661,
    "gc": "High",
    "seatCount": 7,
    "bodyStyle": "SUV",
    "tcs": true,
    "abs": true,
    "enginePos": "Front",
    "fuelType": "Petrol",
    "mra": 57.69,
    "ola": 66.67,
    "description": "The latest version of Chevy's offroader, now with added offroad.",
    "card": "https://media.discordapp.net/attachments/819199720249360384/827079939433955388/obese_tahoe.png",
    "333TopSpeed": 120,
    "3330to60": 7.1,
    "333Handling": 63,
    "666TopSpeed": 124,
    "6660to60": 6.8,
    "666Handling": 65,
    "996TopSpeed": 129,
    "9960to60": 6.4,
    "996Handling": 65,
    "969TopSpeed": 129,
    "9690to60": 6.8,
    "969Handling": 68,
    "699TopSpeed": 124,
    "6990to60": 6.4,
    "699Handling": 68,
    "racehud": "https://media.discordapp.net/attachments/995376525119586356/1017738713859637338/Chevrolet_Tahoe_Z71.png",
    "creator": "DodgeDemon"
}