{
    "rq": 62,
    "make": "David Brown",
    "model": "Speedback SilverStone Edition",
    "modelYear": 2018,
    "country": "GB",
    "topSpeed": 155,
    "0to60": 4.2,
    "handling": 81,
    "driveType": "RWD",
    "tyreType": "Performance",
    "tags": ["Unique","The Royal Collection","Track Day","Grand Tourer","RestoMod"],
    "isPrize": true,
    "weight": 1920,
    "gc": "Low",
    "seatCount": 4,
    "bodyStyle": "Coupe",
    "tcs": true,
    "abs": true,
    "enginePos": "Front",
    "fuelType": "Petrol",
    "mra": 75,
    "ola": 90,
    "description": "None.",
    "card": "https://media.discordapp.net/attachments/819199720249360384/855206037559443506/SpeedbackSilverstone.png",
    "333TopSpeed": 158,
    "3330to60": 4.0,
    "333Handling": 84,
    "666TopSpeed": 162,
    "6660to60": 3.8,
    "666Handling": 86,
    "996TopSpeed": 165,
    "9960to60": 3.6,
    "996Handling": 86,
    "969TopSpeed": 165,
    "9690to60": 3.8,
    "969Handling": 90,
    "699TopSpeed": 162,
    "6990to60": 3.6,
    "699Handling": 90,
    "racehud": "https://media.discordapp.net/attachments/995376525119586356/996024840240758854/speedbackgtsilverstone.png",
    "creator": "Bnuuy"
}