{
    "rq": 27,
    "make": "Daewoo",
    "model": "Nubira Sedan CDX",
    "modelYear": 1997,
    "country": "KR",
    "topSpeed": 112,
    "0to60": 10.1,
    "handling": 67,
    "driveType": "FWD",
    "tyreType": "Standard",
    "tags": [
        "Rest of The World"
    ],
    "isPrize": false,
    "weight": 1090,
    "gc": "Medium",
    "seatCount": 5,
    "bodyStyle": "Sedan",
    "tcs": false,
    "abs": true,
    "enginePos": "Front",
    "fuelType": "Petrol",
    "mra": 33.33,
    "ola": 73.27,
    "description": "This car is running and going. Card by Andu",
    "card": "https://media.discordapp.net/attachments/819199720249360384/821332583522369556/DaewooNubiraCDX.png",
    "333TopSpeed": 117,
    "3330to60": 9.6,
    "333Handling": 69,
    "666TopSpeed": 121,
    "6660to60": 9.1,
    "666Handling": 71,
    "996TopSpeed": 126,
    "9960to60": 8.6,
    "996Handling": 71,
    "969TopSpeed": 126,
    "9690to60": 9.1,
    "969Handling": 74,
    "699TopSpeed": 121,
    "6990to60": 8.6,
    "699Handling": 74,
    "racehud": "https://media.discordapp.net/attachments/995376525119586356/1050930133860618302/Nubira.png",
    "creator": "Andu"
}
