{
    "rq": 48,
    "make": "Chevrolet",
    "model": "SSR 6.0",
    "modelYear": 2005,
    "country": "US",
    "topSpeed": 125,
    "0to60": 5.5,
    "handling": 74,
    "driveType": "RWD",
    "tyreType": "Performance",
    "tags": ["Muscle Car","OG"],
    "isPrize": false,

    "weight": 2153,
    "gc": "Medium",
    "seatCount": 2,
    "bodyStyle": "Convertible",
    "tcs": true,
    "abs": true,
    "enginePos": "Front",
    "fuelType": "Petrol",
    "mra": 63.95,
    "ola": 94.55,
    "description": "This proves that any car can instantly be better with more speed and power.",
    "card": "https://media.discordapp.net/attachments/819199720249360384/819383891496402974/ssr.png",
	
    "333TopSpeed": 129,
    "3330to60": 5.2,
    "333Handling": 76,
    "666TopSpeed": 133,
    "6660to60": 5.0,
    "666Handling": 79,
    "996TopSpeed": 137,
    "9960to60": 4.7,
    "996Handling": 79,
    "969TopSpeed": 137,
    "9690to60": 5.0,
    "969Handling": 82,
    "699TopSpeed": 133,
    "6990to60": 4.7,
    "699Handling": 82,
    "racehud": "https://media.discordapp.net/attachments/995376525119586356/1003656771220557925/ssr.jpg",
    "creator": "Keanny"
}