{
    "rq": 73,
    "make": "Dodge",
    "model": "Challenger SRT Hellcat Widebody",
    "modelYear": 2018,
    "country": "US",
    "topSpeed": 195,
    "0to60": 3.7,
    "handling": 86,
    "driveType": "RWD",
    "tyreType": "Performance",
    "tags": [
        "Muscle Car",
        "OG"
    ],
    "isPrize": false,
    "weight": 2472,
    "gc": "Low",
    "seatCount": 5,
    "bodyStyle": "Coupe",
    "tcs": true,
    "abs": true,
    "enginePos": "Front",
    "fuelType": "Petrol",
    "mra": 82.22,
    "ola": 97.3,
    "description": "The Challenger goes wide.",
    "card": "https://media.discordapp.net/attachments/819199720249360384/821953125874925598/2018_Dodge_Challenger_SRT_Hellcat_Widebody.png",
    "333TopSpeed": 198,
    "3330to60": 3.5,
    "333Handling": 89,
    "666TopSpeed": 200,
    "6660to60": 3.3,
    "666Handling": 92,
    "996TopSpeed": 203,
    "9960to60": 3.1,
    "996Handling": 92,
    "969TopSpeed": 203,
    "9690to60": 3.3,
    "969Handling": 95,
    "699TopSpeed": 200,
    "6990to60": 3.1,
    "699Handling": 95,
    "racehud": "https://media.discordapp.net/attachments/995376525119586356/1018115499680346122/Dodge_Challenger_SRT_Hellcat_Widebody.png",
    "creator": "DodgeDemon"
}