{
    "rq": 34,
    "make": "Dodge",
    "model": "Avenger ES",
    "modelYear": 1995,
    "country": "US",
    "topSpeed": 123,
    "0to60": 9.5,
    "handling": 74,
    "driveType": "FWD",
    "tyreType": "Standard",
    "tags": [],
    "isPrize": false,
    "weight": 1280,
    "gc": "Medium",
    "seatCount": 5,
    "bodyStyle": "Sedan",
    "tcs": false,
    "abs": true,
    "enginePos": "Front",
    "fuelType": "Petrol",
    "mra": 46.53,
    "ola": 73.68,
    "description": "",
    "card": "https://media.discordapp.net/attachments/819199720249360384/824899442360451082/AvengerEs.png",
    "333TopSpeed": 127,
    "3330to60": 9.2,
    "333Handling": 76,
    "666TopSpeed": 131,
    "6660to60": 8.6,
    "666Handling": 79,
    "996TopSpeed": 136,
    "9960to60": 8.1,
    "996Handling": 79,
    "969TopSpeed": 136,
    "9690to60": 8.6,
    "969Handling": 82,
    "699TopSpeed": 131,
    "6990to60": 8.1,
    "699Handling": 82,
    "racehud": "https://cdn.discordapp.com/attachments/1077293403668234340/1095377427062075392/c00344.png",
    "creator": "Based"
}