{
    "rq": 36,
    "make": [
        "Dodge",
        "Shelby"
    ],
    "model": "Shelby Omni GLH-S",
    "modelYear": 1986,
    "country": "US",
    "topSpeed": 130,
    "0to60": 6.6,
    "handling": 76,
    "driveType": "FWD",
    "tyreType": "Performance",
    "tags": [
        "Hot Hatch"
    ],
    "isPrize": false,
    "weight": 997,
    "gc": "Low",
    "seatCount": 4,
    "bodyStyle": "Hatchback",
    "tcs": false,
    "abs": false,
    "enginePos": "Front",
    "fuelType": "Petrol",
    "mra": 59.46,
    "ola": 78.79,
    "description": "A Dodge made by Shelby :how:.",
    "card": "https://media.discordapp.net/attachments/819199720249360384/823504996430905354/acronym.png",
    "333TopSpeed": 134,
    "3330to60": 6.3,
    "333Handling": 79,
    "666TopSpeed": 138,
    "6660to60": 5.9,
    "666Handling": 81,
    "996TopSpeed": 142,
    "9960to60": 5.6,
    "996Handling": 81,
    "969TopSpeed": 142,
    "9690to60": 5.9,
    "969Handling": 84,
    "699TopSpeed": 138,
    "6990to60": 5.6,
    "699Handling": 84,
    "racehud": "https://media.discordapp.net/attachments/995376525119586356/1000942850395099186/Omni_GLHS_Thumb.png",
    "creator": "Preston"
}