{
    "rq": 64,
    "make": "Dodge",
    "model": "Viper RT/10",
    "modelYear": 1992,
    "country": "US",
    "topSpeed": 168,
    "0to60": 4.5,
    "handling": 87,
    "driveType": "RWD",
    "tyreType": "Performance",
    "tags": [
        "Style Icon"
    ],
    "isPrize": false,
    "weight": 1603,
    "gc": "Low",
    "seatCount": 2,
    "bodyStyle": "Convertible",
    "tcs": false,
    "abs": false,
    "enginePos": "Front",
    "fuelType": "Petrol",
    "mra": 72.87,
    "ola": 88.89,
    "description": "The modern iteration of the Shelby Cobra from the 90s.",
    "card": "https://media.discordapp.net/attachments/819199720249360384/840800974264336384/image0.jpg",
    "333TopSpeed": 171,
    "3330to60": 4.3,
    "333Handling": 90,
    "666TopSpeed": 174,
    "6660to60": 4.1,
    "666Handling": 93,
    "969TopSpeed": 177,
    "9690to60": 4.1,
    "969Handling": 97,
    "996TopSpeed": 177,
    "9960to60": 3.8,
    "996Handling": 93,
    "699TopSpeed": 174,
    "6990to60": 3.8,
    "699Handling": 97,
    "racehud": "https://media.discordapp.net/attachments/995376525119586356/1016824853971615794/viper.png",
    "creator": "Spence"
}