{
    "rq": 82,
    "make": "Dodge",
    "model": "Durango SRT Hellcat",
    "modelYear": 2021,
    "country": "US",
    "topSpeed": 180,
    "0to60": 3.6,
    "handling": 78,
    "driveType": "4WD",
    "tyreType": "Performance",
    "tags": ["Muscle Car","Oceanic View"],
    "isPrize": false,
    "weight": 2585,
    "gc": "High",
    "seatCount": 6,
    "bodyStyle": "SUV",
    "tcs": true,
    "abs": true,
    "enginePos": "Front",
    "fuelType": "Petrol",
    "mra": 67.92,
    "ola": 71.79,
    "description": "You will never be late to soccer practice again.",
    "card": "https://media.discordapp.net/attachments/819199720249360384/958780930540044348/dodgedur.png",
    "333TopSpeed": 183,
    "3330to60": 3.4,
    "333Handling": 81,
    "666TopSpeed": 186,
    "6660to60": 3.2,
    "666Handling": 83,
    "996TopSpeed": 189,
    "9960to60": 3.1,
    "996Handling": 83,
    "969TopSpeed": 189,
    "9690to60": 3.2,
    "969Handling": 87,
    "699TopSpeed": 186,
    "6990to60": 3.1,
    "699Handling": 87,
    "racehud": "https://media.discordapp.net/attachments/995376525119586356/995993556252643377/durangosrthellcate.png",
    "creator": "Bnuuy"
}