{
    "rq": 73,
    "make": "Ferrari",
    "model": "612 Scaglietti",
    "modelYear": 2004,
    "country": "IT",
    "topSpeed": 199,
    "0to60": 4.2,
    "handling": 82,
    "driveType": "RWD",
    "tyreType": "Performance",
    "tags": [
        "Grand Tourer"
    ],
    "isPrize": false,
    "weight": 1932,
    "gc": "Medium",
    "seatCount": 4,
    "bodyStyle": "Coupe",
    "tcs": true,
    "abs": true,
    "enginePos": "Front",
    "fuelType": "Petrol",
    "mra": 73.68,
    "ola": 90.48,
    "description": "The 4-seater Ferrari that is unattractive but still feels and drives like a Ferrari.",
    "card": "https://media.discordapp.net/attachments/819199720249360384/846822008901468170/image0.png",
    "333TopSpeed": 202,
    "3330to60": 4.0,
    "333Handling": 85,
    "666TopSpeed": 204,
    "6660to60": 3.8,
    "666Handling": 87,
    "996TopSpeed": 207,
    "9960to60": 3.6,
    "996Handling": 87,
    "969TopSpeed": 207,
    "9690to60": 3.8,
    "969Handling": 91,
    "699TopSpeed": 204,
    "6990to60": 3.6,
    "699Handling": 91,
    "racehud": "https://media.discordapp.net/attachments/995376525119586356/1018114200247214091/Ferrari_612_Scaglietti.png",
    "creator": "Spence"
}