{
    "rq": 31,
    "make": "Dodge",
    "model": "Daytona Turbo Z",
    "modelYear": 1984,
    "country": "US",
    "topSpeed": 128,
    "0to60": 8.2,
    "handling": 72,
    "driveType": "FWD",
    "tyreType": "Performance",
    "tags": [
        "Muscle Car"
    ],
    "isPrize": false,
    "weight": 1202,
    "gc": "Medium",
    "seatCount": 4,
    "bodyStyle": "Coupe",
    "tcs": false,
    "abs": false,
    "enginePos": "Front",
    "fuelType": "Petrol",
    "mra": 49.7,
    "ola": 70.73,
    "description": "Adding a turbo to Dodge's Daytona sports coupe results in America's first legitimate front-wheel-drive muscle car.",
    "card": "https://media.discordapp.net/attachments/819199720249360384/849647361369047040/Dodge-Daytona-Turbo-Z.png",
    "333TopSpeed": 132,
    "3330to60": 7.8,
    "333Handling": 74,
    "666TopSpeed": 136,
    "6660to60": 7.4,
    "666Handling": 77,
    "996TopSpeed": 140,
    "9960to60": 7.0,
    "996Handling": 77,
    "969TopSpeed": 140,
    "9690to60": 7.4,
    "969Handling": 80,
    "699TopSpeed": 136,
    "6990to60": 7.0,
    "699Handling": 80,
    "racehud": "https://media.discordapp.net/attachments/995376525119586356/1004764041002102794/Dodge-Daytona-Turbo-Z.png",
    "creator": "Johnny"
}