{
    "rq": 25,
    "make": "Citroen",
    "model": "C1 1.0i Advance",
    "modelYear": 2009,
    "country": "FR",
    "topSpeed": 98,
    "0to60": 12.5,
    "handling": 73,
    "driveType": "FWD",
    "tyreType": "Standard",
    "tags": [],
    "isPrize": false,
    "weight": 838,
    "gc": "Medium",
    "seatCount": 4,
    "bodyStyle": "Hatchback",
    "tcs": true,
    "abs": true,
    "enginePos": "Front",
    "fuelType": "Petrol",
    "mra": 27.37,
    "ola": 65.79,
    "description": "If you live in a city, it's hard to justify driving anything but a C1.",
    "card": "https://media.discordapp.net/attachments/819199720249360384/865584577938456606/citroen_c1_advance.png",
    "333TopSpeed": 103,
    "3330to60": 11.9,
    "333Handling": 75,
    "666TopSpeed": 109,
    "6660to60": 11.3,
    "666Handling": 78,
    "996TopSpeed": 114,
    "9960to60": 10.6,
    "996Handling": 78,
    "969TopSpeed": 114,
    "9690to60": 11.3,
    "969Handling": 81,
    "699TopSpeed": 109,
    "6990to60": 10.6,
    "699Handling": 81,
    "racehud": "https://media.discordapp.net/attachments/995376525119586356/1003166543233962045/c1_advance.jpg",
    "creator": "Keanny"
}