{
    "rq": 51,
    "make": "Dodge",
    "model": "Caliber SRT4",
    "modelYear": 2008,
    "country": "US",
    "topSpeed": 155,
    "0to60": 6.0,
    "handling": 76,
    "driveType": "FWD",
    "tyreType": "Performance",
    "tags": [
        "Sleeper",
        "Hot Hatch"
    ],
    "isPrize": false,
    "weight": 1430,
    "gc": "Medium",
    "seatCount": 5,
    "bodyStyle": "Hatchback",
    "tcs": true,
    "abs": true,
    "enginePos": "Front",
    "fuelType": "Petrol",
    "mra": 75.08,
    "ola": 81.33,
    "description": "A hot hatch, or a hot SUV?.",
    "card": "https://media.discordapp.net/attachments/819199720249360384/822006476636946452/DodgeCaliberSRT4.png",
    "333TopSpeed": 158,
    "3330to60": 5.7,
    "333Handling": 79,
    "666TopSpeed": 162,
    "6660to60": 5.4,
    "666Handling": 81,
    "996TopSpeed": 165,
    "9960to60": 5.1,
    "996Handling": 81,
    "969TopSpeed": 165,
    "9690to60": 5.4,
    "969Handling": 84,
    "699TopSpeed": 162,
    "6990to60": 5.1,
    "699Handling": 84,
    "racehud": "https://media.discordapp.net/attachments/995376525119586356/1020010459153313864/Dodge_Caliber_SRT4.png",
    "creator": "Havvy"
}