{
    "rq": 47,
    "make": "Ferrari",
    "model": "250 GTO/64",
    "modelYear": 1964,
    "country": "IT",
    "topSpeed": 155,
    "0to60": 5.8,
    "handling": 77,
    "driveType": "RWD",
    "tyreType": "Performance",
    "tags": ["Motorsport","Ultra Expensive","Unique","Sleeper"],
    "isPrize": true,
    "weight": 1111,
    "gc": "Low",
    "seatCount": 2,
    "bodyStyle": "Coupe",
    "tcs": false,
    "abs": false,
    "enginePos": "Front",
    "fuelType": "Petrol",
    "mra": 85.29,
    "ola": 86.21,
    "description": "None.",
    "card": "https://media.discordapp.net/attachments/819199720249360384/959841456045047888/ferrari_250_gto_64_for_cd.png",
    "333TopSpeed": 158,
    "3330to60": 5.5,
    "333Handling": 80,
    "666TopSpeed": 162,
    "6660to60": 5.2,
    "666Handling": 82,
    "996TopSpeed": 165,
    "9960to60": 4.9,
    "996Handling": 82,
    "969TopSpeed": 165,
    "9690to60": 5.2,
    "969Handling": 85,
    "699TopSpeed": 162,
    "6990to60": 4.9,
    "699Handling": 85,
    "racehud": "https://media.discordapp.net/attachments/995376525119586356/1001033473290670090/IMG_20220402_174435.png",
    "creator": "Lemon"
}