{
    "rq": 45,
    "make": "Ferrari",
    "model": "348 TS",
    "modelYear": 1991,
    "country": "IT",
    "topSpeed": 168,
    "0to60": 6,
    "handling": 81,
    "driveType": "RWD",
    "tyreType": "Performance",
    "tags": ["Street Racer"],
    "isPrize": false,

    "weight": 1382,
    "gc": "Low",
    "seatCount": 2,
    "bodyStyle": "Coupe",
    "tcs": false,
    "abs": false,
    "enginePos": "Rear",
    "fuelType": "Petrol",
    "mra": 68.5,
    "ola": 90,
    "description": "",
    "card": "https://media.discordapp.net/attachments/819199720249360384/854253738683793428/Ferrari_348_TS.png",

    "333TopSpeed": 171,
    "3330to60": 5.7,
    "333Handling": 84,

    "666TopSpeed": 174,
    "6660to60": 5.4,
    "666Handling": 86,

    "996TopSpeed": 177,
    "9960to60": 5.1,
    "996Handling": 86,

    "969TopSpeed": 177,
    "9690to60": 5.4,
    "969Handling": 90,

    "699TopSpeed": 174,
    "6990to60": 5.1,
    "699Handling": 90,

    "racehud": "https://media.discordapp.net/attachments/1077293403668234340/1094910540406591609/348ts.jpg",
    "creator": "AK1"
}