{
    "rq": 28,
    "make": "Ford",
    "model": "Mustang GT Convertible",
    "modelYear": 1965,
    "country": "US",
    "topSpeed": 116,
    "0to60": 7.5,
    "handling": 67,
    "driveType": "RWD",
    "tyreType": "Performance",
    "tags": ["Muscle Car", "Style Icon", "Silver Screen"],
    "isPrize": false,
    "weight": 1352,
    "gc": "Medium",
    "seatCount": 5,
    "bodyStyle": "Convertible",
    "tcs": false,
    "abs": false,
    "enginePos": "Front",
    "fuelType": "Petrol",
    "mra": 40.32,
    "ola": 85.33,
    "description": "The pony car released 4 months earlier than planned (if you see this ping roxanne).",
    "card": "https://media.discordapp.net/attachments/819199720249360384/820615896803704842/cate-test.png",
    "333TopSpeed": 120,
    "3330to60": 7.1,
    "333Handling": 69,
    "666TopSpeed": 125,
    "6660to60": 6.8,
    "666Handling": 71,
    "996TopSpeed": 129,
    "9960to60": 6.4,
    "996Handling": 71,
    "969TopSpeed": 129,
    "9690to60": 6.8,
    "969Handling": 74,
    "699TopSpeed": 125,
    "6990to60": 6.4,
    "699Handling": 74,
    "racehud": "https://media.discordapp.net/attachments/995376525119586356/1004766579986284624/Ford-Mustang-GT-Convertible.png",
    "creator": "Johnny"
}