{
    "rq": 45,
    "make": "Ford",
    "model": "Escape SE Sport Hybrid AWD",
    "modelYear": 2020,
    "country": "US",
    "topSpeed": 120,
    "0to60": 7.7,
    "handling": 75,
    "driveType": "4WD",
    "tyreType": "Standard",
    "tags": [],
    "isPrize": false,
    "weight": 1720,
    "gc": "Medium",
    "seatCount": 5,
    "bodyStyle": "SUV",
    "tcs": true,
    "abs": true,
    "enginePos": "Front",
    "fuelType": "Hybrid",
    "mra": 54.61,
    "ola": 57.14,
    "description": "He escaping.",
    "card": "https://media.discordapp.net/attachments/819199720249360384/837584232649457684/Escape_SE_Sport_Hybrid_AWD_20.png",
    "333TopSpeed": 124,
    "3330to60": 7.3,
    "333Handling": 77,
    "666TopSpeed": 129,
    "6660to60": 6.9,
    "666Handling": 80,
    "996TopSpeed": 133,
    "9960to60": 6.5,
    "996Handling": 80,
    "969TopSpeed": 133,
    "9690to60": 6.9,
    "969Handling": 83,
    "699TopSpeed": 129,
    "6990to60": 6.5,
    "699Handling": 83,
    "racehud": "https://cdn.discordapp.com/attachments/1077293403668234340/1095384460125548716/c00427.png",
    "creator": "Macan"
}