{
    "rq": 15,
    "make": "General Motors",
    "model": "EV1 CNG",
    "modelYear": 1998,
    "country": "US",
    "topSpeed": 80,
    "0to60": 11,
    "handling": 68,
    "driveType": "FWD",
    "tyreType": "Standard",
    "tags": [
        "Eco-Friendly",
        "Innovative",
        "Unique"
    ],
    "isPrize": false,
    "weight": 901,
    "gc": "Low",
    "seatCount": 4,
    "bodyStyle": "Coupe",
    "tcs": true,
    "abs": true,
    "enginePos": "Front",
    "fuelType": "Alternative",
    "mra": 38.69,
    "ola": 70.91,
    "description": "GM toyed around with the idea of low-emission CNG engines in this EV1. The batteries were replaced with 2 CNG tanks capable of a 3000psi maximum operating pressure and a 4-minute refuel time. A modified 3-cyllinder Suzuki G10T engine that delivered 72hp could be seen in place of the motors.",
    "card": "https://media.discordapp.net/attachments/819199720249360384/865584829436395570/general_motors_ev1_cng.png",
    "333TopSpeed": 87,
    "3330to60": 10.5,
    "333Handling": 69,
    "666TopSpeed": 93,
    "6660to60": 9.9,
    "666Handling": 71,
    "996TopSpeed": 100,
    "9960to60": 9.4,
    "996Handling": 71,
    "969TopSpeed": 100,
    "9690to60": 9.9,
    "969Handling": 74,
    "699TopSpeed": 93,
    "6990to60": 9.4,
    "699Handling": 74,
    "racehud": "https://media.discordapp.net/attachments/995376525119586356/1003163989804597289/ev1_cng.jpg",
    "creator": "Keanny"
}