{
    "rq": 86,
    "make": "Ford",
    "model": "Escort RS1800 Rally Car",
    "modelYear": 1975,
    "country": "GB",
    "topSpeed": 123,
    "0to60": 4.4,
    "handling": 82,
    "driveType": "RWD",
    "tyreType": "Off-Road",
    "tags": [
        "Motorsport",
        "Style Icon",
        "Unique", "Year of the Rabbit"
    ],
    "isPrize": false,
    "weight": 980,
    "gc": "Medium",
    "seatCount": 2,
    "bodyStyle": "Coupe",
    "tcs": false,
    "abs": false,
    "enginePos": "Front",
    "fuelType": "Petrol",
    "mra": 55.7,
    "ola": 60,
    "description": "The 1979 WRC Champion.",
    "card": "https://media.discordapp.net/attachments/819199720249360384/820339783405535252/FIXED_FordEscortRS1800RallySpec.png",
    "333TopSpeed": 127,
    "3330to60": 4.2,
    "333Handling": 85,
    "666TopSpeed": 131,
    "6660to60": 4.0,
    "666Handling": 87,
    "996TopSpeed": 136,
    "9960to60": 3.7,
    "996Handling": 87,
    "969TopSpeed": 136,
    "9690to60": 4.0,
    "969Handling": 91,
    "699TopSpeed": 131,
    "6990to60": 3.7,
    "699Handling": 91,
    "racehud": "https://media.discordapp.net/attachments/995376525119586356/1017902253115457586/Ford_Escort_RS1800_Rally_1975.png",
    "creator": "Havvy"
}