{
    "rq": 28,
    "make": "Ford",
    "model": "Taurus LX",
    "modelYear": 1986,
    "country": "US",
    "topSpeed": 114,
    "0to60": 9.8,
    "handling": 68,
    "driveType": "FWD",
    "tyreType": "Standard",
    "tags": ["OG"],
    "isPrize": false,
    "weight": 1380,
    "gc": "Medium",
    "seatCount": 5,
    "bodyStyle": "Sedan",
    "tcs": false,
    "abs": false,
    "enginePos": "Front",
    "fuelType": "Petrol",
    "mra": 45.79,
    "ola": 67.35,
    "description": "Ford hit a homerun with its radically styled and superb Taurus Sedan.",
    "card": "https://media.discordapp.net/attachments/819199720249360384/822556871289339944/E.FordTaurusLX.png",
    "333TopSpeed": 119,
    "3330to60": 9.3,
    "333Handling": 70,
    "666TopSpeed": 123,
    "6660to60": 8.8,
    "666Handling": 72,
    "996TopSpeed": 128,
    "9960to60": 8.3,
    "996Handling": 72,
    "969TopSpeed": 128,
    "9690to60": 8.8,
    "969Handling": 75,
    "699TopSpeed": 123,
    "6990to60": 8.3,
    "699Handling": 75,
    "racehud": "https://media.discordapp.net/attachments/995376525119586356/1023201994917285929/ford.png",
    "creator": "Connor"
}