{
    "rq": 23,
    "make": "Ford",
    "model": "Fiesta Ghia",
    "modelYear": 1976,
    "country": "GB",
    "topSpeed": 101,
    "0to60": 11.4,
    "handling": 64,
    "driveType": "FWD",
    "tyreType": "Standard",
    "tags": [],
    "isPrize": false,
    "weight": 730,
    "gc": "Medium",
    "seatCount": 4,
    "bodyStyle": "Hatchback",
    "tcs": false,
    "abs": false,
    "enginePos": "Front",
    "fuelType": "Petrol",
    "mra": 25.56,
    "ola": 57.89,
    "description": "Ghia. For luxury. Card by Andu",
    "card": "https://media.discordapp.net/attachments/819199720249360384/821476822356721714/FiestaGhia76.png",
    "333TopSpeed": 106,
    "3330to60": 10.8,
    "333Handling": 66,
    "666TopSpeed": 111,
    "6660to60": 10.3,
    "666Handling": 68,
    "996TopSpeed": 116,
    "9960to60": 9.7,
    "996Handling": 68,
    "969TopSpeed": 116,
    "9690to60": 10.3,
    "969Handling": 71,
    "699TopSpeed": 111,
    "6990to60": 9.7,
    "699Handling": 71,
    "racehud": "https://media.discordapp.net/attachments/995376525119586356/1050759796795646052/Fiesta.png",
    "creator": "Andu"
}
