{
    "rq": 33,
    "make": "Fiat",
    "model": "Croma 2.0 i.e. Turbo",
    "modelYear": 1986,
    "country": "IT",
    "topSpeed": 133,
    "0to60": 7.7,
    "handling": 72,
    "driveType": "FWD",
    "tyreType": "Performance",
    "tags": [
        "The Tyrol Tour"
    ],
    "isPrize": false,
    "weight": 1367,
    "gc": "Medium",
    "seatCount": 5,
    "bodyStyle": "Sedan",
    "tcs": false,
    "abs": true,
    "enginePos": "Front",
    "fuelType": "Petrol",
    "mra": 64.64,
    "ola": 81.05,
    "description": "Understated Power. Card by Andu",
    "card": "https://media.discordapp.net/attachments/819199720249360384/859053742304788500/Croma20ie.png",
    "333TopSpeed": 137,
    "3330to60": 7.3,
    "333Handling": 74,
    "666TopSpeed": 141,
    "6660to60": 6.9,
    "666Handling": 77,
    "996TopSpeed": 145,
    "9960to60": 6.5,
    "996Handling": 77,
    "969TopSpeed": 145,
    "9690to60": 6.9,
    "969Handling": 80,
    "699TopSpeed": 141,
    "6990to60": 6.5,
    "699Handling": 80,
    "racehud": "https://media.discordapp.net/attachments/995376525119586356/1043856633790484560/CromaT.png",
    "creator": "Andu"
}
