{
    "rq": 57,
    "make": "Ferrari",
    "model": "Testarossa",
    "modelYear": 1984,
    "country": "IT",
    "topSpeed": 178,
    "0to60": 5.4,
    "handling": 78,
    "driveType": "RWD",
    "tyreType": "Performance",
    "tags": [
        "Supercar",
        "Style Icon",
        "Silver Screen",
        "Street Racer","OG"
    ],
    "isPrize": false,
    "weight": 1708,
    "gc": "Medium",
    "seatCount": 2,
    "bodyStyle": "Coupe",
    "tcs": false,
    "abs": false,
    "enginePos": "Middle",
    "fuelType": "Petrol",
    "mra": 71.43,
    "ola": 88,
    "description": "Ferrari wasn't happy about Miami Vice using a Ferrari Daytona replica, so they gave them this.",
    "card": "https://media.discordapp.net/attachments/819199720249360384/820739412103135262/B.FerrariTestarossa.png",
    "333TopSpeed": 181,
    "3330to60": 5.1,
    "333Handling": 81,
    "666TopSpeed": 184,
    "6660to60": 4.9,
    "666Handling": 83,
    "996TopSpeed": 187,
    "9960to60": 4.6,
    "996Handling": 83,
    "969TopSpeed": 187,
    "9690to60": 4.9,
    "969Handling": 87,
    "699TopSpeed": 184,
    "6990to60": 4.6,
    "699Handling": 87,
    "racehud": "https://cdn.discordapp.com/attachments/1077293403668234340/1095381515992576031/c00405.png",
    "creator": "Connor"
}