{
    "rq": 90,
    "make": "Ford",
    "model": "Escort RS1700T Group B",
    "modelYear": 1982,
    "country": "GB",
    "topSpeed": 140,
    "0to60": 4.2,
    "handling": 84,
    "driveType": "RWD",
    "tyreType": "Off-Road",
    "tags": ["Motorsport","Unique"],
    "isPrize": false,
    "weight": 990,
    "gc": "Medium",
    "seatCount": 2,
    "bodyStyle": "Hatchback",
    "tcs": false,
    "abs": false,
    "enginePos": "Front",
    "fuelType": "Petrol",
    "mra": 57.5,
    "ola": 60,
    "description": "A faster take on the 1979 WRC champion.",
    "card": "https://media.discordapp.net/attachments/819199720249360384/819950262893543424/RS1700T.png",
    "333TopSpeed": 144,
    "3330to60": 4.0,
    "333Handling": 87,
    "666TopSpeed": 147,
    "6660to60": 3.8,
    "666Handling": 90,
    "996TopSpeed": 151,
    "9960to60": 3.6,
    "996Handling": 90,
    "969TopSpeed": 151,
    "9690to60": 3.8,
    "969Handling": 93,
    "699TopSpeed": 147,
    "6990to60": 3.6,
    "699Handling": 93,
    "racehud": "https://media.discordapp.net/attachments/995376525119586356/995803644400250920/ford1200Tthing.png",
    "creator": "Bnuuy"
}