{
    "rq": 76,
    "make": "Ford",
    "model": "Mustang FR500GT",
    "modelYear": 2007,
    "country": "US",
    "topSpeed": 172,
    "0to60": 3.9,
    "handling": 94,
    "driveType": "RWD",
    "tyreType": "Slick",
    "tags": [
        "Motorsport",
        "Unique"
    ],
    "isPrize": false,
    "weight": 1510,
    "gc": "Low",
    "seatCount": 1,
    "bodyStyle": "Coupe",
    "tcs": true,
    "abs": true,
    "enginePos": "Front",
    "fuelType": "Petrol",
    "mra": 90,
    "ola": 75,
    "description": "A very fast pony.",
    "card": "https://media.discordapp.net/attachments/819199720249360384/822224780890865723/cate-test.png",
    "333TopSpeed": 175,
    "3330to60": 3.7,
    "333Handling": 97,
    "666TopSpeed": 178,
    "6660to60": 3.5,
    "666Handling": 100,
    "996TopSpeed": 181,
    "9960to60": 3.3,
    "996Handling": 100,
    "969TopSpeed": 181,
    "9690to60": 3.5,
    "969Handling": 104,
    "699TopSpeed": 178,
    "6990to60": 3.3,
    "699Handling": 104,
    "racehud": "https://media.discordapp.net/attachments/995376525119586356/1004765454784544838/Ford-Mustang-FR500GT.png",
    "creator": "Johnny"
}