{
    "rq": 64,
    "make": "Ford",
    "model": "F-150 Lariat Powerboost",
    "modelYear": 2021,
    "country": "US",
    "topSpeed": 107,
    "0to60": 5.4,
    "handling": 67,
    "driveType": "4WD",
    "tyreType": "All-Surface",
    "tags": [],
    "isPrize": false,
    "weight": 2628,
    "gc": "High",
    "seatCount": 5,
    "bodyStyle": "Pickup",
    "tcs": true,
    "abs": true,
    "enginePos": "Front",
    "fuelType": "Hybrid",
    "mra": 65.06,
    "ola": 63.98,
    "description": "The million tonne hauler.",
    "card": "https://media.discordapp.net/attachments/819199720249360384/823956424434122762/2021_Ford_F150_Hybrid.png",
    "333TopSpeed": 112,
    "3330to60": 5.1,
    "333Handling": 69,
    "666TopSpeed": 117,
    "6660to60": 4.9,
    "666Handling": 71,
    "996TopSpeed": 122,
    "9960to60": 4.6,
    "996Handling": 71,
    "969TopSpeed": 122,
    "9690to60": 4.9,
    "969Handling": 74,
    "699TopSpeed": 117,
    "6990to60": 4.6,
    "699Handling": 74,
    "racehud": "https://media.discordapp.net/attachments/995376525119586356/1016825057881882715/lariat.png",
    "creator": "DodgeDemon"
}