{
    "rq": 23,
    "make": "Ford",
    "model": "Fiesta XR2",
    "modelYear": 1981,
    "country": "GB",
    "topSpeed": 106,
    "0to60": 9.6,
    "handling": 70,
    "driveType": "FWD",
    "tyreType": "Performance",
    "tags": ["Hot Hatch","The Royal Collection"],
    "isPrize": false,
    "weight": 875,
    "gc": "Medium",
    "seatCount": 5,
    "bodyStyle": "Hatchback",
    "tcs": false,
    "abs": false,
    "enginePos": "Front",
    "fuelType": "Petrol",
    "mra": 31.68,
    "ola": 70.83,
    "description": "Highly-tuned but not highly strung... at least thats what the brochure said.",
    "card": "https://media.discordapp.net/attachments/819199720249360384/847549745261314108/image0.png",
    "333TopSpeed": 111,
    "3330to60": 9.1,
    "333Handling": 72,
    "666TopSpeed": 116,
    "6660to60": 8.6,
    "666Handling": 75,
    "996TopSpeed": 121,
    "9960to60": 8.2,
    "996Handling": 75,
    "969TopSpeed": 121,
    "9690to60": 8.6,
    "969Handling": 78,
    "699TopSpeed": 116,
    "6990to60": 8.2,
    "699Handling": 78,
    "racehud": "https://media.discordapp.net/attachments/995376525119586356/996170341476999198/FordFiestaXR2.png",
    "creator": "Spence"
}