{
    "rq": 26,
    "make": "Ford",
    "model": "Focus 1.6",
    "modelYear": 1998,
    "country": "GB",
    "topSpeed": 113,
    "0to60": 11,
    "handling": 69,
    "driveType": "FWD",
    "tyreType": "Standard",
    "tags": [],
    "isPrize": false,
    "weight": 1086,
    "gc": "Medium",
    "seatCount": 5,
    "bodyStyle": "Hatchback",
    "tcs": false,
    "abs": true,
    "enginePos": "Front",
    "fuelType": "Petrol",
    "mra": 41.51,
    "ola": 69.09,
    "description": "None.",
    "card": "https://media.discordapp.net/attachments/819199720249360384/819390576557555732/ford_focus_1.6.png",
    "333TopSpeed": 118,
    "3330to60": 10.5,
    "333Handling": 71,
    "666TopSpeed": 122,
    "6660to60": 9.9,
    "666Handling": 74,
    "996TopSpeed": 127,
    "9960to60": 9.4,
    "996Handling": 74,
    "969TopSpeed": 127,
    "9690to60": 9.9,
    "969Handling": 77,
    "699TopSpeed": 122,
    "6990to60": 9.4,
    "699Handling": 77,
    "racehud": "https://media.discordapp.net/attachments/995376525119586356/1003308753854140596/focus_1.6.jpg",
    "creator": "Keanny"
}