{
    "rq": 88,
    "make": "Ford",
    "model": "GT90",
    "modelYear": 1995,
    "country": "US",
    "topSpeed": 253,
    "0to60": 3.1,
    "handling": 92,
    "driveType": "RWD",
    "tyreType": "Performance",
    "tags": [
        "Unique",
        "Concept",
        "Supercar",
        "Ultra Expensive"
    ],
    "isPrize": false,
    "weight": 1451,
    "gc": "Low",
    "seatCount": 2,
    "bodyStyle": "Coupe",
    "tcs": false,
    "abs": false,
    "enginePos": "Middle",
    "fuelType": "Petrol",
    "mra": 100,
    "ola": 103.23,
    "description": "The craziest Ford concept car ever made to date. setup to become the potential top speed record holder at the time.",
    "card": "https://media.discordapp.net/attachments/819199720249360384/939710758248386610/D3AED03E-600E-4776-A1F0-EA68AF1F4780.png",
    "333TopSpeed": 255,
    "3330to60": 2.9,
    "333Handling": 95,
    "666TopSpeed": 257,
    "6660to60": 2.8,
    "666Handling": 98,
    "996TopSpeed": 259,
    "9960to60": 2.6,
    "996Handling": 98,
    "969TopSpeed": 259,
    "9690to60": 2.8,
    "969Handling": 102,
    "699TopSpeed": 257,
    "6990to60": 2.6,
    "699Handling": 102,
    "racehud": "https://media.discordapp.net/attachments/995376525119586356/1017009352881754112/Ford_GT90_1995_hud.png",
    "creator": "Spence"
}