{
    "rq": 33,
    "make": "Ford",
    "model": "Explorer Sport Trac",
    "modelYear": 2001,
    "country": "US",
    "topSpeed": 106,
    "0to60": 9.3,
    "handling": 63,
    "driveType": "4WD",
    "tyreType": "All-Surface",
    "tags": [],
    "isPrize": false,
    "weight": 1965,
    "gc": "Medium",
    "seatCount": 5,
    "bodyStyle": "Pickup",
    "tcs": true,
    "abs": true,
    "enginePos": "Front",
    "fuelType": "Petrol",
    "mra": 41.7,
    "ola": 86.02,
    "description": "",
    "card": "https://media.discordapp.net/attachments/819199720249360384/824626860473188412/xpolorthingy.png",
    "333TopSpeed": 111,
    "3330to60": 8.8,
    "333Handling": 65,
    "666TopSpeed": 116,
    "6660to60": 8.4,
    "666Handling": 67,
    "996TopSpeed": 121,
    "9960to60": 7.9,
    "996Handling": 67,
    "969TopSpeed": 121,
    "9690to60": 8.4,
    "969Handling": 70,
    "699TopSpeed": 116,
    "6990to60": 7.9,
    "699Handling": 70,
    "racehud": "https://cdn.discordapp.com/attachments/1077293403668234340/1095386130855235635/c00433.png",
    "creator": "Spence"
}