{
    "rq": 68,
    "make": "Ford",
    "model": "Mustang GT",
    "modelYear": 2015,
    "country": "US",
    "topSpeed": 160,
    "0to60": 4.6,
    "handling": 83,
    "driveType": "RWD",
    "tyreType": "Performance",
    "tags": [
        "Silver Screen",
        "Style Icon",
        "Muscle Car","OG"
    ],
    "isPrize": false,
    "weight": 1728,
    "gc": "Medium",
    "seatCount": 4,
    "bodyStyle": "Coupe",
    "tcs": true,
    "abs": true,
    "enginePos": "Front",
    "fuelType": "Petrol",
    "mra": 76.27,
    "ola": 93.33,
    "description": "Pony car cure for a broken heart.",
    "card": "https://media.discordapp.net/attachments/819199720249360384/834769819685093376/ford_mustang_gt.png",
    "333TopSpeed": 163,
    "3330to60": 4.4,
    "333Handling": 86,
    "666TopSpeed": 167,
    "6660to60": 4.1,
    "666Handling": 88,
    "996TopSpeed": 170,
    "9960to60": 3.9,
    "996Handling": 88,
    "969TopSpeed": 170,
    "9690to60": 4.1,
    "969Handling": 92,
    "699TopSpeed": 167,
    "6990to60": 3.9,
    "699Handling": 92,
    "racehud": "https://media.discordapp.net/attachments/995376525119586356/1003274854809735258/mustang_gt.jpg",
    "creator": "Keanny"
}