{
    "rq": 13,
    "make": "Fiat",
    "model": "X1/9",
    "modelYear": 1972,
    "country": "IT",
    "topSpeed": 101,
    "0to60": 14.1,
    "handling": 70,
    "driveType": "RWD",
    "tyreType": "Standard",
    "tags": [],
    "isPrize": false,
    "weight": 880,
    "gc": "Low",
    "seatCount": 2,
    "bodyStyle": "Convertible",
    "tcs": false,
    "abs": false,
    "enginePos": "Middle",
    "fuelType": "Petrol",
    "mra": 38.76,
    "ola": 61.92,
    "description": "Proof that you don't have to pay big bucks for a mid-engined sports car.",
    "card": "https://media.discordapp.net/attachments/819199720249360384/973945186600247306/x19.png",
    "333TopSpeed": 106,
    "3330to60": 13.4,
    "333Handling": 72,
    "666TopSpeed": 111,
    "6660to60": 12.7,
    "666Handling": 75,
    "996TopSpeed": 116,
    "9960to60": 12,
    "996Handling": 75,
    "969TopSpeed": 116,
    "9690to60": 12.7,
    "969Handling": 78,
    "699TopSpeed": 111,
    "6990to60": 12,
    "699Handling": 78,
    "racehud": "https://media.discordapp.net/attachments/995376525119586356/1003260240764084274/x19.jpg",
    "creator": "Keanny"
}