{
    "rq": 32,
    "make": "General Motors",
    "model": "EV1 Parallel Hybrid",
    "modelYear": 1998,
    "country": "US",
    "topSpeed": 80,
    "0to60": 7,
    "handling": 65,
    "driveType": "4WD",
    "tyreType": "Standard",
    "tags": [
        "Eco-Friendly",
        "Innovative",
        "Unique"
    ],
    "isPrize": false,
    "weight": 1511,
    "gc": "Low",
    "seatCount": 4,
    "bodyStyle": "Coupe",
    "tcs": true,
    "abs": true,
    "enginePos": "Mixed",
    "fuelType": "Hybrid",
    "mra": 43.09,
    "ola": 62.86,
    "description": "The Parallel Hybrid featured three power units - a de-stroked 1.3L turbocharged diesel engine and an AC induction motor driving the front wheels as well as 2 6.5hp DC motors driving the rear. The resulting car sips less than 3L of diesel per 100km for 890km.",
    "card": "https://media.discordapp.net/attachments/819199720249360384/865584878141308928/general_motors_ev1_parallel_hybrid.png",
    "333TopSpeed": 87,
    "3330to60": 6.7,
    "333Handling": 67,
    "666TopSpeed": 93,
    "6660to60": 6.3,
    "666Handling": 69,
    "996TopSpeed": 100,
    "9960to60": 6,
    "996Handling": 69,
    "969TopSpeed": 100,
    "9690to60": 6.3,
    "969Handling": 72,
    "699TopSpeed": 93,
    "6990to60": 6,
    "699Handling": 72,
    "racehud": "https://media.discordapp.net/attachments/995376525119586356/1003163938961244240/ev1_parallel.jpg",
    "creator": "Keanny"
}