{
    "rq": 17,
    "make": "General Motors",
    "model": "EV1 Fuel Cell",
    "modelYear": 1998,
    "country": "US",
    "topSpeed": 80,
    "0to60": 9,
    "handling": 61,
    "driveType": "FWD",
    "tyreType": "Standard",
    "tags": [
        "Eco-Friendly",
        "Innovative",
        "Unique"
    ],
    "isPrize": false,
    "weight": 1558,
    "gc": "Low",
    "seatCount": 4,
    "bodyStyle": "Coupe",
    "tcs": true,
    "abs": true,
    "enginePos": "Front",
    "fuelType": "Electric",
    "mra": 39.54,
    "ola": 68.89,
    "description": "On the 1998 Detroit Auto Show, GM revealed 4 EV1 prototypes with different kinds of powertrains installed on them. The cars were stretched to seat 4 instead of 2, an idea that GM wanted to revisit after rejecting the idea during R&D. The Fuel Cell Prototype had the same methanol-powered fuel cell system as the one found in the Mercedes-Benz NECAR 3, which consisted of a fuel processor, an expander/compressor and a fuel cell stack. This powertrain tripled the EV1's original range.",
    "card": "https://media.discordapp.net/attachments/819199720249360384/865584844049481738/general_motors_ev1_fuel_cell.png",
    "333TopSpeed": 87,
    "3330to60": 8.6,
    "333Handling": 63,
    "666TopSpeed": 93,
    "6660to60": 8.1,
    "666Handling": 65,
    "996TopSpeed": 100,
    "9960to60": 7.7,
    "996Handling": 65,
    "969TopSpeed": 100,
    "9690to60": 8.1,
    "969Handling": 68,
    "699TopSpeed": 93,
    "6990to60": 7.7,
    "699Handling": 68,
    "racehud": "https://media.discordapp.net/attachments/995376525119586356/1003163954022973460/ev1_hybrid.jpg",
    "creator": "Keanny"
}