{
    "rq": 70,
    "make": "Ford",
    "model": "F-150 Raptor",
    "modelYear": 2017,
    "country": "US",
    "topSpeed": 108,
    "0to60": 5.2,
    "handling": 64,
    "driveType": "4WD",
    "tyreType": "Off-Road",
    "tags": [
        "Style Icon"
    ],
    "isPrize": false,
    "weight": 2568,
    "gc": "High",
    "seatCount": 5,
    "bodyStyle": "Pickup",
    "tcs": true,
    "abs": true,
    "enginePos": "Front",
    "fuelType": "Petrol",
    "mra": 37.14,
    "ola": 80.77,
    "description": "The Raptor that would set the template for future additions to the model line. Now armed with an EcoBoost V6 with V8-level power, a lighter aluminum body, and further enhancements to the Raptor's hallmark Fox suspension.",
    "card": "https://media.discordapp.net/attachments/819199720249360384/820817998616199228/2017_Ford_F150_Raptor.png",
    "333TopSpeed": 113,
    "3330to60": 4.9,
    "333Handling": 66,
    "666TopSpeed": 118,
    "6660to60": 4.7,
    "666Handling": 68,
    "996TopSpeed": 122,
    "9960to60": 4.4,
    "996Handling": 68,
    "969TopSpeed": 122,
    "9690to60": 4.7,
    "969Handling": 71,
    "699TopSpeed": 118,
    "6990to60": 4.4,
    "699Handling": 71,
    "racehud": "https://media.discordapp.net/attachments/995376525119586356/1018168400335351888/Ford_F-150_Raptor_2017.png",
    "creator": "DodgeDemon"
}