{
    "rq": 18,
    "make": "Fiat",
    "model": "124 Spider 1600",
    "modelYear": 1970,
    "country": "IT",
    "topSpeed": 106,
    "0to60": 12.5,
    "handling": 75,
    "driveType": "RWD",
    "tyreType": "Standard",
    "tags": [],
    "isPrize": false,
    "weight": 989,
    "gc": "Low",
    "seatCount": 2,
    "bodyStyle": "Convertible",
    "tcs": false,
    "abs": false,
    "enginePos": "Front",
    "fuelType": "Petrol",
    "mra": 27.11,
    "ola": 68.8,
    "description": "A cheap fun Pininfarina spider that costs a penny.",
    "card": "https://media.discordapp.net/attachments/819199720249360384/825623225173409822/image0.jpg",
    "333TopSpeed": 111,
    "3330to60": 11.9,
    "333Handling": 77,
    "666TopSpeed": 116,
    "6660to60": 11.3,
    "666Handling": 80,
    "996TopSpeed": 121,
    "9960to60": 10.6,
    "996Handling": 80,
    "969TopSpeed": 121,
    "9690to60": 11.3,
    "969Handling": 83,
    "699TopSpeed": 116,
    "6990to60": 10.6,
    "699Handling": 83,
    "racehud": "https://media.discordapp.net/attachments/995376525119586356/1025849822101651486/Fiat_124_Spider_1600.png",
    "creator": "Spence"
}