{
    "rq": 14,
    "make": "Ford",
    "model": "Pinto 2300",
    "modelYear": 1973,
    "country": "US",
    "topSpeed": 93,
    "0to60": 15.2,
    "handling": 63,
    "driveType": "RWD",
    "tyreType": "Standard",
    "tags": [
        "Silver Screen"
    ],
    "isPrize": false,
    "weight": 914,
    "gc": "Medium",
    "seatCount": 4,
    "bodyStyle": "Hatchback",
    "tcs": false,
    "abs": false,
    "enginePos": "Front",
    "fuelType": "Petrol",
    "mra": 11,
    "ola": 60.53,
    "description": "When you casually wanna die in a fire.",
    "card": "https://media.discordapp.net/attachments/819199720249360384/865597735892811807/F.FordPinto2300.png",
    "333TopSpeed": 99,
    "3330to60": 14.4,
    "333Handling": 65,
    "666TopSpeed": 104,
    "6660to60": 13.7,
    "666Handling": 67,
    "996TopSpeed": 110,
    "9960to60": 12.9,
    "996Handling": 67,
    "969TopSpeed": 110,
    "9690to60": 13.7,
    "969Handling": 70,
    "699TopSpeed": 104,
    "6990to60": 12.9,
    "699Handling": 70,
    "racehud": "https://media.discordapp.net/attachments/995376525119586356/1023201641090011166/ford.png",
    "creator": "Connor"
}