{
    "rq": 38,
    "make": "Ford",
    "model": "Sierra RS Cosworth",
    "modelYear": 1986,
    "country": "GB",
    "topSpeed": 147,
    "0to60": 6.1,
    "handling": 73,
    "driveType": "RWD",
    "tyreType": "Performance",
    "tags": [
        "Street Racer",
        "The Royal Collection"
    ],
    "isPrize": true,
    "weight": 1315,
    "gc": "Low",
    "seatCount": 4,
    "bodyStyle": "Hatchback",
    "tcs": false,
    "abs": true,
    "enginePos": "Front",
    "fuelType": "Petrol",
    "mra": 61.62,
    "ola": 85.25,
    "description": "A factory hot rod conceived and built solely to satisfy FIA's Group A rules.",
    "card": "https://media.discordapp.net/attachments/819199720249360384/855189474597273660/D.FordSierraRSCossie.png",
    "333TopSpeed": 151,
    "3330to60": 5.8,
    "333Handling": 75,
    "666TopSpeed": 154,
    "6660to60": 5.5,
    "666Handling": 78,
    "996TopSpeed": 158,
    "9960to60": 5.2,
    "996Handling": 78,
    "969TopSpeed": 158,
    "9690to60": 5.5,
    "969Handling": 81,
    "699TopSpeed": 154,
    "6990to60": 5.2,
    "699Handling": 81,
    "racehud": "https://media.discordapp.net/attachments/995376525119586356/1023202367946113044/ford.png",
    "creator": "Connor"
}