{
    "rq": 31,
    "make": "Ford",
    "model": "Ecosport Titanium 1.0",
    "modelYear": 2017,
    "country": "GB",
    "topSpeed": 113,
    "0to60": 10.7,
    "handling": 70,
    "driveType": "FWD",
    "tyreType": "Standard",
    "tags": [],
    "isPrize": false,
    "weight": 1385,
    "gc": "High",
    "seatCount": 5,
    "bodyStyle": "SUV",
    "tcs": true,
    "abs": true,
    "enginePos": "Front",
    "fuelType": "Petrol",
    "mra": 42.89,
    "ola": 66.36,
    "description": "A Fiesta on cheap steroids. Card by Andu",
    "card": "https://media.discordapp.net/attachments/819199720249360384/821696920980029490/EcoTitanium.png",
    "333TopSpeed": 118,
    "3330to60": 10.2,
    "333Handling": 72,
    "666TopSpeed": 122,
    "6660to60": 9.6,
    "666Handling": 75,
    "996TopSpeed": 127,
    "9960to60": 9.1,
    "996Handling": 75,
    "969TopSpeed": 127,
    "9690to60": 9.6,
    "969Handling": 78,
    "699TopSpeed": 122,
    "6990to60": 9.1,
    "699Handling": 78,
    "racehud": "https://media.discordapp.net/attachments/995376525119586356/1043863331469021265/Ecosport.png",
    "creator": "Andu"
}
