{
    "rq": 20,
    "make": "Ford",
    "model": "Festiva",
    "modelYear": 1987,
    "country": "US",
    "topSpeed": 93,
    "0to60": 11.3,
    "handling": 62,
    "driveType": "FWD",
    "tyreType": "Standard",
    "tags": ["Year of the Rabbit"],
    "isPrize": false,
    "weight": 780,
    "gc": "Medium",
    "seatCount": 4,
    "bodyStyle": "Hatchback",
    "tcs": false,
    "abs": false,
    "enginePos": "Front",
    "fuelType": "Petrol",
    "mra": 19.38,
    "ola": 64.01,
    "description": "What car? I just see a trash can in front of a petco. Card by Andu",
    "card": "https://media.discordapp.net/attachments/819199720249360384/865588952701206579/FestivaTagged.png",
    "333TopSpeed": 99,
    "3330to60": 10.7,
    "333Handling": 64,
    "666TopSpeed": 104,
    "6660to60": 10.2,
    "666Handling": 66,
    "996TopSpeed": 110,
    "9960to60": 9.6,
    "996Handling": 66,
    "969TopSpeed": 110,
    "9690to60": 10.2,
    "969Handling": 69,
    "699TopSpeed": 104,
    "6990to60": 9.6,
    "699Handling": 69,
    "racehud": "https://media.discordapp.net/attachments/995376525119586356/1050516529147547718/Festiva.png",
    "creator": "Andu"
}
