{
    "rq": 54,
    "make": "Ford",
    "model": "F-150 SVT Raptor 6.2",
    "modelYear": 2010,
    "country": "US",
    "topSpeed": 100,
    "0to60": 6.9,
    "handling": 63,
    "driveType": "4WD",
    "tyreType": "Off-Road",
    "tags": [
        "OG",
        "Servers Choice"
    ],
    "isPrize": false,
    "weight": 2659,
    "gc": "High",
    "seatCount": 5,
    "bodyStyle": "Pickup",
    "tcs": true,
    "abs": true,
    "enginePos": "Front",
    "fuelType": "Petrol",
    "mra": 56.1,
    "ola": 78.26,
    "description": "The real deal.",
    "card": "https://media.discordapp.net/attachments/819199720249360384/820816709786009650/2010_Ford_F150_SVT_Raptor.png",
    "333TopSpeed": 105,
    "3330to60": 6.6,
    "333Handling": 65,
    "666TopSpeed": 110,
    "6660to60": 6.2,
    "666Handling": 67,
    "996TopSpeed": 116,
    "9960to60": 5.9,
    "996Handling": 67,
    "969TopSpeed": 116,
    "9690to60": 6.2,
    "969Handling": 70,
    "699TopSpeed": 110,
    "6990to60": 5.9,
    "699Handling": 70,
    "racehud": "https://media.discordapp.net/attachments/995376525119586356/1017009696483311616/svtraptor_6.2.jpg",
    "creator": "DodgeDemon"
}