{
    "rq": 36,
    "make": "Fiat",
    "model": "500X 2.4 Trekking AWD",
    "modelYear": 2015,
    "country": "IT",
    "topSpeed": 120,
    "0to60": 8.7,
    "handling": 69,
    "driveType": "4WD",
    "tyreType": "Standard",
    "tags": [
        "OG"
    ],
    "isPrize": false,
    "weight": 1525,
    "gc": "Medium",
    "seatCount": 5,
    "bodyStyle": "SUV",
    "tcs": true,
    "abs": true,
    "enginePos": "Front",
    "fuelType": "Petrol",
    "mra": 45.08,
    "ola": 68.97,
    "description": "Back before Packs were a thing, this was annoyingly hard to get...and it was nessassary for some of the first events.",
    "card": "https://media.discordapp.net/attachments/819199720249360384/947597123262763018/D.Fiat500X24TrekkingAWD.png",
    "333TopSpeed": 124,
    "3330to60": 8.3,
    "333Handling": 71,
    "666TopSpeed": 129,
    "6660to60": 7.8,
    "666Handling": 74,
    "996TopSpeed": 133,
    "9960to60": 7.4,
    "996Handling": 74,
    "969TopSpeed": 133,
    "9690to60": 7.8,
    "969Handling": 77,
    "699TopSpeed": 129,
    "6990to60": 7.4,
    "699Handling": 77,
    "racehud": "https://cdn.discordapp.com/attachments/1077293403668234340/1095382782026465395/c00411.png",
    "creator": "Connor"
}