{
    "rq": 85,
    "make": "Ferrari",
    "model": "Monza SP2",
    "modelYear": 2019,
    "country": "IT",
    "topSpeed": 186,
    "0to60": 2.9,
    "handling": 91,
    "driveType": "RWD",
    "tyreType": "Performance",
    "tags": ["Supercar","Ultra Expensive"],
    "isPrize": false,
    "weight": 1520,
    "gc": "Low",
    "seatCount": 2,
    "bodyStyle": "Open Air",
    "tcs": true,
    "abs": true,
    "enginePos": "Front",
    "fuelType": "Petrol",
    "mra": 96.67,
    "ola": 103.45,
    "description": "The 2 seater version of the SP1.",
    "card": "https://media.discordapp.net/attachments/819199720249360384/856545283440902164/MonzaSP2thingy.png",
    "333TopSpeed": 189,
    "3330to60": 2.8,
    "333Handling": 94,
    "666TopSpeed": 192,
    "6660to60": 2.6,
    "666Handling": 97,
    "996TopSpeed": 194,
    "9960to60": 2.5,
    "996Handling": 97,
    "969TopSpeed": 194,
    "9690to60": 2.6,
    "969Handling": 101,
    "699TopSpeed": 192,
    "6990to60": 2.5,
    "699Handling": 101,
    "racehud": "https://media.discordapp.net/attachments/995376525119586356/996023783926284348/monzasp2.png",
    "creator": "Bnuuy"
}