{
    "rq": 70,
    "make": "Ford",
    "model": "Focus RS",
    "modelYear": 2016,
    "country": "GB",
    "topSpeed": 165,
    "0to60": 4.6,
    "handling": 90,
    "driveType": "4WD",
    "tyreType": "Performance",
    "tags": ["Hot Hatch","Oceanic View"],
    "isPrize": false,
    "weight": 1550,
    "gc": "Low",
    "seatCount": 5,
    "bodyStyle": "Hatchback",
    "tcs": true,
    "abs": true,
    "enginePos": "Front",
    "fuelType": "Petrol",
    "mra": 57.5,
    "ola": 65.44,
    "description": "The only hot hatch with drift mode. oh wait.",
    "card": "https://media.discordapp.net/attachments/819199720249360384/996296675993853982/FordFocusRS2016.png",
    "333TopSpeed": 168,
    "3330to60": 4.4,
    "333Handling": 93,
    "666TopSpeed": 171,
    "6660to60": 4.1,
    "666Handling": 96,
    "996TopSpeed": 174,
    "9960to60": 3.9,
    "996Handling": 96,
    "969TopSpeed": 174,
    "9690to60": 4.1,
    "969Handling": 100,
    "699TopSpeed": 171,
    "6990to60": 3.9,
    "699Handling": 100,
    "racehud": "https://media.discordapp.net/attachments/995376525119586356/996296738052767784/FordFocusRS2016.png",
    "creator": "Spence"
}