{
    "rq": 28,
    "make": "Ford",
    "model": "Focus SE Wagon",
    "modelYear": 2000,
    "country": "US",
    "topSpeed": 102,
    "0to60": 10.4,
    "handling": 71,
    "driveType": "FWD",
    "tyreType": "Standard",
    "tags": [],
    "isPrize": false,
    "weight": 1298,
    "gc": "Medium",
    "seatCount": 5,
    "bodyStyle": "Wagon",
    "tcs": true,
    "abs": true,
    "enginePos": "Front",
    "fuelType": "Petrol",
    "mra": 39.99,
    "ola": 61.99,
    "description": "A Focus but wagon.",
    "card": "https://media.discordapp.net/attachments/819199720249360384/819390678801842176/ford_focus_se_wagon.png",
    "333TopSpeed": 107,
    "3330to60": 9.9,
    "333Handling": 73,
    "666TopSpeed": 112,
    "6660to60": 9.4,
    "666Handling": 76,
    "996TopSpeed": 117,
    "9960to60": 8.8,
    "996Handling": 76,
    "969TopSpeed": 117,
    "9690to60": 9.4,
    "969Handling": 79,
    "699TopSpeed": 112,
    "6990to60": 8.8,
    "699Handling": 79,
    "racehud": "https://media.discordapp.net/attachments/995376525119586356/1003308692738945094/focus_se_wagon.jpg",
    "creator": "Keanny"
}