{
    "rq": 34,
    "make": "Ford",
    "model": "Focus ZX3",
    "modelYear": 2001,
    "country": "US",
    "topSpeed": 104,
    "0to60": 8.9,
    "handling": 73,
    "driveType": "FWD",
    "tyreType": "Standard",
    "tags": [],
    "isPrize": false,
    "weight": 1228,
    "gc": "Medium",
    "seatCount": 5,
    "bodyStyle": "Hatchback",
    "tcs": false,
    "abs": false,
    "enginePos": "Front",
    "fuelType": "Petrol",
    "mra": 40.09,
    "ola": 65.17,
    "description": "A Focus but slow-ish.",
    "card": "https://media.discordapp.net/attachments/819199720249360384/819391009921302566/ford_focus_zx3.png",
    "333TopSpeed": 109,
    "3330to60": 8.5,
    "333Handling": 75,
    "666TopSpeed": 114,
    "6660to60": 8,
    "666Handling": 78,
    "996TopSpeed": 119,
    "9960to60": 7.6,
    "996Handling": 78,
    "969TopSpeed": 119,
    "9690to60": 8,
    "969Handling": 81,
    "699TopSpeed": 114,
    "6990to60": 7.6,
    "699Handling": 81,
    "racehud": "https://media.discordapp.net/attachments/995376525119586356/1003308543216197732/focus_zx3.jpg",
    "creator": "Keanny"
}