{
    "rq": 22,
    "make": "Ford",
    "model": "Transit 350 XLT",
    "modelYear": 2015,
    "country": "US",
    "topSpeed": 97,
    "0to60": 7.6,
    "handling": 63,
    "driveType": "RWD",
    "tyreType": "Standard",
    "tags": [],
    "isPrize": false,
    "weight": 2926,
    "gc": "Low",
    "seatCount": 7,
    "bodyStyle": "Commercial",
    "tcs": true,
    "abs": true,
    "enginePos": "Front",
    "fuelType": "Petrol",
    "mra": 15.88,
    "ola": 65.32,
    "description": "Ford's Promising Van in EcoBoost and Diesel Forms.",
    "card": "https://media.discordapp.net/attachments/819199720249360384/865585353427124224/CD_Ford_Transit_350_XLT.png",
    "333TopSpeed": 102,
    "3330to60": 7.2,
    "333Handling": 65,
    "666TopSpeed": 108,
    "6660to60": 6.8,
    "666Handling": 67,
    "996TopSpeed": 113,
    "9960to60": 6.5,
    "996Handling": 67,
    "969TopSpeed": 113,
    "9690to60": 6.8,
    "969Handling": 70,
    "699TopSpeed": 108,
    "6990to60": 6.5,
    "699Handling": 70,
    "racehud": "https://media.discordapp.net/attachments/995376525119586356/1023528540685217854/Ford_Transit_350_XLT.png",
    "creator": "Exist"
}