{
    "rq": 31,
    "make": "Ford",
    "model": "Thunderbird Turbo Coupe",
    "modelYear": 1987,
    "country": "US",
    "topSpeed": 137,
    "0to60": 8.0,
    "handling": 72,
    "driveType": "RWD",
    "tyreType": "Performance",
    "tags": [
        "Muscle Car", "Year of the Rabbit"
    ],
    "isPrize": false,
    "weight": 1542,
    "gc": "Medium",
    "seatCount": 4,
    "bodyStyle": "Coupe",
    "tcs": false,
    "abs": false,
    "enginePos": "Front",
    "fuelType": "Petrol",
    "mra": 45.71,
    "ola": 60,
    "description": "Hmm, it looks like Hutch has stolen our card.",
    "card": "https://media.discordapp.net/attachments/819199720249360384/822474787032530954/image0.jpg",
    "333TopSpeed": 141,
    "3330to60": 7.6,
    "333Handling": 74,
    "666TopSpeed": 145,
    "6660to60": 7.2,
    "666Handling": 77,
    "996TopSpeed": 148,
    "9960to60": 6.8,
    "996Handling": 77,
    "969TopSpeed": 148,
    "9690to60": 7.2,
    "969Handling": 80,
    "699TopSpeed": 145,
    "6990to60": 6.8,
    "699Handling": 80,
    "racehud": "https://cdn.discordapp.com/attachments/1077293403668234340/1100120270896902204/thunderbirb.png",
    "creator": "Spence"
}