{
    "rq": 21,
    "make": "Fiat",
    "model": "Croma 1.6",
    "modelYear": 1986,
    "country": "IT",
    "topSpeed": 106,
    "0to60": 13.6,
    "handling": 69,
    "driveType": "FWD",
    "tyreType": "Standard",
    "tags": [
        "The Tyrol Tour"
    ],
    "isPrize": false,
    "weight": 1170,
    "gc": "Medium",
    "seatCount": 5,
    "bodyStyle": "Sedan",
    "tcs": false,
    "abs": false,
    "enginePos": "Front",
    "fuelType": "Petrol",
    "mra": 35.32,
    "ola": 63.24,
    "description": "Base model engine for base model needs. Card by Andu",
    "card": "https://media.discordapp.net/attachments/819199720249360384/859053645089865758/Croma16.png",
    "333TopSpeed": 111,
    "3330to60": 12.9,
    "333Handling": 71,
    "666TopSpeed": 116,
    "6660to60": 12.2,
    "666Handling": 74,
    "996TopSpeed": 121,
    "9960to60": 11.6,
    "996Handling": 74,
    "969TopSpeed": 121,
    "9690to60": 12.2,
    "969Handling": 77,
    "699TopSpeed": 116,
    "6990to60": 11.6,
    "699Handling": 77,
    "racehud": "https://media.discordapp.net/attachments/995376525119586356/1050517486463893634/Croma16.png",
    "creator": "Andu"
}
