{
    "rq": 33,
    "make": "Ford",
    "model": "Focus ZX4 ST",
    "modelYear": 2005,
    "country": "US",
    "topSpeed": 120,
    "0to60": 7.8,
    "handling": 73,
    "driveType": "FWD",
    "tyreType": "Performance",
    "tags": [],
    "isPrize": false,
    "weight": 1214,
    "gc": "Medium",
    "seatCount": 5,
    "bodyStyle": "Sedan",
    "tcs": false,
    "abs": false,
    "enginePos": "Front",
    "fuelType": "Petrol",
    "mra": 50.65,
    "ola": 61.54,
    "description": "A half-assed replacement for the discontinued SVT Focus.",
    "card": "https://media.discordapp.net/attachments/819199720249360384/819391053941178368/ford_focus_zx4_st.png",
    "333TopSpeed": 124,
    "3330to60": 7.4,
    "333Handling": 75,
    "666TopSpeed": 129,
    "6660to60": 7,
    "666Handling": 78,
    "996TopSpeed": 133,
    "9960to60": 6.6,
    "996Handling": 78,
    "969TopSpeed": 133,
    "9690to60": 7,
    "969Handling": 81,
    "699TopSpeed": 129,
    "6990to60": 6.6,
    "699Handling": 81,
    "racehud": "https://media.discordapp.net/attachments/995376525119586356/1003308509070360576/focus_zx4.jpg",
    "creator": "Keanny"
}