{
    "rq": 28,
    "make": "Ford",
    "model": "Focus 1.8 TDCi 100",
    "modelYear": 2002,
    "country": "GB",
    "topSpeed": 117,
    "0to60": 10.4,
    "handling": 69,
    "driveType": "FWD",
    "tyreType": "Standard",
    "tags": [],
    "isPrize": false,
    "weight": 1285,
    "gc": "Medium",
    "seatCount": 5,
    "bodyStyle": "Hatchback",
    "tcs": false,
    "abs": true,
    "enginePos": "Front",
    "fuelType": "Diesel",
    "mra": 50.81,
    "ola": 67.02,
    "description": "Out with TDDi, in with TDCi.",
    "card": "https://media.discordapp.net/attachments/819199720249360384/819390650713243658/ford_focus_1.8_tdci_zetec_100.png",
    "333TopSpeed": 121,
    "3330to60": 9.9,
    "333Handling": 71,
    "666TopSpeed": 126,
    "6660to60": 9.4,
    "666Handling": 74,
    "996TopSpeed": 130,
    "9960to60": 8.8,
    "996Handling": 74,
    "969TopSpeed": 130,
    "9690to60": 9.4,
    "969Handling": 77,
    "699TopSpeed": 126,
    "6990to60": 8.8,
    "699Handling": 77,
    "racehud": "https://media.discordapp.net/attachments/995376525119586356/1003308716440952934/focus_tdci.jpg",
    "creator": "Keanny"
}