{
    "rq": 84,
    "make": ["Matech Racing", "Ford"],
    "model": "GT3",
    "modelYear": 2007,
    "country": "CH",
    "topSpeed": 181,
    "0to60": 3.3,
    "handling": 96,
    "driveType": "RWD",
    "tyreType": "Slick",
    "tags": ["Motorsport", "Rest of The World"],
    "isPrize": false,
	
    "weight": 1290,
    "gc": "Low",
    "seatCount": 1,
    "bodyStyle": "Coupe",
    "tcs": true,
    "abs": true,
    "enginePos": "Rear",
    "fuelType": "Petrol",
    "mra": 91.67,
    "ola": 84.85,
    "description": "",
    "card": "https://media.discordapp.net/attachments/819199720249360384/1017125081761189948/MatechGT3.png",
	"racehud": "https://media.discordapp.net/attachments/995376525119586356/1017125605092904970/MatechGT3.png",
    "creator": "Bnuuy",

"333TopSpeed": 184, 
"3330to60": 3.1, 
"333Handling": 99,

"666TopSpeed": 187, 
"6660to60": 3.0, 
"666Handling": 102,

"699TopSpeed": 187, 
"6990to60": 2.8, 
"699Handling": 107,

"969TopSpeed": 190, 
"9690to60": 3.0, 
"969Handling": 107,

"996TopSpeed": 190, 
"9960to60": 2.8, 
"996Handling": 102
}