{
    "rq": 52,
    "make": "Ford",
    "model": "Focus ST",
    "modelYear": 2012,
    "country": "GB",
    "topSpeed": 152,
    "0to60": 6.3,
    "handling": 84,
    "driveType": "FWD",
    "tyreType": "Performance",
    "tags": [
        "Hot Hatch"
    ],
    "isPrize": false,
    "weight": 1362,
    "gc": "Medium",
    "seatCount": 5,
    "bodyStyle": "Hatchback",
    "tcs": true,
    "abs": true,
    "enginePos": "Front",
    "fuelType": "Petrol",
    "mra": 63,
    "ola": 92.06,
    "description": "Wheelspin gang.",
    "card": "https://media.discordapp.net/attachments/819199720249360384/820393646548451378/FocusST.png",
    "333TopSpeed": 155,
    "3330to60": 6,
    "333Handling": 87,
    "666TopSpeed": 159,
    "6660to60": 5.7,
    "666Handling": 90,
    "996TopSpeed": 162,
    "9960to60": 5.4,
    "996Handling": 90,
    "969TopSpeed": 162,
    "9690to60": 5.7,
    "969Handling": 93,
    "699TopSpeed": 159,
    "6990to60": 5.4,
    "699Handling": 93,
    "racehud": "https://media.discordapp.net/attachments/995376525119586356/1006549586904617020/focus_st.jpg",
    "creator": "Andu"
}