{
    "rq": 37,
    "make": "Ford",
    "model": "Focus ST170",
    "modelYear": 2002,
    "country": "GB",
    "topSpeed": 132,
    "0to60": 7.9,
    "handling": 78,
    "driveType": "FWD",
    "tyreType": "Performance",
    "tags": [
        "Hot Hatch"
    ],
    "isPrize": false,
    "weight": 1283,
    "gc": "Medium",
    "seatCount": 5,
    "bodyStyle": "Hatchback",
    "tcs": false,
    "abs": true,
    "enginePos": "Front",
    "fuelType": "Petrol",
    "mra": 59.85,
    "ola": 68.35,
    "description": "A European SVT.",
    "card": "https://media.discordapp.net/attachments/819199720249360384/819390743654170634/ford_focus_st170.png",
    "333TopSpeed": 136,
    "3330to60": 7.5,
    "333Handling": 81,
    "666TopSpeed": 140,
    "6660to60": 7.1,
    "666Handling": 83,
    "996TopSpeed": 143,
    "9960to60": 6.7,
    "996Handling": 83,
    "969TopSpeed": 144,
    "9690to60": 7.1,
    "969Handling": 87,
    "699TopSpeed": 140,
    "6990to60": 6.7,
    "699Handling": 87,
    "racehud": "https://media.discordapp.net/attachments/995376525119586356/1003308631896379562/focus_st170.jpg",
    "creator": "Keanny"
}