{
    "rq": 74,
    "make": ["Fisker", "Kleemann"],
    "model": "Tramonto V8 Kleemann",
    "modelYear": 2005,
    "country": "US",
    "topSpeed": 202,
    "0to60": 3.6,
    "handling": 86,
    "driveType": "RWD",
    "tyreType": "Performance",
    "tags": [
        "Tuner"
    ],
    "isPrize": false,
    "weight": 1905,
    "gc": "Low",
    "seatCount": 2,
    "bodyStyle": "Convertible",
    "tcs": true,
    "abs": true,
    "enginePos": "Front",
    "fuelType": "Petrol",
    "mra": 85.71,
    "ola": 105.56,
    "description": "This Finnish rebodied Mercedes SL 55 has been beefed up by a Danish tuning company Kleemann.",
    "card": "https://media.discordapp.net/attachments/819199720249360384/858027887528640532/image0.png",
    "333TopSpeed": 205,
    "3330to60": 3.4,
    "333Handling": 89,
    "666TopSpeed": 207,
    "6660to60": 3.2,
    "666Handling": 92,
    "699TopSpeed": 207,
    "6990to60": 3.1,
    "699Handling": 95,
    "969TopSpeed": 210,
    "9690to60": 3.2,
    "969Handling": 95,
    "996TopSpeed": 210,
    "9960to60": 3.1,
    "996Handling": 92,
    "racehud": "https://media.discordapp.net/attachments/995376525119586356/1050809423657967716/Fisker_Tramonto_Kleemann.png",
    "creator": "Spence"
}