{
    "rq": 77,
    "make": "Fisker",
    "model": "Tramonto V12",
    "modelYear": 2006,
    "country": "US",
    "topSpeed": 205,
    "0to60": 3.4,
    "handling": 86,
    "driveType": "RWD",
    "tyreType": "Performance",
    "tags": [],
    "isPrize": false,
    "weight": 1905,
    "gc": "Low",
    "seatCount": 2,
    "bodyStyle": "Convertible",
    "tcs": true,
    "abs": true,
    "enginePos": "Front",
    "fuelType": "Petrol",
    "mra": 103.03,
    "ola": 111.76,
    "description": "The last Tramonto that was ever made, now with a V12 from the Merc SL 65 that was tuned to 700 hp and 1000 lb-ft.",
    "card": "https://media.discordapp.net/attachments/819199720249360384/858482535926857749/image0.png",
    "333TopSpeed": 208,
    "3330to60": 3.2,
    "333Handling": 89,
    "666TopSpeed": 210,
    "6660to60": 3.1,
    "666Handling": 92,
    "699TopSpeed": 210,
    "6990to60": 2.9,
    "699Handling": 95,
    "969TopSpeed": 213,
    "9690to60": 3.1,
    "969Handling": 95,
    "996TopSpeed": 213,
    "9960to60": 2.9,
    "996Handling": 92,
    "racehud": "https://media.discordapp.net/attachments/995376525119586356/1017055657301651546/Fisker_Tramonto_V12.png",
    "creator": "Spence"
}