{
    "rq": 39,
    "make": "Ford",
    "model": "Racing Puma",
    "modelYear": 2000,
    "country": "GB",
    "topSpeed": 125,
    "0to60": 7.7,
    "handling": 79,
    "driveType": "FWD",
    "tyreType": "Performance",
    "tags": [
        "The Royal Collection"
    ],
    "isPrize": false,
    "weight": 1135,
    "gc": "Medium",
    "seatCount": 4,
    "bodyStyle": "Coupe",
    "tcs": true,
    "abs": true,
    "enginePos": "Front",
    "fuelType": "Petrol",
    "mra": 57.8,
    "ola": 74.46,
    "description": "A sporty little puma with a limited run of 500 copies.",
    "card": "https://media.discordapp.net/attachments/819199720249360384/847437954417819668/CD_Ford_Racing_Puma.png",
    "333TopSpeed": 129,
    "3330to60": 7.3,
    "333Handling": 82,
    "666TopSpeed": 133,
    "6660to60": 6.9,
    "666Handling": 84,
    "996TopSpeed": 137,
    "9960to60": 6.5,
    "996Handling": 84,
    "969TopSpeed": 137,
    "9690to60": 6.9,
    "969Handling": 88,
    "699TopSpeed": 133,
    "6990to60": 6.5,
    "699Handling": 88,
    "racehud": "https://media.discordapp.net/attachments/995376525119586356/1023307570938646578/Ford_Racing_Puma.png",
    "creator": "Exist"
}