{
    "rq": 36,
    "make": "Ford",
    "model": "Focus SE",
    "modelYear": 2007,
    "country": "US",
    "topSpeed": 113,
    "0to60": 8.1,
    "handling": 71,
    "driveType": "FWD",
    "tyreType": "Standard",
    "tags": [],
    "isPrize": false,
    "weight": 1174,
    "gc": "Medium",
    "seatCount": 5,
    "bodyStyle": "Sedan",
    "tcs": false,
    "abs": false,
    "enginePos": "Front",
    "fuelType": "Petrol",
    "mra": 45,
    "ola": 79.01,
    "description": "The less cool Ford Focus for the folks in the USA.",
    "card": "https://media.discordapp.net/attachments/819199720249360384/824639906382741524/FocusSE.png",
    "333TopSpeed": 118,
    "3330to60": 7.7,
    "333Handling": 73,
    "666TopSpeed": 122,
    "6660to60": 7.3,
    "666Handling": 76,
    "996TopSpeed": 127,
    "9960to60": 6.9,
    "996Handling": 76,
    "969TopSpeed": 127,
    "9690to60": 7.3,
    "969Handling": 79,
    "699TopSpeed": 122,
    "6990to60": 6.9,
    "699Handling": 79,
    "racehud": "https://media.discordapp.net/attachments/995376525119586356/1006544002214010961/focus_se_lame.jpg",
    "creator": "Havvy"
}