{
    "rq": 46,
    "make": "Ford",
    "model": "Bronco White Lightning",
    "modelYear": 1994,
    "country": "US",
    "topSpeed": 110,
    "0to60": 7.7,
    "handling": 70,
    "driveType": "4WD",
    "tyreType": "All-Surface",
    "tags": ["Concept","Unique"],
    "isPrize": true,
    "weight": 2344,
    "gc": "High",
    "seatCount": 5,
    "bodyStyle": "SUV",
    "tcs": false,
    "abs": true,
    "enginePos": "Front",
    "fuelType": "Petrol",
    "mra": 40.31,
    "ola": 66.67,
    "description": "Peter Schweitzer's experimental Ford Bronco with the F-150 Lightning flow.",
    "card": "https://media.discordapp.net/attachments/819199720249360384/823460195119267880/white_boi.png",
    "333TopSpeed": 115,
    "3330to60": 7.3,
    "333Handling": 72,
    "666TopSpeed": 119,
    "6660to60": 6.9,
    "666Handling": 75,
    "996TopSpeed": 124,
    "9960to60": 6.5,
    "996Handling": 75,
    "969TopSpeed": 124,
    "9690to60": 6.9,
    "969Handling": 78,
    "699TopSpeed": 119,
    "6990to60": 6.5,
    "699Handling": 78,
    "racehud": "https://media.discordapp.net/attachments/995376525119586356/1000949030576201739/white_lightning_thumb.png",
    "creator": "Preston"
}