{
    "rq": 60,
    "make": "Ford",
    "model": "Festiva Shogun",
    "modelYear": 1989,
    "country": "US",
    "topSpeed": 145,
    "0to60": 4.9,
    "handling": 86,
    "driveType": "RWD",
    "tyreType": "Performance",
    "tags": [
        "Hot Hatch",
        "Street Racer",
        "Oddity",
        "Unique"
    ],
    "isPrize": true,
    "weight": 993,
    "gc": "Low",
    "seatCount": 2,
    "bodyStyle": "Hatchback",
    "tcs": false,
    "abs": false,
    "enginePos": "Rear",
    "fuelType": "Petrol",
    "mra": 65.55,
    "ola": 73.47,
    "description": "Turning an absolute shitbox into a crazy and wild monster.",
    "card": "https://media.discordapp.net/attachments/819199720249360384/822168363052040292/Shogun.png",
    "333TopSpeed": 149,
    "3330to60": 4.7,
    "333Handling": 89,
    "666TopSpeed": 152,
    "6660to60": 4.4,
    "666Handling": 92,
    "996TopSpeed": 156,
    "9960to60": 4.2,
    "996Handling": 92,
    "969TopSpeed": 156,
    "9690to60": 4.4,
    "969Handling": 95,
    "699TopSpeed": 152,
    "6990to60": 4.2,
    "699Handling": 95,
    "racehud": "https://media.discordapp.net/attachments/995376525119586356/1020328563053973566/Ford_Festiva_Shogun.png",
    "creator": "Andu"
}