{
    "rq": 37,
    "make": "Fiat",
    "model": "500L Trekking",
    "modelYear": 2013,
    "country": "IT",
    "topSpeed": 127,
    "0to60": 8,
    "handling": 68,
    "driveType": "FWD",
    "tyreType": "Standard",
    "tags": [],
    "isPrize": false,
    "weight": 1245,
    "gc": "Medium",
    "seatCount": 5,
    "bodyStyle": "Hatchback",
    "tcs": true,
    "abs": true,
    "enginePos": "Front",
    "fuelType": "Petrol",
    "mra": 50.32,
    "ola": 70.73,
    "description": "Its headlights look like eggs to me. Card by Andu",
    "card": "https://media.discordapp.net/attachments/819199720249360384/820025441489780806/500Trekking.png",
    "333TopSpeed": 131,
    "3330to60": 7.6,
    "333Handling": 70,
    "666TopSpeed": 135,
    "6660to60": 7.2,
    "666Handling": 72,
    "996TopSpeed": 139,
    "9960to60": 6.8,
    "996Handling": 72,
    "969TopSpeed": 139,
    "9690to60": 7.2,
    "969Handling": 75,
    "699TopSpeed": 135,
    "6990to60": 6.8,
    "699Handling": 75,
    "racehud": "https://media.discordapp.net/attachments/995376525119586356/1043848985611341854/500L.png",
    "creator": ""
}
