{
    "rq": 43,
    "make": "Ford",
    "model": "Mustang Boss 302",
    "modelYear": 1970,
    "country": "US",
    "topSpeed": 133,
    "0to60": 5.8,
    "handling": 68,
    "driveType": "RWD",
    "tyreType": "Performance",
    "tags": [
        "Muscle Car",
        "Style Icon"
    ],
    "isPrize": false,
    "weight": 1464,
    "gc": "Medium",
    "seatCount": 2,
    "bodyStyle": "Coupe",
    "tcs": false,
    "abs": false,
    "enginePos": "Front",
    "fuelType": "Petrol",
    "mra": 50.43,
    "ola": 82.76,
    "description": "Made in the golden age of BIG chunky V8s and bad MPG.",
    "card": "https://media.discordapp.net/attachments/819199720249360384/825825192260927558/boss302.png",
    "333TopSpeed": 141,
    "3330to60": 5.5,
    "333Handling": 70,
    "666TopSpeed": 141,
    "6660to60": 5.2,
    "666Handling": 72,
    "996TopSpeed": 145,
    "9960to60": 4.9,
    "996Handling": 72,
    "969TopSpeed": 145,
    "9690to60": 5.2,
    "969Handling": 75,
    "699TopSpeed": 141,
    "6990to60": 4.9,
    "699Handling": 75,
    "racehud": "https://cdn.discordapp.com/attachments/1077293403668234340/1096176984377266216/c00471.png",
    "creator": "DodgeDemon"
}