{
    "rq": 57,
    "make": "Ford",
    "model": "F-150 King Ranch SuperCrew 4x4 6.5' Box",
    "modelYear": 2021,
    "country": "US",
    "topSpeed": 107,
    "0to60": 6.2,
    "handling": 70,
    "driveType": "4WD",
    "tyreType": "All-Surface",
    "tags": [],
    "isPrize": false,
    "weight": 2579,
    "gc": "High",
    "seatCount": 5,
    "bodyStyle": "Pickup",
    "tcs": true,
    "abs": true,
    "enginePos": "Front",
    "fuelType": "Petrol",
    "mra": 63.92,
    "ola": 71.34,
    "description": "Rumored to be the F-150's last V8.",
    "card": "https://media.discordapp.net/attachments/819199720249360384/826913718646472714/F-150_King_Ranch_SuperCrew_4x4_6.5_Box_21.png",
    "333TopSpeed": 112,
    "3330to60": 5.9,
    "333Handling": 72,
    "666TopSpeed": 117,
    "6660to60": 5.6,
    "666Handling": 75,
    "996TopSpeed": 122,
    "9960to60": 5.3,
    "996Handling": 75,
    "969TopSpeed": 122,
    "9690to60": 5.6,
    "969Handling": 78,
    "699TopSpeed": 117,
    "6990to60": 5.3,
    "699Handling": 78,
    "racehud": "https://cdn.discordapp.com/attachments/1077293403668234340/1095406655803494460/Ford_F-150_King_Ranch.png",
    "creator": "Macan"
}