{
    "rq": 24,
    "make": "Fiat",
    "model": "500e",
    "modelYear": 2013,
    "country": "IT",
    "topSpeed": 87,
    "0to60": 8.6,
    "handling": 70,
    "driveType": "FWD",
    "tyreType": "Standard",
    "tags": [
        "Eco-Friendly"
    ],
    "isPrize": false,
    "weight": 1355,
    "gc": "Low",
    "seatCount": 4,
    "bodyStyle": "Hatchback",
    "tcs": true,
    "abs": true,
    "enginePos": "Front",
    "fuelType": "Electric",
    "mra": 0,
    "ola": 65.5,
    "description": "An electric cutie.",
    "card": "https://media.discordapp.net/attachments/819199720249360384/865584754963382302/fiat_500e.png",
    "333TopSpeed": 93,
    "3330to60": 8.2,
    "333Handling": 72,
    "666TopSpeed": 99,
    "6660to60": 7.7,
    "666Handling": 75,
    "996TopSpeed": 105,
    "9960to60": 7.3,
    "996Handling": 75,
    "969TopSpeed": 105,
    "9690to60": 7.7,
    "969Handling": 78,
    "699TopSpeed": 99,
    "6990to60": 7.3,
    "699Handling": 78,
    "racehud": "https://media.discordapp.net/attachments/995376525119586356/1003249675584933958/500e.jpg",
    "creator": "Keanny"
}