{
    "rq": 51,
    "make": "Ford",
    "model": "Cobra 230 M.E.",
    "modelYear": 1986,
    "country": "US",
    "topSpeed": 130,
    "0to60": 6,
    "handling": 81,
    "driveType": "RWD",
    "tyreType": "Performance",
    "tags": [
        "Concept",
        "Unique"
    ],
    "isPrize": false,
    "weight": 1300,
    "gc": "Medium",
    "seatCount": 2,
    "bodyStyle": "Coupe",
    "tcs": false,
    "abs": true,
    "enginePos": "Middle",
    "fuelType": "Petrol",
    "mra": 60,
    "ola": 76.67,
    "description": "A Ford GN34 sports car platform demonstration.",
    "card": "https://media.discordapp.net/attachments/819199720249360384/837305101252558888/ford_cobra_230_m.e..png",
    "333TopSpeed": 134,
    "3330to60": 5.7,
    "333Handling": 84,
    "666TopSpeed": 138,
    "6660to60": 5.4,
    "666Handling": 86,
    "996TopSpeed": 142,
    "9960to60": 5.1,
    "996Handling": 86,
    "969TopSpeed": 142,
    "9690to60": 5.4,
    "969Handling": 90,
    "699TopSpeed": 138,
    "6990to60": 5.1,
    "699Handling": 90,
    "racehud": "https://media.discordapp.net/attachments/995376525119586356/1003164859300581436/230me.jpg",
    "creator": "Keanny"
}