{
    "rq": 89,
    "make": "Ford",
    "model": "RS200 Evolution",
    "modelYear": 1986,
    "country": "GB",
    "topSpeed": 154,
    "0to60": 3.2,
    "handling": 89,
    "driveType": "4WD",
    "tyreType": "Performance",
    "tags": [
        "Track Day",
        "Style Icon",
        "Street Racer",
        "The Royal Collection"
    ],
    "isPrize": false,
    "weight": 1113,
    "gc": "Medium",
    "seatCount": 2,
    "bodyStyle": "Coupe",
    "tcs": false,
    "abs": false,
    "enginePos": "Middle",
    "fuelType": "Petrol",
    "mra": 54.24,
    "ola": 92.31,
    "description": "Ever wanted a Group B car for the road? here is your answer.",
    "card": "https://media.discordapp.net/attachments/819199720249360384/852039430160121906/RS200_Evo.png",
    "333TopSpeed": 157,
    "3330to60": 3.0,
    "333Handling": 92,
    "666TopSpeed": 161,
    "6660to60": 2.9,
    "666Handling": 95,
    "996TopSpeed": 164,
    "9960to60": 2.7,
    "996Handling": 95,
    "969TopSpeed": 164,
    "9690to60": 2.9,
    "969Handling": 99,
    "699TopSpeed": 161,
    "6990to60": 2.7,
    "699Handling": 99,
    "racehud": "https://media.discordapp.net/attachments/995376525119586356/1017880937511538728/Ford_RS200.png",
    "creator": "Thunk"
}