{
    "rq": 43,
    "make": "Ford",
    "model": "Mustang SVT Cobra",
    "modelYear": 1993,
    "country": "US",
    "topSpeed": 141,
    "0to60": 5.8,
    "handling": 77,
    "driveType": "RWD",
    "tyreType": "Performance",
    "tags": ["Muscle Car","Street Racer"],
    "isPrize": false,
    "weight": 1476,
    "gc": "Low",
    "seatCount": 4,
    "bodyStyle": "Coupe",
    "tcs": false,
    "abs": false,
    "enginePos": "Front",
    "fuelType": "Petrol",
    "mra": 60.43,
    "ola": 82.76,
    "description": "One of the best things about a standard Mustang 5.0 is its low-rpm squirt. This is where the Mustang Cobra frustrates. Sure, it's got the beans to rip your head off when you've strained the tach needle deep into the vast yellow zone, but drop below about 2500 rpm, and there's little forward thrust.",
    "card": "https://media.discordapp.net/attachments/819199720249360384/826465964840189992/Ford_Mustang_SVT_Cobra_1993.png",
    "333TopSpeed": 145,
    "3330to60": 5.5,
    "333Handling": 80,
    "666TopSpeed": 148,
    "6660to60": 5.2,
    "666Handling": 82,
    "996TopSpeed": 152,
    "9960to60": 4.9,
    "996Handling": 82,
    "969TopSpeed": 152,
    "9690to60": 5.2,
    "969Handling": 85,
    "699TopSpeed": 148,
    "6990to60": 4.9,
    "699Handling": 85,
    "racehud": "https://media.discordapp.net/attachments/995376525119586356/1000950580648366110/svt_cobra_temp.png",
    "creator": "Preston"
}