{
    "rq": 88,
    "make": "Ford",
    "model": "GT",
    "modelYear": 2017,
    "country": "US",
    "topSpeed": 216,
    "0to60": 3.1,
    "handling": 93,
    "driveType": "RWD",
    "tyreType": "Performance",
    "tags": [
        "Supercar",
        "Ultra Expensive","Oceanic View"
    ],
    "isPrize": false,
    "weight": 1385,
    "gc": "Low",
    "seatCount": 2,
    "bodyStyle": "Coupe",
    "tcs": true,
    "abs": true,
    "enginePos": "Middle",
    "fuelType": "Petrol",
    "mra": 93.94,
    "ola": 90.32,
    "description": "Ford's 2nd generation GT was built to commemorate 50 years of Ford's famous 1-2-3 victory at Le Mans in 1966 and homologate a GTE race car that would go on to win on its Le Mans debut in celebration of that same milestone.",
    "card": "https://media.discordapp.net/attachments/819199720249360384/826132794530725948/17FordGT.png",
    "333TopSpeed": 218,
    "3330to60": 2.9,
    "333Handling": 96,
    "666TopSpeed": 221,
    "6660to60": 2.8,
    "666Handling": 99,
    "996TopSpeed": 223,
    "9960to60": 2.6,
    "996Handling": 99,
    "969TopSpeed": 223,
    "9690to60": 2.8,
    "969Handling": 103,
    "699TopSpeed": 221,
    "6990to60": 2.6,
    "699Handling": 103,
    "racehud": "https://media.discordapp.net/attachments/995376525119586356/1017009334938521700/Ford_GT_2017_hud.png",
    "creator": "DodgeDemon"
}