{
    "rq": 54,
    "make": "Ford",
    "model": "Ranger XL STX SuperCab 4x2 6'Box",
    "modelYear": 2019,
    "country": "US",
    "topSpeed": 111,
    "0to60": 6.2,
    "handling": 69,
    "driveType": "RWD",
    "tyreType": "All-Surface",
    "tags": [],
    "isPrize": false,
    "weight": 1836,
    "gc": "High",
    "seatCount": 5,
    "bodyStyle": "Pickup",
    "tcs": true,
    "abs": true,
    "enginePos": "Front",
    "fuelType": "Diesel",
    "mra": 64.58,
    "ola": 77.42,
    "description": "An Australian designed and developed car. But the American version.",
    "card": "https://media.discordapp.net/attachments/819199720249360384/838222218499981342/Ranger_XL_STX_SuperCab_4x2_6_Box_19.png",
    "333TopSpeed": 116,
    "3330to60": 5.9,
    "333Handling": 71,
    "666TopSpeed": 120,
    "6660to60": 5.6,
    "666Handling": 74,
    "996TopSpeed": 125,
    "9960to60": 5.3,
    "996Handling": 74,
    "969TopSpeed": 125,
    "9690to60": 5.6,
    "969Handling": 77,
    "699TopSpeed": 120,
    "6990to60": 5.3,
    "699Handling": 77,
    "racehud": "https://media.discordapp.net/attachments/995376525119586356/1017009713415725117/stx_supercab.jpg",
    "creator": "Macan"
}