{
    "rq": 32,
    "make": "Ford",
    "model": "Focus ZTS",
    "modelYear": 2000,
    "country": "US",
    "topSpeed": 105,
    "0to60": 9.5,
    "handling": 73,
    "driveType": "FWD",
    "tyreType": "Standard",
    "tags": [],
    "isPrize": false,
    "weight": 1163,
    "gc": "Medium",
    "seatCount": 5,
    "bodyStyle": "Sedan",
    "tcs": false,
    "abs": false,
    "enginePos": "Front",
    "fuelType": "Petrol",
    "mra": 41.65,
    "ola": 59.26,
    "description": "The highest-trim Focus sedan of the early 2000's.y",
    "card": "https://media.discordapp.net/attachments/819199720249360384/819390775091658772/ford_focus_zts.png",
    "333TopSpeed": 110,
    "3330to60": 9,
    "333Handling": 75,
    "666TopSpeed": 115,
    "6660to60": 8.6,
    "666Handling": 78,
    "996TopSpeed": 120,
    "9960to60": 8.1,
    "996Handling": 78,
    "969TopSpeed": 120,
    "9690to60": 8.6,
    "969Handling": 81,
    "699TopSpeed": 115,
    "6990to60": 8.1,
    "699Handling": 81,
    "racehud": "https://media.discordapp.net/attachments/995376525119586356/1003308616167739493/focus_zts.jpg",
    "creator": "Keanny"
}