{
    "rq": 36,
    "make": "Ford",
    "model": "Focus ZTW PZEV",
    "modelYear": 2003,
    "country": "US",
    "topSpeed": 106,
    "0to60": 8.2,
    "handling": 72,
    "driveType": "FWD",
    "tyreType": "Standard",
    "tags": [],
    "isPrize": false,
    "weight": 1315,
    "gc": "Medium",
    "seatCount": 5,
    "bodyStyle": "Wagon",
    "tcs": false,
    "abs": false,
    "enginePos": "Front",
    "fuelType": "Petrol",
    "mra": 49.7,
    "ola": 68.17,
    "description": "A Partial Zero Emission Vehicle only available in certain American states.",
    "card": "https://media.discordapp.net/attachments/819199720249360384/819390819285991424/ford_focus_ztw_pzev.png",
    "333TopSpeed": 111,
    "3330to60": 7.8,
    "333Handling": 74,
    "666TopSpeed": 116,
    "6660to60": 7.4,
    "666Handling": 77,
    "996TopSpeed": 121,
    "9960to60": 7,
    "996Handling": 77,
    "969TopSpeed": 121,
    "9690to60": 7.4,
    "969Handling": 80,
    "699TopSpeed": 116,
    "6990to60": 7,
    "699Handling": 80,
    "racehud": "https://media.discordapp.net/attachments/995376525119586356/1003308562216386650/focus_ztw.jpg",
    "creator": "Keanny"
}