{
    "rq": 24,
    "make": "Ford",
    "model": "Escort LX",
    "modelYear": 1997,
    "country": "US",
    "topSpeed": 119,
    "0to60": 10.9,
    "handling": 63,
    "driveType": "FWD",
    "tyreType": "Standard",
    "tags": [],
    "isPrize": false,
    "weight": 1114,
    "gc": "Medium",
    "seatCount": 5,
    "bodyStyle": "Sedan",
    "tcs": false,
    "abs": true,
    "enginePos": "Front",
    "fuelType": "Petrol",
    "mra": 46.19,
    "ola": 69.9,
    "description": "American blobby nineties escort.",
    "card": "https://media.discordapp.net/attachments/819199720249360384/821476694484713522/EscortUSLX.png",
    "333TopSpeed": 123,
    "3330to60": 10.4,
    "333Handling": 65,
    "666TopSpeed": 128,
    "6660to60": 9.8,
    "666Handling": 67,
    "996TopSpeed": 132,
    "9960to60": 9.3,
    "996Handling": 67,
    "969TopSpeed": 132,
    "9690to60": 9.8,
    "969Handling": 70,
    "699TopSpeed": 128,
    "6990to60": 9.3,
    "699Handling": 70,
    "racehud": "https://media.discordapp.net/attachments/995376525119586356/1017349481022378015/Ford_Escort_LX.png",
    "creator": "Andu"
}