{
    "rq": 46,
    "make": "Ford",
    "model": "F-150 SVT Raptor 5.4",
    "modelYear": 2010,
    "country": "US",
    "topSpeed": 100,
    "0to60": 8.3,
    "handling": 60,
    "driveType": "4WD",
    "tyreType": "Off-Road",
    "tags": [],
    "isPrize": false,
    "weight": 2722,
    "gc": "High",
    "seatCount": 5,
    "bodyStyle": "Pickup",
    "tcs": true,
    "abs": true,
    "enginePos": "Front",
    "fuelType": "Petrol",
    "mra": 39.4,
    "ola": 72.29,
    "description": "Ah yes, getting scammed in terms of performance.",
    "card": "https://media.discordapp.net/attachments/819199720249360384/823492258971123732/raptor_but_slow.png",
    "333TopSpeed": 105,
    "3330to60": 7.9,
    "333Handling": 62,
    "666TopSpeed": 110,
    "6660to60": 7.5,
    "666Handling": 64,
    "996TopSpeed": 116,
    "9960to60": 7.1,
    "996Handling": 64,
    "969TopSpeed": 116,
    "9690to60": 7.5,
    "969Handling": 67,
    "699TopSpeed": 110,
    "6990to60": 7.1,
    "699Handling": 67,
    "racehud": "https://media.discordapp.net/attachments/995376525119586356/1000921498535612516/2010_Raptor_blank.png",
    "creator": "Preston"
}