{
    "rq": 63,
    "make": "Ford",
    "model": "Mustang SVT Cobra",
    "modelYear": 2003,
    "country": "US",
    "topSpeed": 155,
    "0to60": 4.8,
    "handling": 79,
    "driveType": "RWD",
    "tyreType": "Performance",
    "tags": [
        "Muscle Car",
        "Street Racer"
    ],
    "isPrize": false,
    "weight": 1695,
    "gc": "Medium",
    "seatCount": 4,
    "bodyStyle": "Coupe",
    "tcs": true,
    "abs": true,
    "enginePos": "Front",
    "fuelType": "Petrol",
    "mra": 80.67,
    "ola": 83.33,
    "description": "Nicknamed the 'Terminator Cobra', the 2003 SVT Cobra is an American street racing legend. A simple change of the supercharger's pulley drastically increased the power, resulting in it eventually being called 'the Original Hellcat' by Road & Track.",
    "card": "https://media.discordapp.net/attachments/819199720249360384/948258663808778260/03_terminator.png",
    "333TopSpeed": 158,
    "3330to60": 4.6,
    "333Handling": 82,
    "666TopSpeed": 162,
    "6660to60": 4.3,
    "666Handling": 84,
    "996TopSpeed": 165,
    "9960to60": 4.1,
    "996Handling": 84,
    "969TopSpeed": 165,
    "9690to60": 4.3,
    "969Handling": 88,
    "699TopSpeed": 162,
    "6990to60": 4.1,
    "699Handling": 88,
    "racehud": "https://media.discordapp.net/attachments/995376525119586356/1000915955855138816/03_terminator_thumb_blank.png",
    "creator": "Preston"
}