{
    "rq": 31,
    "make": "Ford",
    "model": "F-150 XLT",
    "modelYear": 1997,
    "country": "US",
    "topSpeed": 104,
    "0to60": 10.4,
    "handling": 59,
    "driveType": "4WD",
    "tyreType": "All-Surface",
    "tags": [],
    "isPrize": false,
    "weight": 2721,
    "gc": "High",
    "seatCount": 5,
    "bodyStyle": "Pickup",
    "tcs": false,
    "abs": true,
    "enginePos": "Front",
    "fuelType": "Petrol",
    "mra": 38.19,
    "ola": 60.68,
    "description": "Tenth gen of the most famous pick-up. Card by Andu",
    "card": "https://media.discordapp.net/attachments/819199720249360384/819486499975594014/FR150XLT.png",
    "333TopSpeed": 109,
    "3330to60": 9.9,
    "333Handling": 61,
    "666TopSpeed": 114,
    "6660to60": 9.4,
    "666Handling": 63,
    "996TopSpeed": 119,
    "9960to60": 8.8,
    "996Handling": 63,
    "969TopSpeed": 119,
    "9690to60": 9.4,
    "969Handling": 65,
    "699TopSpeed": 114,
    "6990to60": 8.8,
    "699Handling": 65,
    "racehud": "https://media.discordapp.net/attachments/995376525119586356/1043863550403285013/F150XLT.png",
    "creator": "Andu"
}
