{
    "rq": 89,
    "make": ["Matech Racing", "Ford"],
    "model": "GT1",
    "modelYear": 2009,
    "country": "CH",
    "topSpeed": 205,
    "0to60": 2.9,
    "handling": 96,
    "driveType": "RWD",
    "tyreType": "Slick",
    "tags": ["Motorsport", "Rest of The World"],
    "isPrize": false,
	
    "weight": 1226,
    "gc": "Low",
    "seatCount": 1,
    "bodyStyle": "Coupe",
    "tcs": false,
    "abs": false,
    "enginePos": "Rear",
    "fuelType": "Petrol",
    "mra": 93.55,
    "ola": 82.71,
    "description": "",
    "card": "https://media.discordapp.net/attachments/819199720249360384/1017125016174858392/MatechGT1.png",
	"racehud": "https://media.discordapp.net/attachments/995376525119586356/1017125587233546331/MatechGT1.png",
    "creator": "Bnuuy",

"333TopSpeed": 208, 
"3330to60": 2.8, 
"333Handling": 99,

"666TopSpeed": 210, 
"6660to60": 2.6, 
"666Handling": 102,

"699TopSpeed": 210, 
"6990to60": 2.5, 
"699Handling": 107,

"969TopSpeed": 213, 
"9690to60": 2.6, 
"969Handling": 107,

"996TopSpeed": 213, 
"9960to60": 2.5, 
"996Handling": 102
}