{
    "rq": 32,
    "make": "Ford",
    "model": "Focus SE",
    "modelYear": 2000,
    "country": "US",
    "topSpeed": 106,
    "0to60": 9.3,
    "handling": 72,
    "driveType": "FWD",
    "tyreType": "Standard",
    "tags": [],
    "isPrize": false,
    "weight": 1163,
    "gc": "Medium",
    "seatCount": 5,
    "bodyStyle": "Sedan",
    "tcs": false,
    "abs": false,
    "enginePos": "Front",
    "fuelType": "Petrol",
    "mra": 45.99,
    "ola": 60.99,
    "description": "A Focus but sedan.",
    "card": "https://media.discordapp.net/attachments/819199720249360384/819390705138008104/ford_focus_se.png",
    "333TopSpeed": 111,
    "3330to60": 8.8,
    "333Handling": 74,
    "666TopSpeed": 116,
    "6660to60": 8.4,
    "666Handling": 77,
    "996TopSpeed": 121,
    "9960to60": 7.9,
    "996Handling": 77,
    "969TopSpeed": 121,
    "9690to60": 8.4,
    "969Handling": 80,
    "699TopSpeed": 116,
    "6990to60": 7.9,
    "699Handling": 80,
    "racehud": "https://media.discordapp.net/attachments/995376525119586356/1003308661826932766/focus_se.jpg",
    "creator": "Keanny"
}