{
    "rq": 48,
    "make": "Ford",
    "model": "F-350 Super Duty Platinum Tremor Off-Road Package",
    "modelYear": 2020,
    "country": "US",
    "topSpeed": 95,
    "0to60": 7.5,
    "handling": 64,
    "driveType": "4WD",
    "tyreType": "Off-Road",
    "tags": [],
    "isPrize": false,
    "weight": 3347,
    "gc": "High",
    "seatCount": 5,
    "bodyStyle": "Pickup",
    "tcs": true,
    "abs": true,
    "enginePos": "Front",
    "fuelType": "Petrol",
    "mra": 33.2,
    "ola": 67.2,
    "description": "Long name award winner of 2020.",
    "card": "https://media.discordapp.net/attachments/819199720249360384/938788337332932608/BigAssTrucc.png",
    "333TopSpeed": 100,
    "3330to60": 7.1,
    "333Handling": 66,
    "666TopSpeed": 106,
    "6660to60": 6.8,
    "666Handling": 68,
    "996TopSpeed": 111,
    "9960to60": 6.4,
    "996Handling": 68,
    "969TopSpeed": 111,
    "9690to60": 6.8,
    "969Handling": 71,
    "699TopSpeed": 106,
    "6990to60": 6.4,
    "699Handling": 71,
    "racehud": "https://cdn.discordapp.com/attachments/1077293403668234340/1095364032908759060/Ford_F350_Off-Road.png",
    "creator": "Macan"
}