{
    "rq": 48,
    "make": "Ford",
    "model": "Focus RS",
    "modelYear": 2002,
    "country": "GB",
    "topSpeed": 144,
    "0to60": 6.5,
    "handling": 81,
    "driveType": "FWD",
    "tyreType": "Performance",
    "tags": [
        "Hot Hatch"
    ],
    "isPrize": false,
    "weight": 1276,
    "gc": "Medium",
    "seatCount": 5,
    "bodyStyle": "Hatchback",
    "tcs": false,
    "abs": true,
    "enginePos": "Front",
    "fuelType": "Petrol",
    "mra": 66.33,
    "ola": 78.46,
    "description": "It may not have the straight-line speed, but it handles like a cartoon.",
    "card": "https://media.discordapp.net/attachments/819199720249360384/824372655636742194/image1.jpg",
    "333TopSpeed": 148,
    "3330to60": 6.2,
    "333Handling": 84,
    "666TopSpeed": 151,
    "6660to60": 5.9,
    "666Handling": 86,
    "996TopSpeed": 155,
    "9960to60": 5.5,
    "996Handling": 86,
    "969TopSpeed": 155,
    "9690to60": 5.9,
    "969Handling": 90,
    "699TopSpeed": 151,
    "6990to60": 5.5,
    "699Handling": 90,
    "racehud": "https://media.discordapp.net/attachments/995376525119586356/1006548163970207914/focus_rs.jpg",
    "creator": "Keanny"
}