{
    "rq": 25,
    "make": "Ford",
    "model": "Focus Electric",
    "modelYear": 2011,
    "country": "US",
    "topSpeed": 85,
    "0to60": 10,
    "handling": 68,
    "driveType": "FWD",
    "tyreType": "Standard",
    "tags": [
        "Eco-Friendly",
        "Innovative", "Year of the Rabbit"
    ],
    "isPrize": false,
    "weight": 1643,
    "gc": "Medium",
    "seatCount": 5,
    "bodyStyle": "Hatchback",
    "tcs": true,
    "abs": true,
    "enginePos": "Front",
    "fuelType": "Electric",
    "mra": 20.22,
    "ola": 80,
    "description": "A charged up version of a stylish hatch.",
    "card": "https://media.discordapp.net/attachments/819199720249360384/819390463719112704/electric_focus.png",
    "333TopSpeed": 91,
    "3330to60": 9.5,
    "333Handling": 70,
    "666TopSpeed": 97,
    "6660to60": 9,
    "666Handling": 72,
    "996TopSpeed": 103,
    "9960to60": 8.5,
    "996Handling": 72,
    "969TopSpeed": 103,
    "9690to60": 9,
    "969Handling": 75,
    "699TopSpeed": 97,
    "6990to60": 8.5,
    "699Handling": 75,
    "racehud": "https://media.discordapp.net/attachments/995376525119586356/1003308808115859478/focus_ev.jpg",
    "creator": "Keanny"
}