{
    "rq": 54,
    "make": "Ford",
    "model": "F-150 SVT Lightning",
    "modelYear": 2000,
    "country": "US",
    "topSpeed": 149,
    "0to60": 5.5,
    "handling": 76,
    "driveType": "RWD",
    "tyreType": "Performance",
    "tags": ["Muscle Car","Silver Screen"],
    "isPrize": false,
    "weight": 2270,
    "gc": "High",
    "seatCount": 3,
    "bodyStyle": "Pickup",
    "tcs": false,
    "abs": false,
    "enginePos": "Front",
    "fuelType": "Petrol",
    "mra": 47.79,
    "ola": 77.78,
    "description": "The hot-rod pickup of the beginning of the 21st century.",
    "card": "https://media.discordapp.net/attachments/819199720249360384/819568519736983592/SpenceF150Lightning.png",
    "333TopSpeed": 152,
    "3330to60": 5.2,
    "333Handling": 79,
    "666TopSpeed": 156,
    "6660to60": 5.0,
    "666Handling": 81,
    "996TopSpeed": 159,
    "9960to60": 4.7,
    "996Handling": 81,
    "969TopSpeed": 159,
    "9690to60": 5.0,
    "969Handling": 84,
    "699TopSpeed": 156,
    "6990to60": 4.7,
    "699Handling": 84,
    "racehud": "https://media.discordapp.net/attachments/995376525119586356/997194067073044562/FordF150SVTLightning.png",
    "creator": "Spence"
}