{
    "rq": 69,
    "make": "Fisker",
    "model": "Latigo CS Performance Plus",
    "modelYear": 2007,
    "country": "US",
    "topSpeed": 205,
    "0to60": 3.9,
    "handling": 80,
    "driveType": "RWD",
    "tyreType": "Performance",
    "tags": [],
    "isPrize": false,
    "weight": 1710,
    "gc": "Low",
    "seatCount": 4,
    "bodyStyle": "Coupe",
    "tcs": true,
    "abs": true,
    "enginePos": "Front",
    "fuelType": "Petrol",
    "mra": 105.41,
    "ola": 102.56,
    "description": "A rebodied BMW M6 with a tuning package from RD Sport.",
    "card": "https://media.discordapp.net/attachments/819199720249360384/858554092825870346/image0.png",
    "333TopSpeed": 208,
    "3330to60": 3.7,
    "333Handling": 83,
    "666TopSpeed": 210,
    "6660to60": 3.5,
    "666Handling": 85,
    "699TopSpeed": 210,
    "6990to60": 3.3,
    "699Handling": 89,
    "969TopSpeed": 213,
    "9690to60": 3.5,
    "969Handling": 89,
    "996TopSpeed": 213,
    "9960to60": 3.3,
    "996Handling": 85,
    "racehud": "https://media.discordapp.net/attachments/995376525119586356/1017167414800162856/Fisker_Latigo_CS_Perf..png",
    "creator": "Spence"
}