{
    "rq": 76,
    "make": "Ford",
    "model": "GT",
    "modelYear": 2005,
    "country": "US",
    "topSpeed": 202,
    "0to60": 3.6,
    "handling": 88,
    "driveType": "RWD",
    "tyreType": "Performance",
    "tags": ["Style Icon","Supercar","OG"],
    "isPrize": false,
    "weight": 1581,
    "gc": "Low",
    "seatCount": 2,
    "bodyStyle": "Coupe",
    "tcs": false,
    "abs": true,
    "enginePos": "Middle",
    "fuelType": "Petrol",
    "mra": 80.63,
    "ola": 96.37,
    "description": "The legendary GT40's road-going descendant.",
    "card": "https://media.discordapp.net/attachments/819199720249360384/826206964291600444/GT05.png",
    "333TopSpeed": 205,
    "3330to60": 3.4,
    "333Handling": 91,
    "666TopSpeed": 207,
    "6660to60": 3.2,
    "666Handling": 94,
    "996TopSpeed": 210,
    "9960to60": 3.1,
    "996Handling": 94,
    "969TopSpeed": 210,
    "9690to60": 3.2,
    "969Handling": 98,
    "699TopSpeed": 207,
    "6990to60": 3.1,
    "699Handling": 98,
    "racehud": "https://media.discordapp.net/attachments/995376525119586356/997785200446672976/fordGT05.png",
    "creator": "Havvy"
}