{
    "rq": 86,
    "make": "Ferrari",
    "model": "Omologata",
    "modelYear": 2020,
    "country": "IT",
    "topSpeed": 211,
    "0to60": 2.9,
    "handling": 90,
    "driveType": "RWD",
    "tyreType": "Performance",
    "tags": ["Supercar","Oddity","Ultra Expensive","Unique"],
    "isPrize": false,
    
    "weight": 1635,
    "gc": "Low",
    "seatCount": 2,
    "bodyStyle": "Coupe",
    "tcs": true,
    "abs": true,
    "enginePos": "Front",
    "fuelType": "Petrol",
    "mra": 98.31,
    "ola": 101.38,
    "description": "A special one-off 812.",
    "card": "https://media.discordapp.net/attachments/819199720249360384/1050915452861288589/ferrari_omologata.png",
    "racehud": "https://media.discordapp.net/attachments/995376525119586356/1050915530283941958/ferrari_omologata_hud.png",
    "creator": "c6",

    "333TopSpeed": 213,
    "3330to60": 2.8,
    "333Handling": 93,

    "666TopSpeed": 216,
    "6660to60": 2.6,
    "666Handling": 96,

    "996TopSpeed": 218,
    "9960to60": 2.5,
    "996Handling": 96,

    "969TopSpeed": 218,
    "9690to60": 2.6,
    "969Handling": 100,

    "699TopSpeed": 216,
    "6990to60": 2.5,
    "699Handling": 100
}