{
    "rq": 57,
    "make": "Ford",
    "model": "Mustang Boss 302 Trans-Am",
    "modelYear": 1970,
    "country": "US",
    "topSpeed": 143,
    "0to60": 5.0,
    "handling": 86,
    "driveType": "RWD",
    "tyreType": "Performance",
    "tags": [
        "Motorsport"
    ],
    "isPrize": true,
    "weight": 1317,
    "gc": "Low",
    "seatCount": 4,
    "bodyStyle": "Coupe",
    "tcs": false,
    "abs": false,
    "enginePos": "Front",
    "fuelType": "Petrol",
    "mra": 67.29,
    "ola": 83.88,
    "description": "Ford and Kar Kraft helped both Shelby and Bud Moore prepare race versions of their M-Code Mustang to take on the Penske Camaros.",
    "card": "https://media.discordapp.net/attachments/819199720249360384/823166939865022504/1970_Ford_Mustang_Boss_302_TA.png",
    "333TopSpeed": 147,
    "3330to60": 4.8,
    "333Handling": 89,
    "666TopSpeed": 150,
    "6660to60": 4.5,
    "666Handling": 92,
    "996TopSpeed": 154,
    "9960to60": 4.3,
    "996Handling": 92,
    "969TopSpeed": 154,
    "9690to60": 4.5,
    "969Handling": 95,
    "699TopSpeed": 150,
    "6990to60": 4.3,
    "699Handling": 95,
    "racehud": "https://cdn.discordapp.com/attachments/1077293403668234340/1100120204450730024/moostangbosstrans.png",
    "creator": "DodgeDemon"
}