{
    "rq": 55,
    "make": "Ford",
    "model": "Focus FR200",
    "modelYear": 2001,
    "country": "US",
    "topSpeed": 164,
    "0to60": 5.5,
    "handling": 85,
    "driveType": "FWD",
    "tyreType": "Performance",
    "tags": [
        "Hot Hatch",
        "Concept",
        "Unique"
    ],
    "isPrize": true,
    "weight": 1261,
    "gc": "Low",
    "seatCount": 2,
    "bodyStyle": "Hatchback",
    "tcs": false,
    "abs": false,
    "enginePos": "Front",
    "fuelType": "Petrol",
    "mra": 72.37,
    "ola": 80,
    "description": "If you ignore the front, the FR200 is an absolute rarity of a beast, with only 3 examples made, FWD and 304hp.",
    "card": "https://media.discordapp.net/attachments/819199720249360384/845886555033305158/ford_focus_fr200.png",
    "333TopSpeed": 167,
    "3330to60": 5.2,
    "333Handling": 88,
    "666TopSpeed": 170,
    "6660to60": 5,
    "666Handling": 91,
    "996TopSpeed": 174,
    "9960to60": 4.7,
    "996Handling": 91,
    "969TopSpeed": 174,
    "9690to60": 5,
    "969Handling": 94,
    "699TopSpeed": 170,
    "6990to60": 4.7,
    "699Handling": 94,
    "racehud": "https://media.discordapp.net/attachments/995376525119586356/1003164768447758406/focus_fr500.jpg",
    "creator": "Keanny"
}