{
    "rq": 25,
    "make": "Fiat",
    "model": "500C",
    "modelYear": 2016,
    "country": "IT",
    "topSpeed": 107,
    "0to60": 9.8,
    "handling": 74,
    "driveType": "FWD",
    "tyreType": "Standard",
    "tags": ["OG"],
    "isPrize": false,
    "weight": 1124,
    "gc": "Low",
    "seatCount": 4,
    "bodyStyle": "Convertible",
    "tcs": true,
    "abs": true,
    "enginePos": "Front",
    "fuelType": "Petrol",
    "mra": 28.24,
    "ola": 71.43,
    "description": "",
    "card": "https://media.discordapp.net/attachments/819199720249360384/845694464499384321/500C2017.png",
    "333TopSpeed": 112,
    "3330to60": 9.3,
    "333Handling": 76,
    "666TopSpeed": 117,
    "6660to60": 8.8,
    "666Handling": 79,
    "996TopSpeed": 122,
    "9960to60": 8.3,
    "996Handling": 79,
    "969TopSpeed": 122,
    "9690to60": 8.8,
    "969Handling": 82,
    "699TopSpeed": 117,
    "6990to60": 8.3,
    "699Handling": 82,
    "racehud": "https://media.discordapp.net/attachments/995376525119586356/1050913330581221376/500c.png",
    "creator": "Andu"
}
