{
    "rq": 91,
    "make": "Ford",
    "model": "Puma Super 1600",
    "modelYear": 2001,
    "country": "GB",
    "topSpeed": 143,
    "0to60": 4.6,
    "handling": 90,
    "driveType": "FWD",
    "tyreType": "Off-Road",
    "tags": [
        "The Royal Collection",
        "Motorsport"
    ],
    "isPrize": true,
    "weight": 900,
    "gc": "Medium",
    "seatCount": 2,
    "bodyStyle": "Coupe",
    "tcs": false,
    "abs": false,
    "enginePos": "Front",
    "fuelType": "Petrol",
    "mra": 59.74,
    "ola": 74.46,
    "description": "A competent super 1600 car with varied success.",
    "card": "https://media.discordapp.net/attachments/819199720249360384/839055984986030080/CD_Ford_Puma_Super_1600.png?width=1410&height=878",
    "333TopSpeed": 147,
    "3330to60": 4.4,
    "333Handling": 93,
    "666TopSpeed": 150,
    "6660to60": 4.1,
    "666Handling": 96,
    "996TopSpeed": 154,
    "9960to60": 3.9,
    "996Handling": 96,
    "969TopSpeed": 154,
    "9690to60": 4.1,
    "969Handling": 100,
    "699TopSpeed": 150,
    "6990to60": 3.9,
    "699Handling": 100,
    "racehud": "https://media.discordapp.net/attachments/995376525119586356/1016990632948015114/puma.png",
    "creator": "Exist"
}