{
    "rq": 40,
    "make": "Fisker",
    "model": "Karma Surf Concept",
    "modelYear": 2011,
    "country": "US",
    "topSpeed": 126,
    "0to60": 6.1,
    "handling": 81,
    "driveType": "RWD",
    "tyreType": "Performance",
    "tags": [
        "Concept",
        "Eco-Friendly",
        "Unique", "Year of the Rabbit"
    ],
    "isPrize": false,
    "weight": 2430,
    "gc": "Low",
    "seatCount": 4,
    "bodyStyle": "Wagon",
    "tcs": true,
    "abs": true,
    "enginePos": "Mixed",
    "fuelType": "Hybrid",
    "mra": 50.83,
    "ola": 81.96,
    "description": "A Karma Wagon, so at least it looks cool while hitting you in the face.",
    "card": "https://media.discordapp.net/attachments/819199720249360384/857808533138964480/image0.png",
    "333TopSpeed": 130,
    "3330to60": 5.8,
    "333Handling": 84,
    "666TopSpeed": 134,
    "6660to60": 5.5,
    "666Handling": 86,
    "699TopSpeed": 134,
    "6990to60": 5.2,
    "699Handling": 90,
    "969TopSpeed": 138,
    "9690to60": 5.5,
    "969Handling": 90,
    "996TopSpeed": 138,
    "9960to60": 5.2,
    "996Handling": 86,
    "racehud": "https://media.discordapp.net/attachments/995376525119586356/1024740583513796628/Fisker_Karma_Surf.png",
    "creator": "Spence"
}