{
    "rq": 5,
    "make": "Ford",
    "model": "LTD Brougham Hardtop Coupe",
    "modelYear": 1972,
    "country": "US",
    "topSpeed": 110,
    "0to60": 11.8,
    "handling": 50,
    "driveType": "RWD",
    "tyreType": "Standard",
    "tags": [],
    "isPrize": false,
    "weight": 2058,
    "gc": "Low",
    "seatCount": 4,
    "bodyStyle": "Coupe",
    "tcs": false,
    "abs": false,
    "enginePos": "Front",
    "fuelType": "Petrol",
    "mra": 41.84,
    "ola": 69.49,
    "description": "Big long thicc, low boy.",
    "card": "https://media.discordapp.net/attachments/819199720249360384/820679683179675698/F.FordLTDBroughamHardtopCoupe.png",
    "333TopSpeed": 115,
    "3330to60": 11.2,
    "333Handling": 52,
    "666TopSpeed": 119,
    "6660to60": 10.6,
    "666Handling": 53,
    "996TopSpeed": 124,
    "9960to60": 10.0,
    "996Handling": 53,
    "969TopSpeed": 124,
    "9690to60": 10.6,
    "969Handling": 56,
    "699TopSpeed": 119,
    "6990to60": 10.0,
    "699Handling": 56,
    "racehud": "https://media.discordapp.net/attachments/995376525119586356/1023201298838994944/ford.png",
    "creator": "Connor"
}