{
    "rq": 32,
    "make": "Ford",
    "model": "Focus ZX5",
    "modelYear": 2002,
    "country": "US",
    "topSpeed": 106,
    "0to60": 9.4,
    "handling": 70,
    "driveType": "FWD",
    "tyreType": "Standard",
    "tags": [],
    "isPrize": false,
    "weight": 1237,
    "gc": "Medium",
    "seatCount": 5,
    "bodyStyle": "Hatchback",
    "tcs": false,
    "abs": false,
    "enginePos": "Front",
    "fuelType": "Petrol",
    "mra": 70.15,
    "ola": 59.85,
    "description": "A Focus but slow.",
    "card": "https://media.discordapp.net/attachments/819199720249360384/819391104738263060/ford_focus_zx5.png",
    "333TopSpeed": 111,
    "3330to60": 8.9,
    "333Handling": 72,
    "666TopSpeed": 116,
    "6660to60": 8.5,
    "666Handling": 75,
    "996TopSpeed": 121,
    "9960to60": 8,
    "996Handling": 75,
    "969TopSpeed": 121,
    "9690to60": 8.5,
    "969Handling": 78,
    "699TopSpeed": 116,
    "6990to60": 8,
    "699Handling": 78,
    "racehud": "https://media.discordapp.net/attachments/995376525119586356/1003308493543047188/focus_zx5.jpg",
    "creator": "Keanny"
}