{
    "rq": 47,
    "make": "Ford",
    "model": "Fiesta ST",
    "modelYear": 2014,
    "country": "GB",
    "topSpeed": 143,
    "0to60": 6.8,
    "handling": 82,
    "driveType": "FWD",
    "tyreType": "Performance",
    "tags": [
        "Hot Hatch",
        "The Royal Collection"
    ],
    "isPrize": false,
    "weight": 1240,
    "gc": "Medium",
    "seatCount": 5,
    "bodyStyle": "Hatchback",
    "tcs": true,
    "abs": true,
    "enginePos": "Front",
    "fuelType": "Petrol",
    "mra": 65.38,
    "ola": 75.49,
    "description": "Focus lil brother with hot hatch performance.",
    "card": "https://media.discordapp.net/attachments/819199720249360384/845882966995763220/image0.jpg",
    "333TopSpeed": 147,
    "3330to60": 6.5,
    "333Handling": 85,
    "666TopSpeed": 150,
    "6660to60": 6.1,
    "666Handling": 87,
    "996TopSpeed": 154,
    "9960to60": 5.8,
    "996Handling": 87,
    "969TopSpeed": 154,
    "9690to60": 6.1,
    "969Handling": 91,
    "699TopSpeed": 150,
    "6990to60": 5.8,
    "699Handling": 91,
    "racehud": "https://media.discordapp.net/attachments/995376525119586356/1017729566925656064/Ford_Fiesta_ST_2014.png",
    "creator": "Spence"
}