{
    "rq": 49,
    "make": "Ferrari",
    "model": "Mythos",
    "modelYear": 1989,
    "country": "IT",
    "topSpeed": 180,
    "0to60": 6.0,
    "handling": 82,
    "driveType": "RWD",
    "tyreType": "Performance",
    "tags": ["Unique","Ultra Expensive","Sleeper","Eargasm","Concept"],
    "isPrize": true,
    "weight": 1250,
    "gc": "Low",
    "seatCount": 2,
    "bodyStyle": "Coupe",
    "tcs": true,
    "abs": true,
    "enginePos": "Middle",
    "fuelType": "Petrol",
    "mra": 83.33,
    "ola": 76.67,
    "description": "None.",
    "card": "https://media.discordapp.net/attachments/819199720249360384/856545432649859082/RariMythos.png",
    "333TopSpeed": 183,
    "3330to60": 5.7,
    "333Handling": 85,
    "666TopSpeed": 186,
    "6660to60": 5.4,
    "666Handling": 87,
    "996TopSpeed": 189,
    "9960to60": 5.1,
    "996Handling": 87,
    "969TopSpeed": 189,
    "9690to60": 5.4,
    "969Handling": 91,
    "699TopSpeed": 186,
    "6990to60": 5.1,
    "699Handling": 91,
    "racehud": "https://media.discordapp.net/attachments/995376525119586356/997643447563472986/Mythos.png",
    "creator": "Bnuuy"
}