{
    "rq": 39,
    "make": "Ford",
    "model": "Focus SVT",
    "modelYear": 2002,
    "country": "US",
    "topSpeed": 133,
    "0to60": 7.5,
    "handling": 79,
    "driveType": "FWD",
    "tyreType": "Performance",
    "tags": [],
    "isPrize": false,
    "weight": 1247,
    "gc": "Medium",
    "seatCount": 5,
    "bodyStyle": "Hatchback",
    "tcs": false,
    "abs": false,
    "enginePos": "Front",
    "fuelType": "Petrol",
    "mra": 59.06,
    "ola": 72,
    "description": "Ploosh's personal ride.",
    "card": "https://media.discordapp.net/attachments/819199720249360384/819572425549283339/SpenceSVT.png",
    "333TopSpeed": 139,
    "3330to60": 7.1,
    "333Handling": 82,
    "666TopSpeed": 143,
    "6660to60": 6.8,
    "666Handling": 84,
    "996TopSpeed": 147,
    "9960to60": 6.4,
    "996Handling": 84,
    "969TopSpeed": 147,
    "9690to60": 6.8,
    "969Handling": 88,
    "699TopSpeed": 143,
    "6990to60": 6.4,
    "699Handling": 88,
    "racehud": "https://media.discordapp.net/attachments/995376525119586356/1006548194886418542/focus_svt.jpg",
    "creator": "Spence"
}