{
    "rq": 74,
    "make": "Ferrari",
    "model": "GG50",
    "modelYear": 2005,
    "country": "IT",
    "topSpeed": 203,
    "0to60": 4.1,
    "handling": 82,
    "driveType": "RWD",
    "tyreType": "Performance",
    "tags": ["Oddity","Unique"],
    "isPrize": false,
    "weight": 1957,
    "gc": "Medium",
    "seatCount": 4,
    "bodyStyle": "Coupe",
    "tcs": true,
    "abs": true,
    "enginePos": "Front",
    "fuelType": "Petrol",
    "mra": 87.23,
    "ola": 97.56,
    "description": "A weird and Unique Ferrari.",
    "card": "https://media.discordapp.net/attachments/819199720249360384/848253601087881267/GG50.png",
    "333TopSpeed": 206,
    "3330to60": 3.9,
    "333Handling": 85,
    "666TopSpeed": 208,
    "6660to60": 3.7,
    "666Handling": 87,
    "996TopSpeed": 211,
    "9960to60": 3.5,
    "996Handling": 87,
    "969TopSpeed": 211,
    "9690to60": 3.7,
    "969Handling": 91,
    "699TopSpeed": 208,
    "6990to60": 3.5,
    "699Handling": 91,
    "racehud": "https://media.discordapp.net/attachments/995376525119586356/996026596601368686/GG50.png",
    "creator": "Bnuuy"
}