{
    "rq": 40,
    "make": "Ford",
    "model": "Taurus SHO",
    "modelYear": 1989,
    "country": "US",
    "topSpeed": 142,
    "0to60": 6.7,
    "handling": 72,
    "driveType": "FWD",
    "tyreType": "Performance",
    "tags": [],
    "isPrize": false,
    "weight": 1519,
    "gc": "Medium",
    "seatCount": 5,
    "bodyStyle": "Sedan",
    "tcs": false,
    "abs": true,
    "enginePos": "Front",
    "fuelType": "Petrol",
    "mra": 60.91,
    "ola": 71.74,
    "description": "",
    "card": "https://media.discordapp.net/attachments/819199720249360384/851581422862860318/sho.png",
    "333TopSpeed": 146,
    "3330to60": 6.4,
    "333Handling": 74,
    "666TopSpeed": 149,
    "6660to60": 6,
    "666Handling": 77,
    "996TopSpeed": 153,
    "9960to60": 5.7,
    "996Handling": 77,
    "969TopSpeed": 153,
    "9690to60": 6,
    "969Handling": 80,
    "699TopSpeed": 149,
    "6990to60": 5.7,
    "699Handling": 80,
    "racehud": "https://cdn.discordapp.com/attachments/1077293403668234340/1100120244447617025/TaurusSHO.png",
    "creator": "McNuggets"
}