{
    "rq": 64,
    "make": "Ford",
    "model": "GT40 Mk II",
    "modelYear": 1966,
    "country": "US",
    "topSpeed": 199,
    "0to60": 4.2,
    "handling": 78,
    "driveType": "RWD",
    "tyreType": "Performance",
    "tags": [
        "Motorsport",
        "Style Icon",
        "Ultra Expensive",
        "Supercar",
        "Unique"
    ],
    "isPrize": true,
    "weight": 1217,
    "gc": "Low",
    "seatCount": 2,
    "bodyStyle": "Coupe",
    "tcs": false,
    "abs": false,
    "enginePos": "Middle",
    "fuelType": "Petrol",
    "mra": 94.62,
    "ola": 107.69,
    "description": "Ford's Ferrari win streak breaker.",
    "card": "https://media.discordapp.net/attachments/819199720249360384/826571127719591956/FordGT40MkII.png",
    "333TopSpeed": 202,
    "3330to60": 4.0,
    "333Handling": 81,
    "666TopSpeed": 204,
    "6660to60": 3.8,
    "666Handling": 83,
    "996TopSpeed": 207,
    "9960to60": 3.6,
    "996Handling": 83,
    "969TopSpeed": 207,
    "9690to60": 3.8,
    "969Handling": 87,
    "699TopSpeed": 204,
    "6990to60": 3.6,
    "699Handling": 87,
    "racehud": "https://media.discordapp.net/attachments/995376525119586356/1016824981830766592/gt40.png",
    "creator": "Havvy"
}