{
    "rq": 69,
    "make": "Ford",
    "model": "Edge Sport AWD",
    "modelYear": 2015,
    "country": "US",
    "topSpeed": 132,
    "0to60": 5.7,
    "handling": 77,
    "driveType": "4WD",
    "tyreType": "All-Surface",
    "tags": [],
    "isPrize": false,
    "weight": 1999,
    "gc": "High",
    "seatCount": 5,
    "bodyStyle": "SUV",
    "tcs": true,
    "abs": true,
    "enginePos": "Front",
    "fuelType": "Petrol",
    "mra": 60.02,
    "ola": 63.16,
    "description": "Making salespeople's lives easier at a dealer near you.",
    "card": "https://media.discordapp.net/attachments/819199720249360384/840250686855184434/edge.png",
    "333TopSpeed": 136,
    "3330to60": 5.4,
    "333Handling": 80,
    "666TopSpeed": 140,
    "6660to60": 5.1,
    "666Handling": 82,
    "996TopSpeed": 144,
    "9960to60": 4.8,
    "996Handling": 82,
    "969TopSpeed": 144,
    "9690to60": 5.1,
    "969Handling": 85,
    "699TopSpeed": 140,
    "6990to60": 4.8,
    "699Handling": 85,
    "racehud": "https://media.discordapp.net/attachments/995376525119586356/1017167437969489930/Ford_Edge_Sport_AWD.png",
    "creator": "Aqo"
}