{
    "rq": 26,
    "make": "Fiat",
    "model": "500 Sport",
    "modelYear": 2012,
    "country": "IT",
    "topSpeed": 111,
    "0to60": 10.1,
    "handling": 74,
    "driveType": "FWD",
    "tyreType": "Standard",
    "tags": [],
    "isPrize": false,
    "weight": 985,
    "gc": "Low",
    "seatCount": 4,
    "bodyStyle": "Hatchback",
    "tcs": true,
    "abs": true,
    "enginePos": "Front",
    "fuelType": "Petrol",
    "mra": 34.83,
    "ola": 57.43,
    "description": "A sporty-ish version of the small 500. Card by Andu",
    "card": "https://media.discordapp.net/attachments/819199720249360384/821493219585163284/500Sport.png",
    "333TopSpeed": 116,
    "3330to60": 9.6,
    "333Handling": 76,
    "666TopSpeed": 120,
    "6660to60": 9.1,
    "666Handling": 79,
    "996TopSpeed": 125,
    "9960to60": 8.6,
    "996Handling": 79,
    "969TopSpeed": 125,
    "9690to60": 9.1,
    "969Handling": 82,
    "699TopSpeed": 120,
    "6990to60": 8.6,
    "699Handling": 82,
    "racehud": "https://media.discordapp.net/attachments/995376525119586356/1050922670054715433/500S.png",
    "creator": "Andu"
}
