{
    "rq": 28,
    "make": "Ford",
    "model": "Escort RS1800",
    "modelYear": 1975,
    "country": "GB",
    "topSpeed": 117,
    "0to60": 8.4,
    "handling": 71,
    "driveType": "RWD",
    "tyreType": "Performance",
    "tags": [
        "The Royal Collection",
        "Street Racer", "Year of the Rabbit"
    ],
    "isPrize": false,
    "weight": 904,
    "gc": "Medium",
    "seatCount": 2,
    "bodyStyle": "Coupe",
    "tcs": false,
    "abs": false,
    "enginePos": "Front",
    "fuelType": "Petrol",
    "mra": 45.41,
    "ola": 69.04,
    "description": "",
    "card": "https://media.discordapp.net/attachments/819199720249360384/851885809959305286/rect7774.png",
    "333TopSpeed": 121,
    "3330to60": 8.0,
    "333Handling": 73,
    "666TopSpeed": 126,
    "6660to60": 7.6,
    "666Handling": 76,
    "996TopSpeed": 130,
    "9960to60": 7.1,
    "996Handling": 76,
    "969TopSpeed": 130,
    "9690to60": 7.6,
    "969Handling": 79,
    "699TopSpeed": 126,
    "6990to60": 7.1,
    "699Handling": 79,
    "racehud": "https://media.discordapp.net/attachments/995376525119586356/1023527413482786907/Ford_Escort_RS1800.png",
    "creator": "Thunk"
}