{
    "rq": 62,
    "make": "Fisker",
    "model": "Tramonto V8",
    "modelYear": 2005,
    "country": "US",
    "topSpeed": 155,
    "0to60": 4.4,
    "handling": 83,
    "driveType": "RWD",
    "tyreType": "Performance",
    "tags": [],
    "isPrize": false,
    "weight": 1905,
    "gc": "Low",
    "seatCount": 2,
    "bodyStyle": "Convertible",
    "tcs": true,
    "abs": true,
    "enginePos": "Front",
    "fuelType": "Petrol",
    "mra": 78.57,
    "ola": 81.82,
    "description": "Yes, before Fisker made the Karma, they rebodied cars so this one is a lighter, rebodied Mercedes SL 55.",
    "card": "https://media.discordapp.net/attachments/819199720249360384/857945761001111572/image0.png",
    "333TopSpeed": 158,
    "3330to60": 4.2,
    "333Handling": 86,
    "666TopSpeed": 162,
    "6660to60": 4.0,
    "666Handling": 88,
    "699TopSpeed": 162,
    "6990to60": 3.7,
    "699Handling": 92,
    "969TopSpeed": 165,
    "9690to60": 4.0,
    "969Handling": 92,
    "996TopSpeed": 165,
    "9960to60": 3.7,
    "996Handling": 88,
    "racehud": "https://media.discordapp.net/attachments/995376525119586356/1019998552086298684/Fisker_Tramonto_V8.png",
    "creator": "Spence"
}