{
    "rq": 65,
    "make": "Ford",
    "model": "Bronco Sport Badlands 4x4",
    "modelYear": 2021,
    "country": "US",
    "topSpeed": 125,
    "0to60": 6.3,
    "handling": 68,
    "driveType": "4WD",
    "tyreType": "Off-Road",
    "tags": [],
    "isPrize": false,
    "weight": 1693,
    "gc": "High",
    "seatCount": 5,
    "bodyStyle": "SUV",
    "tcs": true,
    "abs": true,
    "enginePos": "Front",
    "fuelType": "Petrol",
    "mra": 57.27,
    "ola": 66.67,
    "description": "The Bronco, re-incarnated, except it's actually an Escape-based SUV.",
    "card": "https://media.discordapp.net/attachments/819199720249360384/838227154419843092/Bronco_Sport_Badlands_4x4_21.png",
    "333TopSpeed": 129,
    "3330to60": 6.0,
    "333Handling": 70,
    "666TopSpeed": 133,
    "6660to60": 5.7,
    "666Handling": 72,
    "996TopSpeed": 137,
    "9960to60": 5.4,
    "996Handling": 72,
    "969TopSpeed": 137,
    "9690to60": 5.7,
    "969Handling": 75,
    "699TopSpeed": 133,
    "6990to60": 5.4,
    "699Handling": 75,
    "racehud": "https://media.discordapp.net/attachments/995376525119586356/1018086683356438548/Ford_Bronco_Sport_Badlands.png",
    "creator": "Macan"
}