{
    "rq": 26,
    "make": "Fiat",
    "model": "Croma 2.5 TD",
    "modelYear": 1989,
    "country": "IT",
    "topSpeed": 121,
    "0to60": 10.7,
    "handling": 69,
    "driveType": "FWD",
    "tyreType": "Standard",
    "tags": [
        "The Tyrol Tour"
    ],
    "isPrize": false,
    "weight": 1340,
    "gc": "Medium",
    "seatCount": 5,
    "bodyStyle": "Sedan",
    "tcs": false,
    "abs": false,
    "enginePos": "Front",
    "fuelType": "Diesel",
    "mra": 46.84,
    "ola": 64.29,
    "description": "The essential italian sedan. Card by Andu",
    "card": "https://media.discordapp.net/attachments/819199720249360384/859053557877047336/Croma25TD.png",
    "333TopSpeed": 125,
    "3330to60": 10.2,
    "333Handling": 71,
    "666TopSpeed": 130,
    "6660to60": 9.6,
    "666Handling": 74,
    "996TopSpeed": 134,
    "9960to60": 9.1,
    "996Handling": 74,
    "969TopSpeed": 134,
    "9690to60": 9.6,
    "969Handling": 77,
    "699TopSpeed": 130,
    "6990to60": 9.1,
    "699Handling": 77,
    "racehud": "https://media.discordapp.net/attachments/995376525119586356/1050921330838618214/Croma25TD.png",
    "creator": "Andu"
}
