{
    "rq": 66,
    "make": "Ford",
    "model": "Mustang Mach-E 4X",
    "modelYear": 2021,
    "country": "US",
    "topSpeed": 114,
    "0to60": 5.0,
    "handling": 77,
    "driveType": "4WD",
    "tyreType": "Standard",
    "tags": [
        "Eco-Friendly",
        "Muscle Car"
    ],
    "isPrize": false,
    "weight": 2203,
    "gc": "Medium",
    "seatCount": 5,
    "bodyStyle": "SUV",
    "tcs": true,
    "abs": true,
    "enginePos": "Middle",
    "fuelType": "Electric",
    "mra": 58.82,
    "ola": 76,
    "description": "No, this is not a Mustang but behind that name it lived up to the expectations from the crowd.",
    "card": "https://media.discordapp.net/attachments/819199720249360384/819566629242404894/SpenceMachE.png",
    "333TopSpeed": 119,
    "3330to60": 4.8,
    "333Handling": 80,
    "666TopSpeed": 123,
    "6660to60": 4.5,
    "666Handling": 82,
    "996TopSpeed": 128,
    "9960to60": 4.3,
    "996Handling": 82,
    "969TopSpeed": 128,
    "9690to60": 4.5,
    "969Handling": 85,
    "699TopSpeed": 123,
    "6990to60": 4.3,
    "699Handling": 85,
    "racehud": "https://media.discordapp.net/attachments/995376525119586356/1017733371943718933/Ford_Mustang_Mach-E_4X.png",
    "creator": "Spence"
}